{
  "type": "FeatureCollection",
  "features": [
    {
      "type": "Feature",
      "geometry": {
        "type": "MultiPolygon",
        "coordinates": [
          [
            [
              [
                89.84021305100003,
                21.827843220000034
              ],
              [
                89.84128229800007,
                21.810011211000074
              ],
              [
                89.84811988000007,
                21.80748365200003
              ],
              [
                89.85633441500005,
                21.810072706000028
              ],
              [
                89.84021305100003,
                21.827843220000034
              ]
            ]
          ],
          [
            [
              [
                89.54495396200008,
                21.849524065000026
              ],
              [
                89.53085534200005,
                21.822951052000064
              ],
              [
                89.54887128300004,
                21.80062668100004
              ],
              [
                89.54456491500008,
                21.745778550000068
              ],
              [
                89.56862780300008,
                21.715365388000066
              ],
              [
                89.60558798900007,
                21.71854031600003
              ],
              [
                89.58657722400005,
                21.764342833000057
              ],
              [
                89.60372394600006,
                21.80114992500006
              ],
              [
                89.54495396200008,
                21.849524065000026
              ]
            ]
          ],
          [
            [
              [
                89.86080289500006,
                21.835033252000073
              ],
              [
                89.86329528800007,
                21.85253348300006
              ],
              [
                89.85304751300004,
                21.857783478000044
              ],
              [
                89.85235125700007,
                21.846906949000072
              ],
              [
                89.86080289500006,
                21.835033252000073
              ]
            ]
          ],
          [
            [
              [
                89.65410571500007,
                21.857437557000026
              ],
              [
                89.66060646500006,
                21.869737950000058
              ],
              [
                89.64430046600006,
                21.897814866000033
              ],
              [
                89.63111453600004,
                21.875746139000057
              ],
              [
                89.65410571500007,
                21.857437557000026
              ]
            ]
          ],
          [
            [
              [
                89.56988381400004,
                21.93026301200007
              ],
              [
                89.57294905400005,
                21.933330888000057
              ],
              [
                89.57109837400003,
                21.935333996000054
              ],
              [
                89.56988381400004,
                21.93026301200007
              ]
            ]
          ],
          [
            [
              [
                89.61475867900003,
                21.94672881300005
              ],
              [
                89.57341176800008,
                21.935248540000032
              ],
              [
                89.57531752500006,
                21.931906742000024
              ],
              [
                89.54979036400005,
                21.88599105700007
              ],
              [
                89.55488626900006,
                21.861431680000067
              ],
              [
                89.59316339200006,
                21.87191364000006
              ],
              [
                89.57953730500003,
                21.88932439900003
              ],
              [
                89.58136279100006,
                21.893321211000057
              ],
              [
                89.59225738500004,
                21.898768462000078
              ],
              [
                89.60093853200004,
                21.891051599000036
              ],
              [
                89.58123757500005,
                21.891757908000045
              ],
              [
                89.59434417700004,
                21.871940832000064
              ],
              [
                89.55428771100009,
                21.85626678600005
              ],
              [
                89.61482779200009,
                21.80160674600006
              ],
              [
                89.60955212200008,
                21.764781502000062
              ],
              [
                89.66994257100004,
                21.75511195400003
              ],
              [
                89.69887248200007,
                21.772809014000075
              ],
              [
                89.69675519400005,
                21.79388896000006
              ],
              [
                89.62573719000005,
                21.863711434000038
              ],
              [
                89.64626331800008,
                21.909939612000073
              ],
              [
                89.61475867900003,
                21.94672881300005
              ]
            ]
          ],
          [
            [
              [
                89.54550341900006,
                21.881078311000067
              ],
              [
                89.56941935200007,
                21.933875047000072
              ],
              [
                89.54340602100007,
                21.96057689500003
              ],
              [
                89.54782810300009,
                21.915506640000046
              ],
              [
                89.54550341900006,
                21.881078311000067
              ]
            ]
          ],
          [
            [
              [
                89.71090109900007,
                21.957116559000042
              ],
              [
                89.70376844200007,
                21.986123519000046
              ],
              [
                89.70472636300008,
                22.006252277000044
              ],
              [
                89.69616663300008,
                22.005280671000037
              ],
              [
                89.69312225900006,
                21.942789583000035
              ],
              [
                89.65848663200006,
                21.886689941000043
              ],
              [
                89.67296864300005,
                21.83685490000005
              ],
              [
                89.70630524200004,
                21.845479431000058
              ],
              [
                89.68828067400005,
                21.854784292000033
              ],
              [
                89.69742032700003,
                21.857285864000062
              ],
              [
                89.69451502400005,
                21.86496537100004
              ],
              [
                89.70130167900004,
                21.86409692600006
              ],
              [
                89.70355484800007,
                21.881462013000032
              ],
              [
                89.71238431300009,
                21.88802442900004
              ],
              [
                89.70245814300006,
                21.86314670200005
              ],
              [
                89.69607511600003,
                21.864112783000053
              ],
              [
                89.69880435300007,
                21.857704842000032
              ],
              [
                89.69050879200006,
                21.854628688000048
              ],
              [
                89.70929515400007,
                21.84734108300006
              ],
              [
                89.70817896600005,
                21.834195830000056
              ],
              [
                89.74175962200007,
                21.839988874000028
              ],
              [
                89.71129493700005,
                21.901563813000053
              ],
              [
                89.72720194800007,
                21.92855518500005
              ],
              [
                89.71090109900007,
                21.957116559000042
              ]
            ]
          ],
          [
            [
              [
                89.57364159500008,
                21.941698944000052
              ],
              [
                89.56157309700006,
                21.975228105000042
              ],
              [
                89.60752927800007,
                22.015914947000056
              ],
              [
                89.56847636600008,
                22.037534718000074
              ],
              [
                89.54830161300004,
                21.96190184200003
              ],
              [
                89.57364159500008,
                21.941698944000052
              ]
            ]
          ],
          [
            [
              [
                89.85020440400007,
                21.873226427000077
              ],
              [
                89.87632068600004,
                21.91015674600004
              ],
              [
                89.85634902800007,
                22.028084050000075
              ],
              [
                89.83150554100007,
                22.050099948000025
              ],
              [
                89.82679827800007,
                22.041107056000044
              ],
              [
                89.84132915000004,
                22.02443687600004
              ],
              [
                89.84204292300007,
                22.004979567000078
              ],
              [
                89.83733251100006,
                21.999715968000032
              ],
              [
                89.80520286300003,
                21.989306678000048
              ],
              [
                89.83646983200003,
                21.969452467000053
              ],
              [
                89.84553081600006,
                21.956218401000058
              ],
              [
                89.80895602700008,
                21.923670069000025
              ],
              [
                89.84674925100006,
                21.895215524000037
              ],
              [
                89.85020440400007,
                21.873226427000077
              ]
            ]
          ],
          [
            [
              [
                89.81744599100006,
                22.05578003200003
              ],
              [
                89.77611905300006,
                22.088785174000066
              ],
              [
                89.77153529300006,
                22.077857532000053
              ],
              [
                89.75239990200004,
                22.064778209000053
              ],
              [
                89.75151865700008,
                22.05550209300003
              ],
              [
                89.74203708500005,
                22.051997277000055
              ],
              [
                89.76050034000008,
                22.03057845400008
              ],
              [
                89.75834268200003,
                22.02528526800006
              ],
              [
                89.74299864300008,
                22.01593656500006
              ],
              [
                89.75280242500008,
                22.00600429600007
              ],
              [
                89.75213291700004,
                21.997177343000033
              ],
              [
                89.73735509600004,
                21.99060455600005
              ],
              [
                89.74731365700006,
                21.982923001000074
              ],
              [
                89.74848383400007,
                21.973363361000054
              ],
              [
                89.71521759800004,
                21.961069966000025
              ],
              [
                89.72496038300005,
                21.94111157900005
              ],
              [
                89.73365941500003,
                21.950159976000066
              ],
              [
                89.76734043200008,
                21.951966381000034
              ],
              [
                89.76541714900009,
                21.96134442600004
              ],
              [
                89.77018173400006,
                21.956268331000047
              ],
              [
                89.76878814500003,
                21.951499471000034
              ],
              [
                89.75906612700004,
                21.94778242800004
              ],
              [
                89.73128189400006,
                21.94755864900003
              ],
              [
                89.73182306100006,
                21.920078395000075
              ],
              [
                89.71630160300003,
                21.905422981000072
              ],
              [
                89.74889516300004,
                21.85565908800004
              ],
              [
                89.78002287800007,
                21.86249232700004
              ],
              [
                89.78377846300003,
                21.885421249000046
              ],
              [
                89.75460884700004,
                21.88473721300005
              ],
              [
                89.75010225900007,
                21.887261849000026
              ],
              [
                89.74808800400007,
                21.893713228000024
              ],
              [
                89.78361643100004,
                21.886950729000034
              ],
              [
                89.77560372800008,
                21.904605971000024
              ],
              [
                89.78117945800005,
                21.91902071100003
              ],
              [
                89.77450438600005,
                21.908955239000022
              ],
              [
                89.77069126600009,
                21.908573053000055
              ],
              [
                89.77000963800003,
                21.921745522000037
              ],
              [
                89.77305789800005,
                21.93585203400005
              ],
              [
                89.77189146000006,
                21.909932749000063
              ],
              [
                89.78121387900006,
                21.92085028100007
              ],
              [
                89.78812315300007,
                21.909116763000043
              ],
              [
                89.78305063100004,
                21.869410462000076
              ],
              [
                89.78774241000008,
                21.87752101600006
              ],
              [
                89.79487876300004,
                21.87308693800003
              ],
              [
                89.80237802500005,
                21.879581073000054
              ],
              [
                89.80779975000007,
                21.878151810000077
              ],
              [
                89.81262176200005,
                21.89044573900003
              ],
              [
                89.80811372700003,
                21.877254349000054
              ],
              [
                89.79485828300005,
                21.871755135000058
              ],
              [
                89.78792645500005,
                21.87538453700006
              ],
              [
                89.77743015200008,
                21.833421188000045
              ],
              [
                89.83854633600004,
                21.855006402000072
              ],
              [
                89.84498513600005,
                21.891920992000053
              ],
              [
                89.80668044500004,
                21.91994426900004
              ],
              [
                89.81362297800007,
                21.939840736000065
              ],
              [
                89.84304493600007,
                21.95607854800005
              ],
              [
                89.80356382300005,
                21.988258968000025
              ],
              [
                89.80778464700006,
                21.994383508000055
              ],
              [
                89.84057865600005,
                22.007518007000044
              ],
              [
                89.83992275400004,
                22.021094967000067
              ],
              [
                89.82598236200005,
                22.03695311100006
              ],
              [
                89.82296446400005,
                22.051483387000076
              ],
              [
                89.79724550700007,
                22.04305509200003
              ],
              [
                89.81744599100006,
                22.05578003200003
              ]
            ]
          ],
          [
            [
              [
                89.64903180100004,
                22.098855909000065
              ],
              [
                89.59967632100006,
                22.085464743000045
              ],
              [
                89.59716402300006,
                22.086680756000078
              ],
              [
                89.59695685200006,
                22.091044985000053
              ],
              [
                89.57182191000004,
                22.048932226000034
              ],
              [
                89.57193109600007,
                22.046865325000056
              ],
              [
                89.57972039800006,
                22.046002953000027
              ],
              [
                89.59139083700006,
                22.039020079000068
              ],
              [
                89.58964078700006,
                22.052778525000065
              ],
              [
                89.60090391500006,
                22.065358855000056
              ],
              [
                89.59296077800008,
                22.038357979000068
              ],
              [
                89.56909214600006,
                22.03868992200006
              ],
              [
                89.63460136400005,
                22.030131749000077
              ],
              [
                89.63779450100003,
                22.031920611000032
              ],
              [
                89.62371455400006,
                22.03649278300003
              ],
              [
                89.61938968500004,
                22.04156382700006
              ],
              [
                89.62379508800007,
                22.06020925100006
              ],
              [
                89.62770196500009,
                22.064337889000058
              ],
              [
                89.63271790100003,
                22.06391641700003
              ],
              [
                89.62094304600004,
                22.040154382000026
              ],
              [
                89.63892231600005,
                22.032345743000064
              ],
              [
                89.63600115500003,
                22.02922605200007
              ],
              [
                89.61750901700003,
                22.02524038000007
              ],
              [
                89.59964999700009,
                22.028750239000033
              ],
              [
                89.60877713600007,
                22.01665057100007
              ],
              [
                89.60435065800004,
                22.00141684700003
              ],
              [
                89.56292082300007,
                21.974490871000057
              ],
              [
                89.58667090800003,
                21.950313907000066
              ],
              [
                89.64462081000005,
                21.964982976000044
              ],
              [
                89.64470526200006,
                21.982624245000068
              ],
              [
                89.62515928100004,
                21.97904290300005
              ],
              [
                89.62031320900007,
                21.999111253000024
              ],
              [
                89.62822123800004,
                22.003862323000078
              ],
              [
                89.64014512400007,
                21.99203252600006
              ],
              [
                89.65475120800005,
                22.004063744000064
              ],
              [
                89.65205377900008,
                22.03724261800005
              ],
              [
                89.65640939900004,
                22.051893034000045
              ],
              [
                89.66640215500007,
                22.055140703000063
              ],
              [
                89.64597455200004,
                22.07106675600005
              ],
              [
                89.64903180100004,
                22.098855909000065
              ]
            ]
          ],
          [
            [
              [
                89.74704929600006,
                22.134020387000078
              ],
              [
                89.71293933700008,
                22.128374200000053
              ],
              [
                89.71071253900004,
                22.07392217200004
              ],
              [
                89.67774365700006,
                22.051749519000055
              ],
              [
                89.70446969900007,
                22.034245042000066
              ],
              [
                89.69793395200008,
                22.009086070000023
              ],
              [
                89.70678170200006,
                22.007189912000058
              ],
              [
                89.72838719400005,
                21.968885189000048
              ],
              [
                89.74603243900003,
                21.97551095500006
              ],
              [
                89.73352271500005,
                21.990837511000052
              ],
              [
                89.74937391100008,
                21.999133092000022
              ],
              [
                89.74188117300008,
                22.01771885200003
              ],
              [
                89.75798167000005,
                22.032277201000056
              ],
              [
                89.73907525100003,
                22.052088292000064
              ],
              [
                89.77361062400007,
                22.087134900000024
              ],
              [
                89.74704929600006,
                22.134020387000078
              ]
            ]
          ],
          [
            [
              [
                89.61856883900003,
                22.166726
              ],
              [
                89.59844551800006,
                22.08771665300003
              ],
              [
                89.64907729000004,
                22.100430818000063
              ],
              [
                89.65209402700003,
                22.083926010000027
              ],
              [
                89.64734626200004,
                22.07172386900004
              ],
              [
                89.66797096900007,
                22.055801152000072
              ],
              [
                89.65538370000007,
                22.002296003000026
              ],
              [
                89.63936692100003,
                21.990548873000023
              ],
              [
                89.62368205800004,
                21.999836134000077
              ],
              [
                89.62626899600008,
                21.98100564300006
              ],
              [
                89.64196746400006,
                21.985917030000053
              ],
              [
                89.64838675700008,
                21.981054517000075
              ],
              [
                89.64521128500007,
                21.959390730000052
              ],
              [
                89.62846453300006,
                21.944915627000057
              ],
              [
                89.65721155700004,
                21.902763595000067
              ],
              [
                89.67694167800005,
                21.922691564000047
              ],
              [
                89.67633217700006,
                21.98823547300003
              ],
              [
                89.69897304100004,
                22.03245297600006
              ],
              [
                89.67243036300005,
                22.048571824000078
              ],
              [
                89.66685080700006,
                22.088044826000043
              ],
              [
                89.68302419100007,
                22.095794090000027
              ],
              [
                89.66660309600007,
                22.096521162000045
              ],
              [
                89.66379966500006,
                22.09967746700005
              ],
              [
                89.67536508100005,
                22.141266469000072
              ],
              [
                89.67173685000006,
                22.143151067000076
              ],
              [
                89.66501195700005,
                22.137191647000066
              ],
              [
                89.65816131400004,
                22.137367164000068
              ],
              [
                89.61856883900003,
                22.166726
              ]
            ]
          ],
          [
            [
              [
                89.89121769100007,
                22.150058757000068
              ],
              [
                89.88608040900004,
                22.166753093000068
              ],
              [
                89.89054189200004,
                22.147260678000066
              ],
              [
                89.89121769100007,
                22.150058757000068
              ]
            ]
          ],
          [
            [
              [
                89.61982998400003,
                22.271057434000056
              ],
              [
                89.61546677500007,
                22.278552038000043
              ],
              [
                89.61369161400006,
                22.28098169200007
              ],
              [
                89.62358140200007,
                22.292864833000067
              ],
              [
                89.61256778900008,
                22.297465259000035
              ],
              [
                89.59365627000005,
                22.275888051000038
              ],
              [
                89.59310528200007,
                22.22774594300006
              ],
              [
                89.55407845600007,
                22.209504090000053
              ],
              [
                89.60430050200006,
                22.12816143400005
              ],
              [
                89.60560683400007,
                22.180580031000034
              ],
              [
                89.61806906900006,
                22.198456113000077
              ],
              [
                89.60351827000005,
                22.20962834100004
              ],
              [
                89.60018322300004,
                22.226289217000044
              ],
              [
                89.60413254700006,
                22.23145290700006
              ],
              [
                89.62038856000004,
                22.21539176600004
              ],
              [
                89.60392533700008,
                22.24713412500006
              ],
              [
                89.61958539800008,
                22.257067387000063
              ],
              [
                89.60841137200003,
                22.26862015300003
              ],
              [
                89.60991252200006,
                22.271240860000034
              ],
              [
                89.61982998400003,
                22.271057434000056
              ]
            ]
          ],
          [
            [
              [
                89.80104671600003,
                22.94125997900005
              ],
              [
                89.78761220700005,
                22.982084823000037
              ],
              [
                89.74916269300007,
                22.96390688200006
              ],
              [
                89.72828638200008,
                22.89577207900004
              ],
              [
                89.69530011600006,
                22.87439362500004
              ],
              [
                89.71782072500008,
                22.848350636000077
              ],
              [
                89.71118419400005,
                22.825427760000025
              ],
              [
                89.67584581800008,
                22.812647498000047
              ],
              [
                89.65422211100008,
                22.75499445300005
              ],
              [
                89.64420517600007,
                22.774118748000035
              ],
              [
                89.61124771300007,
                22.773978928000076
              ],
              [
                89.58528907600004,
                22.71747053100006
              ],
              [
                89.60267147500008,
                22.702130553000075
              ],
              [
                89.56977053900005,
                22.69111979400003
              ],
              [
                89.57906227900008,
                22.668532827000035
              ],
              [
                89.55646890300005,
                22.67841571500003
              ],
              [
                89.53227664700006,
                22.608451056000035
              ],
              [
                89.56837371300008,
                22.55435492400005
              ],
              [
                89.63640877300008,
                22.34963198300005
              ],
              [
                89.61496355800006,
                22.30069446300007
              ],
              [
                89.62554887100003,
                22.294425239000077
              ],
              [
                89.61498562400004,
                22.28023210400005
              ],
              [
                89.62489789100005,
                22.276091386000076
              ],
              [
                89.61769897400006,
                22.268317891000038
              ],
              [
                89.60950507700005,
                22.26941045500007
              ],
              [
                89.62090410500008,
                22.257189889000074
              ],
              [
                89.60514118400005,
                22.247560562000047
              ],
              [
                89.62192031900008,
                22.216199381000024
              ],
              [
                89.62052850300006,
                22.213864453000042
              ],
              [
                89.61656006700008,
                22.21502057400005
              ],
              [
                89.60283485400004,
                22.22945233100006
              ],
              [
                89.61958552300007,
                22.19834475600004
              ],
              [
                89.60689264000007,
                22.178973339000038
              ],
              [
                89.67756421600006,
                22.14183914800003
              ],
              [
                89.66552198700003,
                22.09980833000003
              ],
              [
                89.68404519500007,
                22.098354508000057
              ],
              [
                89.68177302800007,
                22.091726161000054
              ],
              [
                89.66899656800007,
                22.087754435000022
              ],
              [
                89.68508205500007,
                22.06700243000006
              ],
              [
                89.70446621600007,
                22.07163996500003
              ],
              [
                89.70893592100003,
                22.129646329000025
              ],
              [
                89.68959326300006,
                22.17856009700006
              ],
              [
                89.69557874900005,
                22.19085358600006
              ],
              [
                89.70937206300005,
                22.18789292500003
              ],
              [
                89.70983423700005,
                22.19946759800007
              ],
              [
                89.68931262300003,
                22.192736143000047
              ],
              [
                89.69207768900009,
                22.214029939000056
              ],
              [
                89.68726295900007,
                22.217236126000046
              ],
              [
                89.67743412900006,
                22.208306291000042
              ],
              [
                89.67411705000006,
                22.207321156000035
              ],
              [
                89.67282551500006,
                22.208343112000023
              ],
              [
                89.67603055500007,
                22.238051744000074
              ],
              [
                89.65785632000006,
                22.239829281000027
              ],
              [
                89.64454952700004,
                22.244055025000023
              ],
              [
                89.63677360600008,
                22.24844852600006
              ],
              [
                89.63899679000008,
                22.25158384100007
              ],
              [
                89.66497310200003,
                22.250979958000073
              ],
              [
                89.67474115300007,
                22.256947728000057
              ],
              [
                89.65196278400003,
                22.26068786600007
              ],
              [
                89.65163033700009,
                22.262781119000067
              ],
              [
                89.65250753700008,
                22.263628828000037
              ],
              [
                89.66588098400007,
                22.271618585000056
              ],
              [
                89.66213516500005,
                22.277687203000028
              ],
              [
                89.64552304200004,
                22.28295148600006
              ],
              [
                89.64298514300003,
                22.287750146000064
              ],
              [
                89.66960234600003,
                22.27582994100004
              ],
              [
                89.66407077200006,
                22.268800689000045
              ],
              [
                89.65195628600009,
                22.261720296000078
              ],
              [
                89.67404241300005,
                22.25849570200006
              ],
              [
                89.67578640600004,
                22.256909162000056
              ],
              [
                89.67357772500009,
                22.25379893300004
              ],
              [
                89.66374063900008,
                22.250054789000046
              ],
              [
                89.63775188700004,
                22.249193211000033
              ],
              [
                89.67686180700008,
                22.23870273600005
              ],
              [
                89.67414532600009,
                22.208205729000042
              ],
              [
                89.73477902500008,
                22.277214254000057
              ],
              [
                89.70371239900004,
                22.272969499000055
              ],
              [
                89.70000119200006,
                22.27848543700003
              ],
              [
                89.70550980500008,
                22.30591245100004
              ],
              [
                89.69195350700005,
                22.31597481700004
              ],
              [
                89.67683739800003,
                22.33669804300007
              ],
              [
                89.66640254900005,
                22.363879564000058
              ],
              [
                89.63981008500008,
                22.364734750000025
              ],
              [
                89.66692239000008,
                22.36660357900007
              ],
              [
                89.70135375600006,
                22.312202548000073
              ],
              [
                89.70563629800006,
                22.341514775000064
              ],
              [
                89.71419532200008,
                22.350319511000066
              ],
              [
                89.70356992300003,
                22.278397131000077
              ],
              [
                89.73768732400004,
                22.279896790000066
              ],
              [
                89.69206861700007,
                22.196783396000058
              ],
              [
                89.70747709500006,
                22.20354690000005
              ],
              [
                89.71398683000007,
                22.19826518700006
              ],
              [
                89.71110836800005,
                22.18558773500007
              ],
              [
                89.69407923800009,
                22.183198686000026
              ],
              [
                89.71266536600007,
                22.131083197000066
              ],
              [
                89.74160467400009,
                22.136509879000073
              ],
              [
                89.74033325600004,
                22.16187988300004
              ],
              [
                89.74499633400006,
                22.186269365000044
              ],
              [
                89.73257256700003,
                22.192945604000045
              ],
              [
                89.72975747000004,
                22.200997063000045
              ],
              [
                89.73368531800008,
                22.221151812000073
              ],
              [
                89.75075994700006,
                22.199739497000053
              ],
              [
                89.75376066200005,
                22.253124279000076
              ],
              [
                89.76198128400006,
                22.260345053000037
              ],
              [
                89.75312181800007,
                22.20001045400005
              ],
              [
                89.74727513400006,
                22.196412304000035
              ],
              [
                89.73663682100005,
                22.209321630000034
              ],
              [
                89.73108723400009,
                22.19859612700003
              ],
              [
                89.74743531000007,
                22.186688745000026
              ],
              [
                89.74404964600006,
                22.138497636000068
              ],
              [
                89.80098586700007,
                22.07230251900006
              ],
              [
                89.83675459400007,
                22.12316153200004
              ],
              [
                89.81057911700003,
                22.14017509000007
              ],
              [
                89.81467261500006,
                22.149967489000062
              ],
              [
                89.83438336800003,
                22.163195356000074
              ],
              [
                89.80486968900004,
                22.20891376900005
              ],
              [
                89.80789554700004,
                22.220079334000047
              ],
              [
                89.83682022300007,
                22.164034628000024
              ],
              [
                89.81326831500007,
                22.14458756700003
              ],
              [
                89.83768627800004,
                22.127465133000044
              ],
              [
                89.84200860900006,
                22.116569264000077
              ],
              [
                89.80561098200008,
                22.07512854600003
              ],
              [
                89.84445266600005,
                22.06340937400006
              ],
              [
                89.88406360700003,
                22.114868813000044
              ],
              [
                89.88512652000009,
                22.182034591000047
              ],
              [
                89.85785879200006,
                22.269324685000072
              ],
              [
                89.90165149900008,
                22.37260509200007
              ],
              [
                89.87105595000008,
                22.419131708000066
              ],
              [
                89.94453716500004,
                22.465836438000053
              ],
              [
                89.89470103200006,
                22.475794017000055
              ],
              [
                89.88221233000007,
                22.49759085200003
              ],
              [
                89.96962125800007,
                22.501441726000053
              ],
              [
                89.92339242100007,
                22.510298973000033
              ],
              [
                89.96236277200006,
                22.593198323000024
              ],
              [
                89.91998355400005,
                22.606683505000035
              ],
              [
                89.92697483500007,
                22.641820695000035
              ],
              [
                89.89010838100006,
                22.66318461700007
              ],
              [
                89.93688224300007,
                22.680218146000072
              ],
              [
                89.86141146200004,
                22.698648241000058
              ],
              [
                89.93200057200005,
                22.724181672000043
              ],
              [
                89.93138333800005,
                22.75238187900004
              ],
              [
                89.90446610600009,
                22.77256392000004
              ],
              [
                89.93825779700006,
                22.784943284000065
              ],
              [
                89.91400352300008,
                22.799757854000063
              ],
              [
                89.94465820400006,
                22.82605282700007
              ],
              [
                89.94378017500009,
                22.85649355000004
              ],
              [
                89.91945533900008,
                22.881058061000033
              ],
              [
                89.85089666400006,
                22.887996642000076
              ],
              [
                89.86500080900004,
                22.903072811000072
              ],
              [
                89.80104671600003,
                22.94125997900005
              ]
            ]
          ]
        ]
      },
      "properties": {
        "id": "bgd-adm2-16705992b77600989823530",
        "name": "Bagerhat",
        "level": "admin",
        "admin_level": "district",
        "status": "official",
        "confidence": "high",
        "source_url": "https://www.geoboundaries.org/api/current/gbOpen/BGD/ADM2/",
        "source_license": "CC-BY 4.0 (geoBoundaries gbOpen)",
        "retrieved_at": "2026-08-23T10:15:21Z"
      }
    },
    {
      "type": "Feature",
      "geometry": {
        "type": "Polygon",
        "coordinates": [
          [
            [
              92.61390871200007,
              21.851907425000036
            ],
            [
              92.52400980900006,
              22.024696176000077
            ],
            [
              92.46163628300008,
              22.256451119000076
            ],
            [
              92.36193291900008,
              22.340862961000028
            ],
            [
              92.28089496200005,
              22.35569106500003
            ],
            [
              92.20825753200006,
              22.330458148000048
            ],
            [
              92.14593679800004,
              22.347740998000063
            ],
            [
              92.13762656100005,
              22.234465799000077
            ],
            [
              92.17323481800008,
              22.11287731500005
            ],
            [
              92.14117012900005,
              22.09167331200007
            ],
            [
              92.17644738600006,
              22.063953449000053
            ],
            [
              92.16131192600005,
              22.043631921000042
            ],
            [
              92.17745590700008,
              22.02435359900005
            ],
            [
              92.21605208000005,
              22.00561366200003
            ],
            [
              92.20098873000006,
              21.989389982000034
            ],
            [
              92.21407967800008,
              21.974773179000067
            ],
            [
              92.18073795400005,
              21.942961341000057
            ],
            [
              92.15983631500006,
              21.945394814000053
            ],
            [
              92.17453910000006,
              21.909844425000074
            ],
            [
              92.12971878600007,
              21.90157451700003
            ],
            [
              92.11794121000008,
              21.934568739000042
            ],
            [
              92.05957633000008,
              21.90276497700006
            ],
            [
              92.08087879400006,
              21.88848000200005
            ],
            [
              92.08051918500007,
              21.809926177000023
            ],
            [
              92.13067464100004,
              21.79993922700004
            ],
            [
              92.14813295800008,
              21.777266110000028
            ],
            [
              92.17965809500004,
              21.791388451000046
            ],
            [
              92.18966411400004,
              21.776232617000062
            ],
            [
              92.16720434500007,
              21.84033566200003
            ],
            [
              92.18031771300008,
              21.84776637600004
            ],
            [
              92.21235719100008,
              21.786539496000046
            ],
            [
              92.18869385800008,
              21.773853907000046
            ],
            [
              92.17643089900008,
              21.789174037000066
            ],
            [
              92.15820027700005,
              21.73458872300006
            ],
            [
              92.11579776400004,
              21.741114570000036
            ],
            [
              92.11420814700006,
              21.705700231000037
            ],
            [
              92.09229933000006,
              21.688654851000024
            ],
            [
              92.11220547600004,
              21.666029396000056
            ],
            [
              92.09879564400006,
              21.643906409000067
            ],
            [
              92.14749938100005,
              21.59566054800007
            ],
            [
              92.17368248200006,
              21.599782928000025
            ],
            [
              92.18468222100006,
              21.568512312000053
            ],
            [
              92.15900560900008,
              21.54104785000004
            ],
            [
              92.16922865900005,
              21.513728566000054
            ],
            [
              92.18563906900005,
              21.500981182000032
            ],
            [
              92.20142725200003,
              21.51407084400006
            ],
            [
              92.23981591900008,
              21.47265840400007
            ],
            [
              92.22936900800005,
              21.446342711000057
            ],
            [
              92.24561646600006,
              21.40126587900005
            ],
            [
              92.20188080600008,
              21.390525511000078
            ],
            [
              92.18779267600007,
              21.426484543000072
            ],
            [
              92.16397900500004,
              21.431925040000067
            ],
            [
              92.12646001400003,
              21.400690627000074
            ],
            [
              92.15185509500003,
              21.321760227000027
            ],
            [
              92.19270036400007,
              21.26663082600004
            ],
            [
              92.16624098600005,
              21.221006758000044
            ],
            [
              92.17394756700008,
              21.185269772000026
            ],
            [
              92.21805629300007,
              21.231896404000054
            ],
            [
              92.19776015500008,
              21.319633375000024
            ],
            [
              92.25880615800008,
              21.36217825800003
            ],
            [
              92.26907105600009,
              21.428201571000045
            ],
            [
              92.32851673800008,
              21.41907588500004
            ],
            [
              92.34347101500003,
              21.466879196000036
            ],
            [
              92.38097549400004,
              21.47986773200006
            ],
            [
              92.42809569200006,
              21.42357494500004
            ],
            [
              92.43881551500004,
              21.365177892000077
            ],
            [
              92.49911058700008,
              21.36106563000004
            ],
            [
              92.55793592000003,
              21.383885861000067
            ],
            [
              92.59620362300006,
              21.244077865000065
            ],
            [
              92.68025738200004,
              21.285618725000063
            ],
            [
              92.60900808100007,
              21.584655961000067
            ],
            [
              92.61390871200007,
              21.851907425000036
            ]
          ]
        ]
      },
      "properties": {
        "id": "bgd-adm2-16705992b23463827258150",
        "name": "Bandarban",
        "level": "admin",
        "admin_level": "district",
        "status": "official",
        "confidence": "high",
        "source_url": "https://www.geoboundaries.org/api/current/gbOpen/BGD/ADM2/",
        "source_license": "CC-BY 4.0 (geoBoundaries gbOpen)",
        "retrieved_at": "2026-08-23T10:15:21Z"
      }
    },
    {
      "type": "Feature",
      "geometry": {
        "type": "MultiPolygon",
        "coordinates": [
          [
            [
              [
                89.87520979800007,
                22.083075136000048
              ],
              [
                89.88495401200004,
                22.083904708000034
              ],
              [
                89.88289639700008,
                22.09102669600003
              ],
              [
                89.87520979800007,
                22.083075136000048
              ]
            ]
          ],
          [
            [
              [
                89.89028528400007,
                22.153983362000076
              ],
              [
                89.89092844900006,
                22.158267821000038
              ],
              [
                89.88911059200007,
                22.158180768000022
              ],
              [
                89.89028528400007,
                22.153983362000076
              ]
            ]
          ],
          [
            [
              [
                90.19491935400004,
                22.413610663000043
              ],
              [
                90.24032398200006,
                22.485040231000028
              ],
              [
                90.18809159100005,
                22.480173921000073
              ],
              [
                90.17556257900009,
                22.43139962500004
              ],
              [
                90.11586866900006,
                22.36440453800003
              ],
              [
                90.04967173700004,
                22.33597934900007
              ],
              [
                90.05316826400008,
                22.31496478200006
              ],
              [
                90.02398617100005,
                22.29310643900004
              ],
              [
                90.01864841000008,
                22.230431016000068
              ],
              [
                89.99777313000004,
                22.228692102000025
              ],
              [
                89.99082026700006,
                22.198733193000066
              ],
              [
                89.96721541400007,
                22.220463562000077
              ],
              [
                89.95763768600006,
                22.171421913000074
              ],
              [
                89.90719307400008,
                22.15876038400006
              ],
              [
                89.90102669800007,
                22.072387140000046
              ],
              [
                89.93833954300004,
                21.958860832000028
              ],
              [
                89.95753661400005,
                21.946675724000045
              ],
              [
                89.98658961100006,
                21.956304876000047
              ],
              [
                89.97186909800007,
                22.030487110000024
              ],
              [
                90.02264157300004,
                22.081068927000047
              ],
              [
                90.01635170900005,
                22.128819427000053
              ],
              [
                90.06021169800005,
                22.16093576000003
              ],
              [
                90.02333746800008,
                22.173566347000076
              ],
              [
                90.01975836000008,
                22.187663943000075
              ],
              [
                90.07073235200005,
                22.160203979000073
              ],
              [
                90.03474711900003,
                22.128481989000022
              ],
              [
                90.02893332600007,
                22.052898708000043
              ],
              [
                89.98703492200008,
                22.03516414300003
              ],
              [
                90.01779675000006,
                21.982858512000064
              ],
              [
                90.05634125900008,
                21.978501874000074
              ],
              [
                90.08583832000005,
                22.059763109000073
              ],
              [
                90.15124943400008,
                22.12094862400005
              ],
              [
                90.20277420000008,
                22.12395602500004
              ],
              [
                90.21023991800007,
                22.152780875000076
              ],
              [
                90.22385265000008,
                22.14517045100007
              ],
              [
                90.19839068500005,
                22.108065528000054
              ],
              [
                90.15889219400003,
                22.114711803000034
              ],
              [
                90.09029901300005,
                22.04147443000005
              ],
              [
                90.07115915500003,
                21.969676588000027
              ],
              [
                90.02856134100006,
                21.945211436000022
              ],
              [
                90.02399003300008,
                21.883777632000033
              ],
              [
                90.05310655600005,
                21.862663870000063
              ],
              [
                90.07653803100004,
                21.86232008500008
              ],
              [
                90.11112166500004,
                21.923040770000057
              ],
              [
                90.14283411500008,
                21.93145250500004
              ],
              [
                90.13262784400007,
                21.953312510000046
              ],
              [
                90.15378616400005,
                21.98281581300006
              ],
              [
                90.19117240200006,
                21.984693119000042
              ],
              [
                90.17857082200004,
                22.021414657000037
              ],
              [
                90.20234203800004,
                22.021791049000058
              ],
              [
                90.21131108500003,
                22.049280372000055
              ],
              [
                90.18642129200003,
                22.085111652000023
              ],
              [
                90.19982380300007,
                22.091942003000042
              ],
              [
                90.20686660700005,
                22.069211723000024
              ],
              [
                90.23301503500005,
                22.062144327000055
              ],
              [
                90.23927562500006,
                22.044512593000036
              ],
              [
                90.22106141600005,
                22.03460611500003
              ],
              [
                90.24836941300003,
                22.020195270000045
              ],
              [
                90.34652669400003,
                22.11023321700003
              ],
              [
                90.33647590800007,
                22.164984228000037
              ],
              [
                90.37191497200007,
                22.19774017700007
              ],
              [
                90.35100998000007,
                22.196417315000076
              ],
              [
                90.35957341400007,
                22.231713639000077
              ],
              [
                90.32839675100007,
                22.24538857400006
              ],
              [
                90.33400045300004,
                22.263478415000066
              ],
              [
                90.28696922200004,
                22.235040265000066
              ],
              [
                90.29012238000007,
                22.25769775200007
              ],
              [
                90.24590459600006,
                22.26171725200004
              ],
              [
                90.22495844100007,
                22.217121960000043
              ],
              [
                90.16140429400008,
                22.246625144000063
              ],
              [
                90.14787659000007,
                22.27319952600004
              ],
              [
                90.15939239000005,
                22.32159944600005
              ],
              [
                90.13827050800006,
                22.343101454000077
              ],
              [
                90.17594142300004,
                22.324300798000024
              ],
              [
                90.19491935400004,
                22.413610663000043
              ]
            ]
          ]
        ]
      },
      "properties": {
        "id": "bgd-adm2-16705992b13795829103768",
        "name": "Barguna",
        "level": "admin",
        "admin_level": "district",
        "status": "official",
        "confidence": "high",
        "source_url": "https://www.geoboundaries.org/api/current/gbOpen/BGD/ADM2/",
        "source_license": "CC-BY 4.0 (geoBoundaries gbOpen)",
        "retrieved_at": "2026-08-23T10:15:21Z"
      }
    },
    {
      "type": "Feature",
      "geometry": {
        "type": "MultiPolygon",
        "coordinates": [
          [
            [
              [
                90.54677855600005,
                22.592538534000028
              ],
              [
                90.55079760700005,
                22.59832104000003
              ],
              [
                90.54240957800005,
                22.60490437900006
              ],
              [
                90.54677855600005,
                22.592538534000028
              ]
            ]
          ],
          [
            [
              [
                90.53528661900003,
                22.610637861000043
              ],
              [
                90.53705631400004,
                22.60704952800006
              ],
              [
                90.53991319500005,
                22.60704897900007
              ],
              [
                90.53528661900003,
                22.610637861000043
              ]
            ]
          ],
          [
            [
              [
                90.53799536600008,
                22.58987191700004
              ],
              [
                90.52644531700008,
                22.61628097600004
              ],
              [
                90.52513572300006,
                22.64055113200004
              ],
              [
                90.52325214400008,
                22.578365071000064
              ],
              [
                90.53799536600008,
                22.58987191700004
              ]
            ]
          ],
          [
            [
              [
                90.56023698700005,
                22.699176092000073
              ],
              [
                90.52187101500004,
                22.700966299000072
              ],
              [
                90.52249895000006,
                22.640553818000058
              ],
              [
                90.52517179200004,
                22.68392405000003
              ],
              [
                90.56023698700005,
                22.699176092000073
              ]
            ]
          ],
          [
            [
              [
                90.52646294200008,
                22.708296978000078
              ],
              [
                90.53658857300007,
                22.715146916000037
              ],
              [
                90.52915642700003,
                22.725401348000048
              ],
              [
                90.52646294200008,
                22.708296978000078
              ]
            ]
          ],
          [
            [
              [
                90.45752385400004,
                22.754925737000065
              ],
              [
                90.45235819100003,
                22.767034459000058
              ],
              [
                90.44183062600007,
                22.763287614000035
              ],
              [
                90.44279862800005,
                22.759890836000068
              ],
              [
                90.45752385400004,
                22.754925737000065
              ]
            ]
          ],
          [
            [
              [
                90.56351681300004,
                22.705709667000065
              ],
              [
                90.57348527600004,
                22.73009948400005
              ],
              [
                90.55989043300008,
                22.768769576000068
              ],
              [
                90.54346207900005,
                22.724746701000072
              ],
              [
                90.56120035400005,
                22.70621889000006
              ],
              [
                90.55963452400005,
                22.72027831200006
              ],
              [
                90.56341676000005,
                22.73790411300007
              ],
              [
                90.56473618500007,
                22.739190119000057
              ],
              [
                90.56351681300004,
                22.705709667000065
              ]
            ]
          ],
          [
            [
              [
                90.49601500100005,
                22.798974960000066
              ],
              [
                90.49630909100006,
                22.799638292000054
              ],
              [
                90.49580550300004,
                22.799812059000033
              ],
              [
                90.49601500100005,
                22.798974960000066
              ]
            ]
          ],
          [
            [
              [
                90.52465783200006,
                22.72135304300008
              ],
              [
                90.52928870200003,
                22.786444697000036
              ],
              [
                90.51454955200006,
                22.801502923000044
              ],
              [
                90.48494003700006,
                22.753697586000044
              ],
              [
                90.50742862800007,
                22.717882157000076
              ],
              [
                90.52465783200006,
                22.72135304300008
              ]
            ]
          ],
          [
            [
              [
                90.53312260700005,
                22.736015018000046
              ],
              [
                90.58216964700006,
                22.803379134000068
              ],
              [
                90.53495381100004,
                22.77611519900006
              ],
              [
                90.53312260700005,
                22.736015018000046
              ]
            ]
          ],
          [
            [
              [
                90.49344406700004,
                22.818784098000037
              ],
              [
                90.50515882400003,
                22.81426594100003
              ],
              [
                90.50704869000003,
                22.81987650800005
              ],
              [
                90.49344406700004,
                22.818784098000037
              ]
            ]
          ],
          [
            [
              [
                90.52022389500007,
                22.877435733000027
              ],
              [
                90.49466468800006,
                22.866988812000045
              ],
              [
                90.48553657500008,
                22.845840809000038
              ],
              [
                90.48729000500003,
                22.845740035000063
              ],
              [
                90.52022389500007,
                22.877435733000027
              ]
            ]
          ],
          [
            [
              [
                90.65141618400008,
                22.848095753000052
              ],
              [
                90.53356774500008,
                22.888995472000033
              ],
              [
                90.49091112500008,
                22.84869245300007
              ],
              [
                90.48565545400004,
                22.79932866400003
              ],
              [
                90.49719261100006,
                22.839207587000033
              ],
              [
                90.50907568200006,
                22.818914190000044
              ],
              [
                90.49561602000006,
                22.801975046000052
              ],
              [
                90.51413529800004,
                22.804545440000027
              ],
              [
                90.54064870000008,
                22.79441930200005
              ],
              [
                90.65141618400008,
                22.848095753000052
              ]
            ]
          ],
          [
            [
              [
                90.59969450100004,
                22.88589060000004
              ],
              [
                90.60328096000006,
                22.89634549400006
              ],
              [
                90.60193542800005,
                22.896756528000026
              ],
              [
                90.59969450100004,
                22.88589060000004
              ]
            ]
          ],
          [
            [
              [
                90.68711768000009,
                22.90616413200007
              ],
              [
                90.68630147500005,
                22.903461657000037
              ],
              [
                90.68913545500004,
                22.903749180000034
              ],
              [
                90.68711768000009,
                22.90616413200007
              ]
            ]
          ],
          [
            [
              [
                90.59693382200004,
                22.911011289000044
              ],
              [
                90.57520672700008,
                22.906918051000048
              ],
              [
                90.56034922000003,
                22.89516401000003
              ],
              [
                90.59691187300007,
                22.883570475000056
              ],
              [
                90.59693382200004,
                22.911011289000044
              ]
            ]
          ],
          [
            [
              [
                90.67852825200004,
                22.911745723000024
              ],
              [
                90.66550384400006,
                22.92848341900003
              ],
              [
                90.67113267000008,
                22.90828806600007
              ],
              [
                90.67852825200004,
                22.911745723000024
              ]
            ]
          ],
          [
            [
              [
                90.67120377000003,
                22.926315742000043
              ],
              [
                90.67141494100008,
                22.92995916900003
              ],
              [
                90.66753749300005,
                22.92854150100004
              ],
              [
                90.67120377000003,
                22.926315742000043
              ]
            ]
          ],
          [
            [
              [
                90.65897841800006,
                22.902411461000042
              ],
              [
                90.65276311500008,
                22.929778938000027
              ],
              [
                90.64620796400004,
                22.91866837500004
              ],
              [
                90.65897841800006,
                22.902411461000042
              ]
            ]
          ],
          [
            [
              [
                90.63961553300004,
                22.932366263000063
              ],
              [
                90.64251381200006,
                22.934027396000033
              ],
              [
                90.64200587400006,
                22.935798264000027
              ],
              [
                90.63961553300004,
                22.932366263000063
              ]
            ]
          ],
          [
            [
              [
                90.65592899300003,
                22.933446914000058
              ],
              [
                90.65502627700005,
                22.938899907000064
              ],
              [
                90.65274376000008,
                22.936423492000074
              ],
              [
                90.65592899300003,
                22.933446914000058
              ]
            ]
          ],
          [
            [
              [
                90.64767636200008,
                22.940238753000074
              ],
              [
                90.65134753900008,
                22.941705735000028
              ],
              [
                90.64995908400005,
                22.942763228000047
              ],
              [
                90.64767636200008,
                22.940238753000074
              ]
            ]
          ],
          [
            [
              [
                90.68873005900008,
                22.91614839700003
              ],
              [
                90.66328533400008,
                22.94278035700006
              ],
              [
                90.68618805400007,
                22.910835476000045
              ],
              [
                90.68873005900008,
                22.91614839700003
              ]
            ]
          ],
          [
            [
              [
                90.47361356800008,
                22.982732232000046
              ],
              [
                90.44333163100004,
                23.005812503000072
              ],
              [
                90.41279656000006,
                23.00001545400005
              ],
              [
                90.47361356800008,
                22.982732232000046
              ]
            ]
          ],
          [
            [
              [
                90.60174161500004,
                23.009920452000074
              ],
              [
                90.59811959200005,
                23.008150689000047
              ],
              [
                90.59935273300005,
                23.00675943600004
              ],
              [
                90.60174161500004,
                23.009920452000074
              ]
            ]
          ],
          [
            [
              [
                90.59629427100003,
                23.016352350000034
              ],
              [
                90.59035837600004,
                23.004546782000034
              ],
              [
                90.59240750200007,
                23.00090609800003
              ],
              [
                90.59629427100003,
                23.016352350000034
              ]
            ]
          ],
          [
            [
              [
                90.47571411400008,
                23.007582789000026
              ],
              [
                90.48303334300005,
                22.974816582000074
              ],
              [
                90.53401872000006,
                22.93024531900005
              ],
              [
                90.53951221400007,
                22.896908964000033
              ],
              [
                90.58821840800005,
                22.92097194100006
              ],
              [
                90.58692996600007,
                22.945307248000063
              ],
              [
                90.51463961300004,
                23.03231717500006
              ],
              [
                90.47571411400008,
                23.007582789000026
              ]
            ]
          ],
          [
            [
              [
                90.56683518000006,
                23.043525672000044
              ],
              [
                90.57287257000007,
                23.021245624000073
              ],
              [
                90.58782919900005,
                22.992845222000028
              ],
              [
                90.58866270600004,
                23.02543440200003
              ],
              [
                90.56683518000006,
                23.043525672000044
              ]
            ]
          ],
          [
            [
              [
                90.52833967300006,
                23.056741842000065
              ],
              [
                90.52565284400004,
                23.05660739600006
              ],
              [
                90.52661460200005,
                23.05148971400007
              ],
              [
                90.52833967300006,
                23.056741842000065
              ]
            ]
          ],
          [
            [
              [
                90.575338,
                22.99982180300003
              ],
              [
                90.54830779900004,
                23.059733270000038
              ],
              [
                90.54155540700003,
                23.035122482000077
              ],
              [
                90.54615842700008,
                23.01101508800008
              ],
              [
                90.56756805600008,
                22.993874927000036
              ],
              [
                90.54993610800005,
                23.01897721100005
              ],
              [
                90.575338,
                22.99982180300003
              ]
            ]
          ],
          [
            [
              [
                90.52360960400006,
                23.06244623200007
              ],
              [
                90.52681494700005,
                23.063152590000072
              ],
              [
                90.52857953600005,
                23.06520174700006
              ],
              [
                90.52360960400006,
                23.06244623200007
              ]
            ]
          ],
          [
            [
              [
                90.48739487900008,
                23.05020910500008
              ],
              [
                90.49851037500008,
                23.06904484200004
              ],
              [
                90.48260458300007,
                23.065629976000025
              ],
              [
                90.48739487900008,
                23.05020910500008
              ]
            ]
          ],
          [
            [
              [
                90.23035292700007,
                22.453288730000054
              ],
              [
                90.31379268100005,
                22.483708215000036
              ],
              [
                90.33576694400006,
                22.468329006000033
              ],
              [
                90.36322743000005,
                22.504357137000056
              ],
              [
                90.42722016400006,
                22.460445723000078
              ],
              [
                90.45717520100004,
                22.535725163000052
              ],
              [
                90.50119377600004,
                22.54685895700004
              ],
              [
                90.51239357400004,
                22.534085469000047
              ],
              [
                90.52872329200005,
                22.547250751000036
              ],
              [
                90.51546616800005,
                22.55967935800004
              ],
              [
                90.53937144400004,
                22.563341197000057
              ],
              [
                90.47748023000008,
                22.578913551000028
              ],
              [
                90.50929557100005,
                22.593318686000032
              ],
              [
                90.50285726400006,
                22.695664317000023
              ],
              [
                90.49135103600008,
                22.68931778900003
              ],
              [
                90.48998252000007,
                22.681425448000027
              ],
              [
                90.48000246700008,
                22.668529625000076
              ],
              [
                90.47981736200006,
                22.66358593600006
              ],
              [
                90.47430745800006,
                22.652786753000044
              ],
              [
                90.47182308600009,
                22.65171060700004
              ],
              [
                90.47827449500005,
                22.673569374000067
              ],
              [
                90.50386723800005,
                22.708436647000042
              ],
              [
                90.43213835800003,
                22.758213252000075
              ],
              [
                90.43042653700007,
                22.78173206500003
              ],
              [
                90.44462286500004,
                22.766004622000025
              ],
              [
                90.45427808400007,
                22.78717162600003
              ],
              [
                90.45392907200005,
                22.774439517000076
              ],
              [
                90.49122642300006,
                22.738811647000034
              ],
              [
                90.47958532700005,
                22.755243250000035
              ],
              [
                90.49387990500009,
                22.78880504400007
              ],
              [
                90.44511681300008,
                22.80716133800007
              ],
              [
                90.43772848900005,
                22.794391678000068
              ],
              [
                90.45365372400005,
                22.863020556000038
              ],
              [
                90.43882360200007,
                22.881266304000064
              ],
              [
                90.45479605400004,
                22.865215818000024
              ],
              [
                90.46639535100007,
                22.802752560000044
              ],
              [
                90.47532670100009,
                22.865395199000034
              ],
              [
                90.52915657800008,
                22.899355685000046
              ],
              [
                90.53053742800006,
                22.92267802300006
              ],
              [
                90.47210519900005,
                22.977882444000045
              ],
              [
                90.40721558500007,
                22.999357478000036
              ],
              [
                90.42321820200004,
                23.038050449000025
              ],
              [
                90.38343285700006,
                23.056262575000062
              ],
              [
                90.31582849300008,
                23.05294100800006
              ],
              [
                90.32059532000005,
                22.982273256000042
              ],
              [
                90.25661011000005,
                22.964319400000022
              ],
              [
                90.22988760600003,
                22.979489814000033
              ],
              [
                90.23836489700005,
                23.03671611200008
              ],
              [
                90.22060348800005,
                23.065180206000036
              ],
              [
                90.20086311600005,
                23.053792240000064
              ],
              [
                90.16449151500007,
                23.067483206000077
              ],
              [
                90.13516524200008,
                23.050253189000045
              ],
              [
                90.12667042000004,
                23.005699780000043
              ],
              [
                90.09477670900009,
                23.006841103000056
              ],
              [
                90.05824483100008,
                22.97128470100006
              ],
              [
                90.05721208000006,
                22.932499423000024
              ],
              [
                90.03493549200005,
                22.934016193000048
              ],
              [
                90.01925963600007,
                22.888574659000028
              ],
              [
                90.03506584400003,
                22.86370002500007
              ],
              [
                90.02774382900003,
                22.81754601700004
              ],
              [
                90.05444488400008,
                22.826900047000038
              ],
              [
                90.07672675900005,
                22.78482019000006
              ],
              [
                90.16816527300006,
                22.747401061000062
              ],
              [
                90.19941171200009,
                22.78492999200006
              ],
              [
                90.22393085500005,
                22.753543058000048
              ],
              [
                90.25545720100007,
                22.752445012000067
              ],
              [
                90.27387833800003,
                22.690056371000026
              ],
              [
                90.31989436300006,
                22.67336472200003
              ],
              [
                90.32090915800006,
                22.647308572000043
              ],
              [
                90.33303494500007,
                22.65975845400004
              ],
              [
                90.37400646700007,
                22.647297380000055
              ],
              [
                90.34384223900008,
                22.629390440000066
              ],
              [
                90.38338647000006,
                22.593594062000022
              ],
              [
                90.34632266900007,
                22.613412435000043
              ],
              [
                90.36344569900007,
                22.58055713300007
              ],
              [
                90.35106778500005,
                22.567019144000028
              ],
              [
                90.31120364100008,
                22.57832363700004
              ],
              [
                90.19702392500005,
                22.490181189000054
              ],
              [
                90.20379198300003,
                22.475154200000077
              ],
              [
                90.24032398200006,
                22.485040231000028
              ],
              [
                90.23035292700007,
                22.453288730000054
              ]
            ]
          ],
          [
            [
              [
                90.53192171600006,
                23.06732349300006
              ],
              [
                90.53240223600005,
                23.071282920000044
              ],
              [
                90.53047261800003,
                23.066706769000064
              ],
              [
                90.53192171600006,
                23.06732349300006
              ]
            ]
          ],
          [
            [
              [
                90.52775834100004,
                23.071631033000074
              ],
              [
                90.52263782800009,
                23.07117832700004
              ],
              [
                90.52819130700004,
                23.071564660000035
              ],
              [
                90.52775834100004,
                23.071631033000074
              ]
            ]
          ]
        ]
      },
      "properties": {
        "id": "bgd-adm2-16705992b66943755852345",
        "name": "Barisal",
        "level": "admin",
        "admin_level": "district",
        "status": "official",
        "confidence": "high",
        "source_url": "https://www.geoboundaries.org/api/current/gbOpen/BGD/ADM2/",
        "source_license": "CC-BY 4.0 (geoBoundaries gbOpen)",
        "retrieved_at": "2026-08-23T10:15:21Z"
      }
    },
    {
      "type": "Feature",
      "geometry": {
        "type": "MultiPolygon",
        "coordinates": [
          [
            [
              [
                90.77172486200004,
                21.855948469000055
              ],
              [
                90.82943720300005,
                21.884195651000027
              ],
              [
                90.80419271200003,
                21.91529909700006
              ],
              [
                90.82170774900004,
                21.92844687300004
              ],
              [
                90.78964677200008,
                21.906644577000066
              ],
              [
                90.77172486200004,
                21.855948469000055
              ]
            ]
          ],
          [
            [
              [
                90.72865305100004,
                21.858335270000055
              ],
              [
                90.76127193600007,
                21.910822207000024
              ],
              [
                90.75623318900006,
                21.93164123400004
              ],
              [
                90.71574567400006,
                21.899075095000057
              ],
              [
                90.71187994300004,
                21.868447909000054
              ],
              [
                90.72865305100004,
                21.858335270000055
              ]
            ]
          ],
          [
            [
              [
                90.61721917000006,
                21.968909402000065
              ],
              [
                90.60456043600004,
                21.90236146700005
              ],
              [
                90.61104166500007,
                21.90855233600007
              ],
              [
                90.61754467700007,
                21.961306939000053
              ],
              [
                90.61721917000006,
                21.968909402000065
              ]
            ]
          ],
          [
            [
              [
                90.70020846700004,
                21.973954631000026
              ],
              [
                90.63330155300008,
                21.97523031000003
              ],
              [
                90.61413098900005,
                21.891258633000064
              ],
              [
                90.64740070200008,
                21.896724574000075
              ],
              [
                90.68001200800006,
                21.930344598000033
              ],
              [
                90.70020846700004,
                21.973954631000026
              ]
            ]
          ],
          [
            [
              [
                90.58682242500004,
                21.97424975200005
              ],
              [
                90.60284485000005,
                21.973124519000066
              ],
              [
                90.58728844400008,
                21.98393598900003
              ],
              [
                90.58682242500004,
                21.97424975200005
              ]
            ]
          ],
          [
            [
              [
                90.86807513100007,
                21.97699503900003
              ],
              [
                90.85431895100004,
                21.990739510000026
              ],
              [
                90.83143731500007,
                21.96528130400003
              ],
              [
                90.84895570600008,
                21.92054174200007
              ],
              [
                90.86807513100007,
                21.97699503900003
              ]
            ]
          ],
          [
            [
              [
                90.75398163600005,
                21.989982076000047
              ],
              [
                90.76663917000008,
                21.98930176300007
              ],
              [
                90.77370245000003,
                21.996869636000042
              ],
              [
                90.75398163600005,
                21.989982076000047
              ]
            ]
          ],
          [
            [
              [
                90.81804708700008,
                21.944840184000043
              ],
              [
                90.83195590800005,
                21.988320694000038
              ],
              [
                90.82985624700007,
                21.997462126000073
              ],
              [
                90.77994345100007,
                21.934556048000047
              ],
              [
                90.77877793900007,
                21.913431323000054
              ],
              [
                90.81804708700008,
                21.944840184000043
              ]
            ]
          ],
          [
            [
              [
                90.67815450200004,
                21.988215678000074
              ],
              [
                90.70563658100008,
                21.989725375000035
              ],
              [
                90.70867104300004,
                21.99693086600007
              ],
              [
                90.67815450200004,
                21.988215678000074
              ]
            ]
          ],
          [
            [
              [
                90.83585788000005,
                22.002498850000052
              ],
              [
                90.84710830400007,
                21.997851884000056
              ],
              [
                90.83891010800005,
                22.011566042000027
              ],
              [
                90.83585788000005,
                22.002498850000052
              ]
            ]
          ],
          [
            [
              [
                90.71143921400005,
                22.002034184000024
              ],
              [
                90.72520135700006,
                22.011726232000058
              ],
              [
                90.72583955500005,
                22.013982216000045
              ],
              [
                90.71143921400005,
                22.002034184000024
              ]
            ]
          ],
          [
            [
              [
                90.76879753600008,
                22.004589433000035
              ],
              [
                90.78659568300009,
                22.006345422000038
              ],
              [
                90.78789124000008,
                22.02515055200007
              ],
              [
                90.76879753600008,
                22.004589433000035
              ]
            ]
          ],
          [
            [
              [
                90.58983180700005,
                21.986872900000037
              ],
              [
                90.62256665700005,
                21.98942696000006
              ],
              [
                90.59194842000005,
                22.029908012000078
              ],
              [
                90.58245144400007,
                22.022540718000073
              ],
              [
                90.58983180700005,
                21.986872900000037
              ]
            ]
          ],
          [
            [
              [
                90.72893927300004,
                22.017775205000078
              ],
              [
                90.75313796000006,
                22.03999655800004
              ],
              [
                90.75710522600008,
                22.053268160000073
              ],
              [
                90.74064267800009,
                22.048180518000038
              ],
              [
                90.72893927300004,
                22.017775205000078
              ]
            ]
          ],
          [
            [
              [
                90.89093358400004,
                22.04979089400007
              ],
              [
                90.89794991600007,
                22.064619340000036
              ],
              [
                90.88591366800006,
                22.09183766900003
              ],
              [
                90.87864100800005,
                22.06046980700006
              ],
              [
                90.89093358400004,
                22.04979089400007
              ]
            ]
          ],
          [
            [
              [
                90.88637005400005,
                22.093323224000073
              ],
              [
                90.89096406400006,
                22.097935104000044
              ],
              [
                90.88911804200006,
                22.098040858000047
              ],
              [
                90.88637005400005,
                22.093323224000073
              ]
            ]
          ],
          [
            [
              [
                90.87606345200004,
                22.102270284000042
              ],
              [
                90.89159179000006,
                22.10797070800004
              ],
              [
                90.89442046200008,
                22.125403317000064
              ],
              [
                90.87606345200004,
                22.102270284000042
              ]
            ]
          ],
          [
            [
              [
                91.01563808400005,
                22.179698114000075
              ],
              [
                91.01726291100005,
                22.179726935000076
              ],
              [
                91.01746720500006,
                22.186968484000033
              ],
              [
                91.01563808400005,
                22.179698114000075
              ]
            ]
          ],
          [
            [
              [
                90.57856315100008,
                22.051480535000053
              ],
              [
                90.60777571800008,
                22.107776555000044
              ],
              [
                90.59990802300007,
                22.188119009000047
              ],
              [
                90.57013056100004,
                22.15251569800006
              ],
              [
                90.58466499700006,
                22.140190234000045
              ],
              [
                90.57856315100008,
                22.051480535000053
              ]
            ]
          ],
          [
            [
              [
                90.58675733000007,
                22.189038694000033
              ],
              [
                90.62786841000008,
                22.20283229300003
              ],
              [
                90.63128271100004,
                22.243070947000035
              ],
              [
                90.62153596900004,
                22.24347691500003
              ],
              [
                90.58675733000007,
                22.189038694000033
              ]
            ]
          ],
          [
            [
              [
                91.01365796200008,
                22.26984692700006
              ],
              [
                91.00941331300004,
                22.256773879000036
              ],
              [
                91.01382022800004,
                22.24116334300004
              ],
              [
                91.01532635700005,
                22.242632311000023
              ],
              [
                91.01365796200008,
                22.26984692700006
              ]
            ]
          ],
          [
            [
              [
                90.92325588800009,
                22.231544609000025
              ],
              [
                90.93624038600007,
                22.26158583800003
              ],
              [
                90.93762133700005,
                22.287678121000056
              ],
              [
                90.93133336700004,
                22.284415973000023
              ],
              [
                90.92325588800009,
                22.231544609000025
              ]
            ]
          ],
          [
            [
              [
                90.66436988700008,
                22.25901697300003
              ],
              [
                90.67213449400003,
                22.271796813000037
              ],
              [
                90.67381574000007,
                22.29033782700003
              ],
              [
                90.67119256900008,
                22.28963163000003
              ],
              [
                90.66436988700008,
                22.25901697300003
              ]
            ]
          ],
          [
            [
              [
                90.87086724300008,
                22.28916901300005
              ],
              [
                90.87419989000006,
                22.29230607200003
              ],
              [
                90.86973549300006,
                22.293047096000066
              ],
              [
                90.87086724300008,
                22.28916901300005
              ]
            ]
          ],
          [
            [
              [
                90.89871386100003,
                22.207446037000068
              ],
              [
                90.91163637800008,
                22.26478529800005
              ],
              [
                90.91007463100004,
                22.29725176200003
              ],
              [
                90.89375402000007,
                22.247054081000044
              ],
              [
                90.89871386100003,
                22.207446037000068
              ]
            ]
          ],
          [
            [
              [
                90.87419644000005,
                22.304137234000052
              ],
              [
                90.87732436200008,
                22.29910108000007
              ],
              [
                90.87929285800004,
                22.305830581000066
              ],
              [
                90.87419644000005,
                22.304137234000052
              ]
            ]
          ],
          [
            [
              [
                90.96105652300008,
                22.31206336300005
              ],
              [
                90.96692187900004,
                22.30954262800003
              ],
              [
                90.96342451900006,
                22.316446878000022
              ],
              [
                90.96105652300008,
                22.31206336300005
              ]
            ]
          ],
          [
            [
              [
                91.01060689200006,
                22.283535346000065
              ],
              [
                91.01586638800006,
                22.29703046000003
              ],
              [
                90.99949522100007,
                22.324426569000025
              ],
              [
                91.00118869800008,
                22.306108146000042
              ],
              [
                91.01060689200006,
                22.283535346000065
              ]
            ]
          ],
          [
            [
              [
                90.92583039400006,
                22.29897920700006
              ],
              [
                90.94004374100007,
                22.308075458000076
              ],
              [
                90.93655317000008,
                22.327742228000034
              ],
              [
                90.92583039400006,
                22.29897920700006
              ]
            ]
          ],
          [
            [
              [
                90.88659768700006,
                22.315542513000025
              ],
              [
                90.88883350200007,
                22.327863557000057
              ],
              [
                90.87750892600008,
                22.316308985000035
              ],
              [
                90.88659768700006,
                22.315542513000025
              ]
            ]
          ],
          [
            [
              [
                91.01939718200003,
                22.29281602100008
              ],
              [
                91.02369347800004,
                22.31941906700007
              ],
              [
                91.00949794800005,
                22.336458451000055
              ],
              [
                91.00861040800004,
                22.320211415000074
              ],
              [
                91.01939718200003,
                22.29281602100008
              ]
            ]
          ],
          [
            [
              [
                90.85382062000008,
                22.336799635000034
              ],
              [
                90.85914616300005,
                22.337990451000053
              ],
              [
                90.85641221900005,
                22.344673374000024
              ],
              [
                90.85382062000008,
                22.336799635000034
              ]
            ]
          ],
          [
            [
              [
                90.99141406700005,
                22.329145569000048
              ],
              [
                90.96977710400006,
                22.343138985000053
              ],
              [
                90.97198582900006,
                22.302159759000062
              ],
              [
                90.95870351000008,
                22.252811526000073
              ],
              [
                90.89508057600005,
                22.09922391400005
              ],
              [
                90.90983644400006,
                22.072444371000074
              ],
              [
                90.98906619800005,
                22.199760603000072
              ],
              [
                90.99141406700005,
                22.329145569000048
              ]
            ]
          ],
          [
            [
              [
                90.91796015700004,
                22.285543696000047
              ],
              [
                90.93692395500005,
                22.333285189000037
              ],
              [
                90.93167305500003,
                22.34722578900005
              ],
              [
                90.91068191500005,
                22.30379735500003
              ],
              [
                90.91796015700004,
                22.285543696000047
              ]
            ]
          ],
          [
            [
              [
                90.67072679400007,
                22.294246762000057
              ],
              [
                90.67945307100007,
                22.33003982100007
              ],
              [
                90.67751422500004,
                22.354188828000076
              ],
              [
                90.67072679400007,
                22.294246762000057
              ]
            ]
          ],
          [
            [
              [
                90.67648086600008,
                22.35614670800004
              ],
              [
                90.67797099500007,
                22.358769594000023
              ],
              [
                90.67605934700003,
                22.36200434500006
              ],
              [
                90.67648086600008,
                22.35614670800004
              ]
            ]
          ],
          [
            [
              [
                90.65823957100008,
                22.36602752500005
              ],
              [
                90.66896327100005,
                22.342434113000024
              ],
              [
                90.66094369900009,
                22.382174871000075
              ],
              [
                90.65823957100008,
                22.36602752500005
              ]
            ]
          ],
          [
            [
              [
                90.87090188700006,
                22.33398795000005
              ],
              [
                90.88795257600003,
                22.35693617800007
              ],
              [
                90.88575757600006,
                22.395859246000043
              ],
              [
                90.87090188700006,
                22.33398795000005
              ]
            ]
          ],
          [
            [
              [
                90.66076811600004,
                22.394872856000063
              ],
              [
                90.66517766800007,
                22.40093224700007
              ],
              [
                90.66088237500009,
                22.403888377000044
              ],
              [
                90.66076811600004,
                22.394872856000063
              ]
            ]
          ],
          [
            [
              [
                90.99216375000003,
                22.366132305000065
              ],
              [
                90.97227792600006,
                22.420598305000055
              ],
              [
                90.94927625100007,
                22.396600070000034
              ],
              [
                90.96635781500004,
                22.365236883000023
              ],
              [
                90.99216375000003,
                22.366132305000065
              ]
            ]
          ],
          [
            [
              [
                90.66844124000005,
                22.437583355000072
              ],
              [
                90.66775380400009,
                22.398984733000077
              ],
              [
                90.67304389800006,
                22.386427324000067
              ],
              [
                90.66844124000005,
                22.437583355000072
              ]
            ]
          ],
          [
            [
              [
                90.64204741900005,
                22.453031166000073
              ],
              [
                90.64262235800004,
                22.455603776000032
              ],
              [
                90.63446977300003,
                22.459966018000046
              ],
              [
                90.64204741900005,
                22.453031166000073
              ]
            ]
          ],
          [
            [
              [
                90.95087613500004,
                22.464541818000043
              ],
              [
                90.93343476000007,
                22.43252694100005
              ],
              [
                90.94760449700004,
                22.417960669000024
              ],
              [
                90.96773220900008,
                22.427628345000073
              ],
              [
                90.95087613500004,
                22.464541818000043
              ]
            ]
          ],
          [
            [
              [
                90.66420712600006,
                22.44939632300003
              ],
              [
                90.66964443300003,
                22.46010674100006
              ],
              [
                90.66370794200003,
                22.465367144000027
              ],
              [
                90.66420712600006,
                22.44939632300003
              ]
            ]
          ],
          [
            [
              [
                90.89319828500004,
                22.46439920800003
              ],
              [
                90.90197031700006,
                22.453021466000052
              ],
              [
                90.90879738100006,
                22.46679794100004
              ],
              [
                90.89319828500004,
                22.46439920800003
              ]
            ]
          ],
          [
            [
              [
                90.67086714800007,
                22.466524896000067
              ],
              [
                90.67226592200007,
                22.46521314100005
              ],
              [
                90.67113804700006,
                22.469670032000067
              ],
              [
                90.67086714800007,
                22.466524896000067
              ]
            ]
          ],
          [
            [
              [
                90.62567440200007,
                22.471055128000046
              ],
              [
                90.63340612800005,
                22.476004508000074
              ],
              [
                90.61754032000005,
                22.47580519400003
              ],
              [
                90.62567440200007,
                22.471055128000046
              ]
            ]
          ],
          [
            [
              [
                90.64131418100004,
                22.473081053000044
              ],
              [
                90.64688625600007,
                22.47673975200007
              ],
              [
                90.63286431800003,
                22.48124111100003
              ],
              [
                90.64131418100004,
                22.473081053000044
              ]
            ]
          ],
          [
            [
              [
                90.67023998600007,
                22.479479541000046
              ],
              [
                90.67061889400009,
                22.483350022000025
              ],
              [
                90.67000646300005,
                22.48435643600004
              ],
              [
                90.67023998600007,
                22.479479541000046
              ]
            ]
          ],
          [
            [
              [
                90.90502547000006,
                22.495834414000058
              ],
              [
                90.85628660900005,
                22.542181584000048
              ],
              [
                90.85258338900007,
                22.54248805800006
              ],
              [
                90.86520186400008,
                22.49466709400008
              ],
              [
                90.90502547000006,
                22.495834414000058
              ]
            ]
          ],
          [
            [
              [
                90.65735834400004,
                22.542071431000068
              ],
              [
                90.66033757700006,
                22.546361490000038
              ],
              [
                90.65687577200003,
                22.54888531200004
              ],
              [
                90.65735834400004,
                22.542071431000068
              ]
            ]
          ],
          [
            [
              [
                90.84508932400007,
                22.528712781000024
              ],
              [
                90.85237090500004,
                22.545596368000076
              ],
              [
                90.84175155500003,
                22.551053658000058
              ],
              [
                90.84508932400007,
                22.528712781000024
              ]
            ]
          ],
          [
            [
              [
                90.61679946900006,
                22.549163390000047
              ],
              [
                90.63263029700005,
                22.554118120000055
              ],
              [
                90.61403930200004,
                22.551513106000073
              ],
              [
                90.60197761100005,
                22.535257698000066
              ],
              [
                90.63613997500005,
                22.488900663000038
              ],
              [
                90.64944718500004,
                22.49644831300003
              ],
              [
                90.63104550500003,
                22.541399892000072
              ],
              [
                90.64398818100005,
                22.528546239000036
              ],
              [
                90.65415606700003,
                22.546001120000028
              ],
              [
                90.61679946900006,
                22.549163390000047
              ]
            ]
          ],
          [
            [
              [
                90.58205874200007,
                22.560221369000033
              ],
              [
                90.60701390600008,
                22.554757736000056
              ],
              [
                90.57522283700007,
                22.570456583000066
              ],
              [
                90.58205874200007,
                22.560221369000033
              ]
            ]
          ],
          [
            [
              [
                90.93211333700003,
                22.49701664400004
              ],
              [
                90.89375066900004,
                22.56028032100005
              ],
              [
                90.84182727900009,
                22.571241902000054
              ],
              [
                90.87497720300007,
                22.530863921000048
              ],
              [
                90.93211333700003,
                22.49701664400004
              ]
            ]
          ],
          [
            [
              [
                90.61933886200006,
                22.576891156000045
              ],
              [
                90.62007276400004,
                22.57989991000005
              ],
              [
                90.61966181100007,
                22.580044904000033
              ],
              [
                90.61933886200006,
                22.576891156000045
              ]
            ]
          ],
          [
            [
              [
                90.56434589500003,
                22.581150663000074
              ],
              [
                90.58852579100005,
                22.57173693900006
              ],
              [
                90.55774382500005,
                22.58827391400007
              ],
              [
                90.56434589500003,
                22.581150663000074
              ]
            ]
          ],
          [
            [
              [
                90.57479625800005,
                22.596883295000055
              ],
              [
                90.57011716500006,
                22.601441365000028
              ],
              [
                90.56799427400006,
                22.601568302000032
              ],
              [
                90.57479625800005,
                22.596883295000055
              ]
            ]
          ],
          [
            [
              [
                90.54732234400007,
                22.612273301000073
              ],
              [
                90.55715644500003,
                22.58902207700004
              ],
              [
                90.59230921800008,
                22.572914921000063
              ],
              [
                90.54732234400007,
                22.612273301000073
              ]
            ]
          ],
          [
            [
              [
                90.53437803600008,
                22.611412140000027
              ],
              [
                90.54465894800006,
                22.615724190000037
              ],
              [
                90.53328890100005,
                22.618200340000044
              ],
              [
                90.53437803600008,
                22.611412140000027
              ]
            ]
          ],
          [
            [
              [
                90.52576639800003,
                22.64068852200006
              ],
              [
                90.52791239100009,
                22.626057658000036
              ],
              [
                90.53492201100005,
                22.641044711000063
              ],
              [
                90.52576639800003,
                22.64068852200006
              ]
            ]
          ],
          [
            [
              [
                90.74163458200007,
                22.66226077600004
              ],
              [
                90.74467711400007,
                22.66535357600003
              ],
              [
                90.74068749500003,
                22.665790429000026
              ],
              [
                90.74163458200007,
                22.66226077600004
              ]
            ]
          ],
          [
            [
              [
                90.71182082200005,
                22.650474148000058
              ],
              [
                90.70848559600006,
                22.662917503000074
              ],
              [
                90.70402613700008,
                22.667143629000066
              ],
              [
                90.70198772100008,
                22.66132093400006
              ],
              [
                90.71182082200005,
                22.650474148000058
              ]
            ]
          ],
          [
            [
              [
                90.73102619700006,
                22.668982656000026
              ],
              [
                90.74084236500005,
                22.684090732000072
              ],
              [
                90.73473134900007,
                22.68775171300007
              ],
              [
                90.73102619700006,
                22.668982656000026
              ]
            ]
          ],
          [
            [
              [
                90.52619606000007,
                22.64250654700004
              ],
              [
                90.53874529800004,
                22.64676234700005
              ],
              [
                90.53410997200007,
                22.67625769600005
              ],
              [
                90.54598235300006,
                22.64992588800004
              ],
              [
                90.55281641100004,
                22.668426170000032
              ],
              [
                90.54861495500006,
                22.64806444100003
              ],
              [
                90.56625370700004,
                22.64843615500007
              ],
              [
                90.56611707200005,
                22.69948455900004
              ],
              [
                90.52517179200004,
                22.68392405000003
              ],
              [
                90.52619606000007,
                22.64250654700004
              ]
            ]
          ],
          [
            [
              [
                90.72772494200007,
                22.728828388000068
              ],
              [
                90.70533298300006,
                22.75233723100007
              ],
              [
                90.69493771500004,
                22.72489684900006
              ],
              [
                90.72051413400004,
                22.679085292000025
              ],
              [
                90.72772494200007,
                22.728828388000068
              ]
            ]
          ],
          [
            [
              [
                90.68877400700006,
                22.751450549000026
              ],
              [
                90.69109893100006,
                22.752575602000036
              ],
              [
                90.69072681100005,
                22.75544529700005
              ],
              [
                90.68877400700006,
                22.751450549000026
              ]
            ]
          ],
          [
            [
              [
                90.68772229400008,
                22.760118902000045
              ],
              [
                90.67760924500004,
                22.76058049200003
              ],
              [
                90.68291856500008,
                22.752909733000024
              ],
              [
                90.68772229400008,
                22.760118902000045
              ]
            ]
          ],
          [
            [
              [
                90.68385197000003,
                22.77214562300003
              ],
              [
                90.68292206100006,
                22.779439499000034
              ],
              [
                90.67644713800007,
                22.77319314500005
              ],
              [
                90.68385197000003,
                22.77214562300003
              ]
            ]
          ],
          [
            [
              [
                90.66245265800006,
                22.79413947000006
              ],
              [
                90.67252428300009,
                22.79787353100005
              ],
              [
                90.65791979000005,
                22.79501865700007
              ],
              [
                90.66245265800006,
                22.79413947000006
              ]
            ]
          ],
          [
            [
              [
                90.56834517600004,
                22.792015538000044
              ],
              [
                90.57211569400005,
                22.713673262000043
              ],
              [
                90.58020651200007,
                22.652767271000073
              ],
              [
                90.53354432300006,
                22.62024900600005
              ],
              [
                90.55442606600008,
                22.614441842000076
              ],
              [
                90.62183346000006,
                22.558886519000055
              ],
              [
                90.60840163500006,
                22.60031168300003
              ],
              [
                90.60543195500009,
                22.661995470000022
              ],
              [
                90.61738227800004,
                22.63914806500003
              ],
              [
                90.62153483100008,
                22.56699056800005
              ],
              [
                90.65710363900007,
                22.556571418000033
              ],
              [
                90.67039141200007,
                22.533967862000054
              ],
              [
                90.68435793100008,
                22.331781910000075
              ],
              [
                90.67730202100006,
                22.275115628000037
              ],
              [
                90.61236395800006,
                22.16527798900006
              ],
              [
                90.62332837800005,
                22.11427589400006
              ],
              [
                90.59637935400008,
                22.037647569000058
              ],
              [
                90.62926080300008,
                21.99406874700003
              ],
              [
                90.65335831300007,
                21.99512188800003
              ],
              [
                90.70541414500008,
                22.011466729000063
              ],
              [
                90.81054733100007,
                22.124974853000026
              ],
              [
                90.84119604700004,
                22.265888278000034
              ],
              [
                90.83723880700006,
                22.351619350000078
              ],
              [
                90.86517602400005,
                22.423367163000023
              ],
              [
                90.77309838500008,
                22.517670448000047
              ],
              [
                90.75318617300007,
                22.60299614300004
              ],
              [
                90.73942402900008,
                22.61614221900004
              ],
              [
                90.71490543300007,
                22.61673124400005
              ],
              [
                90.70912778800005,
                22.619625005000046
              ],
              [
                90.72608417900005,
                22.62021284800005
              ],
              [
                90.70100143600007,
                22.656254956000055
              ],
              [
                90.69888322500003,
                22.675337160000026
              ],
              [
                90.68058092300004,
                22.69826547400004
              ],
              [
                90.65358813200004,
                22.785616378000043
              ],
              [
                90.60107735600008,
                22.80819407100006
              ],
              [
                90.56834517600004,
                22.792015538000044
              ]
            ]
          ],
          [
            [
              [
                90.67610032300007,
                22.807574012000032
              ],
              [
                90.66902346500007,
                22.81046714200005
              ],
              [
                90.66301655600006,
                22.80774357100006
              ],
              [
                90.64378616400006,
                22.80517420500007
              ],
              [
                90.67610032300007,
                22.807574012000032
              ]
            ]
          ],
          [
            [
              [
                90.60244861100006,
                22.813829115000033
              ],
              [
                90.64678383500006,
                22.80678722600004
              ],
              [
                90.67625160600005,
                22.81737252000005
              ],
              [
                90.65151712600004,
                22.844861424000044
              ],
              [
                90.60244861100006,
                22.813829115000033
              ]
            ]
          ]
        ]
      },
      "properties": {
        "id": "bgd-adm2-16705992b37732832620169",
        "name": "Bhola",
        "level": "admin",
        "admin_level": "district",
        "status": "official",
        "confidence": "high",
        "source_url": "https://www.geoboundaries.org/api/current/gbOpen/BGD/ADM2/",
        "source_license": "CC-BY 4.0 (geoBoundaries gbOpen)",
        "retrieved_at": "2026-08-23T10:15:21Z"
      }
    },
    {
      "type": "Feature",
      "geometry": {
        "type": "Polygon",
        "coordinates": [
          [
            [
              89.64783476100007,
              25.046738883000046
            ],
            [
              89.51513608100004,
              25.040399586000035
            ],
            [
              89.41319998400007,
              25.083134229000052
            ],
            [
              89.38908081600005,
              25.047030720000066
            ],
            [
              89.33128268700005,
              25.099892340000054
            ],
            [
              89.33248240600005,
              25.12272154300007
            ],
            [
              89.30212622100004,
              25.119643409000048
            ],
            [
              89.24643857000007,
              25.065149123000026
            ],
            [
              89.23617942600004,
              25.020443801000056
            ],
            [
              89.21475570400008,
              25.029091857000026
            ],
            [
              89.19056787800008,
              24.995409033000044
            ],
            [
              89.17778414200006,
              24.96956847000007
            ],
            [
              89.18922653400006,
              24.943006659000048
            ],
            [
              89.12194742000008,
              24.94979169100003
            ],
            [
              89.12750628200007,
              24.962366641000074
            ],
            [
              89.10330545300008,
              24.970883125000057
            ],
            [
              89.08346093700004,
              24.92780543500004
            ],
            [
              89.09798720400005,
              24.891386926000052
            ],
            [
              89.07557161900007,
              24.885165993000044
            ],
            [
              89.08970606700007,
              24.875140887000043
            ],
            [
              88.97716688500003,
              24.853363038000055
            ],
            [
              88.98798925700004,
              24.825436731000025
            ],
            [
              88.96990637500005,
              24.82332259800006
            ],
            [
              88.98215208400006,
              24.803113884000027
            ],
            [
              88.96218587700008,
              24.745480282000074
            ],
            [
              88.98981290700004,
              24.74348195600004
            ],
            [
              88.99724351300006,
              24.766351506000035
            ],
            [
              89.04715547300003,
              24.790004556000042
            ],
            [
              89.08703229500009,
              24.78612664800005
            ],
            [
              89.09689809300005,
              24.73418759900005
            ],
            [
              89.08352053700008,
              24.718637329000046
            ],
            [
              89.13017730000007,
              24.71406051300005
            ],
            [
              89.12651535200007,
              24.73879211900004
            ],
            [
              89.15076398900004,
              24.73836250900007
            ],
            [
              89.13117361900004,
              24.699329651000028
            ],
            [
              89.16586546100007,
              24.677373639000052
            ],
            [
              89.13644036700003,
              24.655999962000067
            ],
            [
              89.14901663000006,
              24.617204757000025
            ],
            [
              89.19017589500004,
              24.651033511000037
            ],
            [
              89.22491723300004,
              24.580034794000028
            ],
            [
              89.26833241600008,
              24.629977497000027
            ],
            [
              89.32867443500004,
              24.599176303000036
            ],
            [
              89.33791899700003,
              24.559077175000027
            ],
            [
              89.42493597400005,
              24.560938029000056
            ],
            [
              89.46001269000004,
              24.542385121000052
            ],
            [
              89.50848384900007,
              24.556764205000036
            ],
            [
              89.51996301800006,
              24.53633299100005
            ],
            [
              89.53072669100004,
              24.563461955000037
            ],
            [
              89.54650034100007,
              24.547585428000048
            ],
            [
              89.59143598600008,
              24.55391687300005
            ],
            [
              89.60245187600003,
              24.60524033200005
            ],
            [
              89.54940939600004,
              24.61755936900005
            ],
            [
              89.55464745100005,
              24.704282570000032
            ],
            [
              89.62403203300005,
              24.685465845000067
            ],
            [
              89.66075971800007,
              24.728407382000057
            ],
            [
              89.67495688700006,
              24.781677036000076
            ],
            [
              89.71533559800008,
              24.77734630300006
            ],
            [
              89.73031622900004,
              24.798383788000024
            ],
            [
              89.68494606500008,
              24.828413413000078
            ],
            [
              89.66079207600006,
              24.88807225900007
            ],
            [
              89.68605979600005,
              24.90284840700008
            ],
            [
              89.64783476100007,
              25.046738883000046
            ]
          ]
        ]
      },
      "properties": {
        "id": "bgd-adm2-16705992b87441692505107",
        "name": "Bogra",
        "level": "admin",
        "admin_level": "district",
        "status": "official",
        "confidence": "high",
        "source_url": "https://www.geoboundaries.org/api/current/gbOpen/BGD/ADM2/",
        "source_license": "CC-BY 4.0 (geoBoundaries gbOpen)",
        "retrieved_at": "2026-08-23T10:15:21Z"
      }
    },
    {
      "type": "Feature",
      "geometry": {
        "type": "Polygon",
        "coordinates": [
          [
            [
              91.29969869100006,
              23.972265540000024
            ],
            [
              91.31164606900006,
              24.039634443000068
            ],
            [
              91.28406735600004,
              24.06079138000007
            ],
            [
              91.29313705700008,
              24.09353717700003
            ],
            [
              91.26747273100005,
              24.094227369000066
            ],
            [
              91.29247376000006,
              24.11749783500005
            ],
            [
              91.26171365500005,
              24.14635309600004
            ],
            [
              91.27721483900007,
              24.18151825800004
            ],
            [
              91.31316460300008,
              24.183320905000073
            ],
            [
              91.31266229200008,
              24.203490445000057
            ],
            [
              91.27721721000006,
              24.20306928100007
            ],
            [
              91.32401530800007,
              24.22954225500007
            ],
            [
              91.32507729200006,
              24.260528375000035
            ],
            [
              91.29303202800008,
              24.25956364800004
            ],
            [
              91.28562741900004,
              24.223317370000075
            ],
            [
              91.19488236800004,
              24.239842943000042
            ],
            [
              91.17355789400006,
              24.26519860600007
            ],
            [
              91.08510332200007,
              24.241120816000034
            ],
            [
              91.09052430200006,
              24.211670350000077
            ],
            [
              91.03992979600008,
              24.21182606700006
            ],
            [
              90.98587591600005,
              24.15674494500007
            ],
            [
              91.05354856600007,
              24.084482811000044
            ],
            [
              90.97412189400006,
              24.019875350000063
            ],
            [
              90.97285729100008,
              23.969614671000045
            ],
            [
              90.91788039900007,
              23.87876678200007
            ],
            [
              90.89794716700004,
              23.86268420500005
            ],
            [
              90.85843775200004,
              23.87903641400004
            ],
            [
              90.76501249600005,
              23.863050868000073
            ],
            [
              90.76665659400004,
              23.80464284800007
            ],
            [
              90.72357325500008,
              23.74635260100007
            ],
            [
              90.72486515300005,
              23.718370486000026
            ],
            [
              90.74114421900003,
              23.69262047600006
            ],
            [
              90.77697217500008,
              23.68311573400007
            ],
            [
              90.77957182300008,
              23.73296739700004
            ],
            [
              90.79866085400005,
              23.746101965000037
            ],
            [
              90.87079954300003,
              23.71865430400004
            ],
            [
              90.90117290800004,
              23.76646742400004
            ],
            [
              91.03506082500007,
              23.795520099000044
            ],
            [
              91.06764094700009,
              23.732095179000055
            ],
            [
              91.10964370700003,
              23.715721075000033
            ],
            [
              91.09899313900007,
              23.706910036000068
            ],
            [
              91.12731797700008,
              23.667748755000048
            ],
            [
              91.19935556700005,
              23.646741647000056
            ],
            [
              91.20846886200007,
              23.686573288000034
            ],
            [
              91.15418144900008,
              23.68853675500003
            ],
            [
              91.15665220900007,
              23.740912362000074
            ],
            [
              91.19653858200007,
              23.751212675000033
            ],
            [
              91.21892462700004,
              23.73656287600005
            ],
            [
              91.25398788200005,
              23.837153675000025
            ],
            [
              91.22954634000007,
              23.880739884000036
            ],
            [
              91.24612475200007,
              23.913224229000036
            ],
            [
              91.23295964500005,
              23.92709581300005
            ],
            [
              91.27613838400003,
              23.922657937000054
            ],
            [
              91.26393209500009,
              23.94436951700004
            ],
            [
              91.28462111800008,
              23.982238361000043
            ],
            [
              91.29969869100006,
              23.972265540000024
            ]
          ]
        ]
      },
      "properties": {
        "id": "bgd-adm2-16705992b2831557138260",
        "name": "Brahamanbaria",
        "level": "admin",
        "admin_level": "district",
        "status": "official",
        "confidence": "high",
        "source_url": "https://www.geoboundaries.org/api/current/gbOpen/BGD/ADM2/",
        "source_license": "CC-BY 4.0 (geoBoundaries gbOpen)",
        "retrieved_at": "2026-08-23T10:15:21Z"
      }
    },
    {
      "type": "Feature",
      "geometry": {
        "type": "MultiPolygon",
        "coordinates": [
          [
            [
              [
                90.61103361700003,
                23.026504158000023
              ],
              [
                90.61719519100006,
                23.02992186800003
              ],
              [
                90.61402013400004,
                23.03595705600003
              ],
              [
                90.61103361700003,
                23.026504158000023
              ]
            ]
          ],
          [
            [
              [
                90.60174161500004,
                23.009920452000074
              ],
              [
                90.60838643800008,
                23.029238977000034
              ],
              [
                90.59887107800006,
                23.034693465000032
              ],
              [
                90.59414819000006,
                23.04702005100006
              ],
              [
                90.60174161500004,
                23.009920452000074
              ]
            ]
          ],
          [
            [
              [
                90.58866270600004,
                23.02543440200003
              ],
              [
                90.58040856100007,
                23.05758677800003
              ],
              [
                90.56982158100004,
                23.058223172000055
              ],
              [
                90.56683518000006,
                23.043525672000044
              ],
              [
                90.58866270600004,
                23.02543440200003
              ]
            ]
          ],
          [
            [
              [
                90.56558434700008,
                23.044929726000078
              ],
              [
                90.56752742000003,
                23.057753233000028
              ],
              [
                90.58158902600007,
                23.061824623000064
              ],
              [
                90.57682878000008,
                23.07355351500007
              ],
              [
                90.58642064600008,
                23.067180348000022
              ],
              [
                90.57725738300007,
                23.08676400400003
              ],
              [
                90.54830779900004,
                23.059733270000038
              ],
              [
                90.56558434700008,
                23.044929726000078
              ]
            ]
          ],
          [
            [
              [
                90.57844959300007,
                23.087716022000052
              ],
              [
                90.58933961500009,
                23.108612176000065
              ],
              [
                90.57402189800007,
                23.091364613000053
              ],
              [
                90.57844959300007,
                23.087716022000052
              ]
            ]
          ],
          [
            [
              [
                90.59867384300009,
                23.11020186500008
              ],
              [
                90.57996903700007,
                23.086563245000036
              ],
              [
                90.58863692500006,
                23.071856341000057
              ],
              [
                90.58383846200007,
                23.051897953000037
              ],
              [
                90.59486327200005,
                23.048152149000032
              ],
              [
                90.60943781100008,
                23.033393558000057
              ],
              [
                90.61976136700008,
                23.07723451800007
              ],
              [
                90.59867384300009,
                23.11020186500008
              ]
            ]
          ],
          [
            [
              [
                90.58711803300008,
                23.108763856000053
              ],
              [
                90.57333086000006,
                23.11115637200004
              ],
              [
                90.57389734500003,
                23.098535089000052
              ],
              [
                90.58711803300008,
                23.108763856000053
              ]
            ]
          ],
          [
            [
              [
                90.56121418100008,
                23.144030075000046
              ],
              [
                90.56742850900008,
                23.146506595000062
              ],
              [
                90.57171864400004,
                23.152424670000073
              ],
              [
                90.56121418100008,
                23.144030075000046
              ]
            ]
          ],
          [
            [
              [
                90.63806488800003,
                23.151394303000075
              ],
              [
                90.64134731700005,
                23.156830109000055
              ],
              [
                90.63886925100007,
                23.157509179000044
              ],
              [
                90.63806488800003,
                23.151394303000075
              ]
            ]
          ],
          [
            [
              [
                90.63672626200008,
                23.18063428000005
              ],
              [
                90.64118725300006,
                23.180915391000042
              ],
              [
                90.63932646700005,
                23.183850190000044
              ],
              [
                90.63672626200008,
                23.18063428000005
              ]
            ]
          ],
          [
            [
              [
                90.60269821500003,
                23.195461458000068
              ],
              [
                90.60964156600005,
                23.19868487800005
              ],
              [
                90.60469149300008,
                23.201811312000075
              ],
              [
                90.60269821500003,
                23.195461458000068
              ]
            ]
          ],
          [
            [
              [
                90.60218324800007,
                23.224057190000053
              ],
              [
                90.61049033600005,
                23.218547254000043
              ],
              [
                90.60403088500004,
                23.225503272000026
              ],
              [
                90.60218324800007,
                23.224057190000053
              ]
            ]
          ],
          [
            [
              [
                90.59652521900006,
                23.227029139000024
              ],
              [
                90.60122930200004,
                23.229289772000072
              ],
              [
                90.59556012900003,
                23.228426692000028
              ],
              [
                90.59652521900006,
                23.227029139000024
              ]
            ]
          ],
          [
            [
              [
                90.59765216200003,
                23.231942154000023
              ],
              [
                90.59834294800004,
                23.231499735000057
              ],
              [
                90.59810231000006,
                23.232471690000068
              ],
              [
                90.59765216200003,
                23.231942154000023
              ]
            ]
          ],
          [
            [
              [
                90.62580053900007,
                23.243892620000054
              ],
              [
                90.62886091200005,
                23.24574455800007
              ],
              [
                90.62664800700009,
                23.248095171000045
              ],
              [
                90.62580053900007,
                23.243892620000054
              ]
            ]
          ],
          [
            [
              [
                90.63181858800004,
                23.258590393000077
              ],
              [
                90.63199528900003,
                23.268722835000062
              ],
              [
                90.62744923200006,
                23.27007962400006
              ],
              [
                90.63181858800004,
                23.258590393000077
              ]
            ]
          ],
          [
            [
              [
                90.61662736000005,
                23.279538684000045
              ],
              [
                90.61197076600007,
                23.27955691300008
              ],
              [
                90.61907288000003,
                23.271308041000054
              ],
              [
                90.61662736000005,
                23.279538684000045
              ]
            ]
          ],
          [
            [
              [
                90.58388785700004,
                23.285352368000076
              ],
              [
                90.57654529300004,
                23.298476055000037
              ],
              [
                90.57198700700008,
                23.297488969000028
              ],
              [
                90.58388785700004,
                23.285352368000076
              ]
            ]
          ],
          [
            [
              [
                90.60380822000008,
                23.285133576000078
              ],
              [
                90.58855431300003,
                23.293365146000042
              ],
              [
                90.60313839500003,
                23.279973875000053
              ],
              [
                90.60426268500004,
                23.276958223000065
              ],
              [
                90.59029004400008,
                23.287956975000043
              ],
              [
                90.58696149600007,
                23.284145738000063
              ],
              [
                90.61916110200008,
                23.26514164300005
              ],
              [
                90.60380822000008,
                23.285133576000078
              ]
            ]
          ],
          [
            [
              [
                90.59647302200005,
                23.296585364000066
              ],
              [
                90.58816366200006,
                23.301683611000044
              ],
              [
                90.58568014100007,
                23.301788316000057
              ],
              [
                90.59378283900008,
                23.296786956000062
              ],
              [
                90.59647302200005,
                23.296585364000066
              ]
            ]
          ],
          [
            [
              [
                90.61509836100004,
                23.301484298000048
              ],
              [
                90.60915008500007,
                23.296393244000058
              ],
              [
                90.62220150000007,
                23.27655334800005
              ],
              [
                90.62025305300006,
                23.269104449000054
              ],
              [
                90.62720718500003,
                23.262623981000047
              ],
              [
                90.61509836100004,
                23.301484298000048
              ]
            ]
          ],
          [
            [
              [
                90.59035739200004,
                23.309179398000026
              ],
              [
                90.59099362000006,
                23.31261851200003
              ],
              [
                90.58990364500005,
                23.311905637000052
              ],
              [
                90.59035739200004,
                23.309179398000026
              ]
            ]
          ],
          [
            [
              [
                90.63800869000005,
                23.309232089000034
              ],
              [
                90.64327466200007,
                23.306581467000058
              ],
              [
                90.63658737000009,
                23.314973682000073
              ],
              [
                90.63800869000005,
                23.309232089000034
              ]
            ]
          ],
          [
            [
              [
                90.60047878100005,
                23.315785163000044
              ],
              [
                90.60038707000007,
                23.318366642000058
              ],
              [
                90.59820651200005,
                23.316845613000055
              ],
              [
                90.60047878100005,
                23.315785163000044
              ]
            ]
          ],
          [
            [
              [
                90.56928172800008,
                23.32488587100005
              ],
              [
                90.56904740400006,
                23.324124012000027
              ],
              [
                90.56977612700007,
                23.324561150000022
              ],
              [
                90.56928172800008,
                23.32488587100005
              ]
            ]
          ],
          [
            [
              [
                90.62022299900008,
                23.332365864000053
              ],
              [
                90.62829770600007,
                23.321435648000033
              ],
              [
                90.62198021800003,
                23.33188129000007
              ],
              [
                90.62022299900008,
                23.332365864000053
              ]
            ]
          ],
          [
            [
              [
                90.63370003900008,
                23.315427987000078
              ],
              [
                90.63280617300006,
                23.333463266000024
              ],
              [
                90.62500039500009,
                23.335692954000024
              ],
              [
                90.63370003900008,
                23.315427987000078
              ]
            ]
          ],
          [
            [
              [
                90.68775446100005,
                23.492475265000053
              ],
              [
                90.57612541400005,
                23.49571168500006
              ],
              [
                90.57762351500008,
                23.45149069300004
              ],
              [
                90.53877772300007,
                23.389207036000073
              ],
              [
                90.59067372200008,
                23.335945844000037
              ],
              [
                90.63235458300005,
                23.336476386000072
              ],
              [
                90.62626533000008,
                23.355637302000048
              ],
              [
                90.67333525300006,
                23.320576799000037
              ],
              [
                90.68157220300003,
                23.324604219000037
              ],
              [
                90.66851650300003,
                23.335989750000067
              ],
              [
                90.66726713500003,
                23.342649927000025
              ],
              [
                90.67341397000007,
                23.350378749000072
              ],
              [
                90.68325785600007,
                23.325373126000045
              ],
              [
                90.67219294300008,
                23.31855046800007
              ],
              [
                90.63906879300004,
                23.333437841000034
              ],
              [
                90.66528256900006,
                23.275444569000058
              ],
              [
                90.63706205900007,
                23.22714107400003
              ],
              [
                90.65019594900008,
                23.126937100000077
              ],
              [
                90.64035257300009,
                23.143306734000078
              ],
              [
                90.64654932200006,
                22.984368093000057
              ],
              [
                90.66967523400007,
                23.01545372700008
              ],
              [
                90.66265181600005,
                23.050952167000048
              ],
              [
                90.69344476200007,
                23.062791668000045
              ],
              [
                90.73089652400006,
                23.041903026000057
              ],
              [
                90.79199856500009,
                23.078154102000042
              ],
              [
                90.79599003400006,
                23.118077662000076
              ],
              [
                90.83630484600008,
                23.13815035600004
              ],
              [
                90.84682263000008,
                23.16706083200006
              ],
              [
                90.89149193300005,
                23.17197137000005
              ],
              [
                90.96398736200007,
                23.128344283000047
              ],
              [
                91.00910452900007,
                23.14210629200005
              ],
              [
                91.00001604200008,
                23.18171813600003
              ],
              [
                91.03001632800004,
                23.22940761500007
              ],
              [
                90.95589520000004,
                23.348188555000036
              ],
              [
                90.93246781400006,
                23.347135880000053
              ],
              [
                90.93023375300004,
                23.376852968000037
              ],
              [
                90.89808742300005,
                23.395978780000064
              ],
              [
                90.87700918400003,
                23.454419487000052
              ],
              [
                90.84014512600004,
                23.475488132000066
              ],
              [
                90.81061151800003,
                23.442999220000047
              ],
              [
                90.79115391600004,
                23.433900662000042
              ],
              [
                90.77103887300007,
                23.44927573500007
              ],
              [
                90.75668099000006,
                23.416030830000068
              ],
              [
                90.73650554000005,
                23.427611538000065
              ],
              [
                90.73634075400008,
                23.41486403600004
              ],
              [
                90.68775446100005,
                23.492475265000053
              ]
            ]
          ]
        ]
      },
      "properties": {
        "id": "bgd-adm2-16705992b70711841490613",
        "name": "Chandpur",
        "level": "admin",
        "admin_level": "district",
        "status": "official",
        "confidence": "high",
        "source_url": "https://www.geoboundaries.org/api/current/gbOpen/BGD/ADM2/",
        "source_license": "CC-BY 4.0 (geoBoundaries gbOpen)",
        "retrieved_at": "2026-08-23T10:15:21Z"
      }
    },
    {
      "type": "Feature",
      "geometry": {
        "type": "MultiPolygon",
        "coordinates": [
          [
            [
              [
                91.87037245200008,
                22.154200107000065
              ],
              [
                91.87851866300008,
                22.15918384200006
              ],
              [
                91.87057749100006,
                22.159991990000037
              ],
              [
                91.87037245200008,
                22.154200107000065
              ]
            ]
          ],
          [
            [
              [
                91.87069467300006,
                22.333105088000025
              ],
              [
                91.88372564300005,
                22.34717108600006
              ],
              [
                91.88322910900007,
                22.357988942000077
              ],
              [
                91.87512378300005,
                22.35216927600004
              ],
              [
                91.87069467300006,
                22.333105088000025
              ]
            ]
          ],
          [
            [
              [
                91.87848174100009,
                22.36796016900007
              ],
              [
                91.87997923500006,
                22.369435957000064
              ],
              [
                91.87986424000007,
                22.370452972000066
              ],
              [
                91.87848174100009,
                22.36796016900007
              ]
            ]
          ],
          [
            [
              [
                91.96496652700006,
                22.414181383000027
              ],
              [
                91.96707517200008,
                22.417918850000035
              ],
              [
                91.95926014800006,
                22.41956705800004
              ],
              [
                91.96496652700006,
                22.414181383000027
              ]
            ]
          ],
          [
            [
              [
                91.39853322400006,
                22.422574703000066
              ],
              [
                91.35312951100008,
                22.376455547000035
              ],
              [
                91.35477259100008,
                22.370992987000022
              ],
              [
                91.40537846300003,
                22.382462598000075
              ],
              [
                91.39853322400006,
                22.422574703000066
              ]
            ]
          ],
          [
            [
              [
                91.33942567700007,
                22.52601656300004
              ],
              [
                91.34340171100007,
                22.517361251000068
              ],
              [
                91.34005271000007,
                22.526135820000036
              ],
              [
                91.33942567700007,
                22.52601656300004
              ]
            ]
          ],
          [
            [
              [
                91.33919096000005,
                22.530096601000025
              ],
              [
                91.34474083400005,
                22.54409184700006
              ],
              [
                91.35302277900007,
                22.526672560000065
              ],
              [
                91.35537864000008,
                22.546655223000073
              ],
              [
                91.33258901600004,
                22.564883414000064
              ],
              [
                91.33919096000005,
                22.530096601000025
              ]
            ]
          ],
          [
            [
              [
                91.52971948500004,
                22.390426889000025
              ],
              [
                91.56841456000006,
                22.409412471000053
              ],
              [
                91.56616166400005,
                22.468645907000052
              ],
              [
                91.47616443400005,
                22.595149415000037
              ],
              [
                91.43274825300006,
                22.603902623000067
              ],
              [
                91.41987681400008,
                22.52324396000006
              ],
              [
                91.43643286000008,
                22.475015417000066
              ],
              [
                91.48042798700004,
                22.399819190000073
              ],
              [
                91.52971948500004,
                22.390426889000025
              ]
            ]
          ],
          [
            [
              [
                91.34923620900008,
                22.60415718400003
              ],
              [
                91.35243121400003,
                22.609818033000067
              ],
              [
                91.34975540500005,
                22.609888261000037
              ],
              [
                91.34923620900008,
                22.60415718400003
              ]
            ]
          ],
          [
            [
              [
                91.33220808900006,
                22.565661091000038
              ],
              [
                91.35345303100007,
                22.574775505000048
              ],
              [
                91.34388961200005,
                22.611491025000078
              ],
              [
                91.31111546600005,
                22.602810281000075
              ],
              [
                91.33220808900006,
                22.565661091000038
              ]
            ]
          ],
          [
            [
              [
                91.31818293400005,
                22.649888908000037
              ],
              [
                91.38874829000008,
                22.627356680000048
              ],
              [
                91.41027048500007,
                22.680362724000076
              ],
              [
                91.33841266400003,
                22.732051381000076
              ],
              [
                91.34317560700003,
                22.68581308000006
              ],
              [
                91.31818293400005,
                22.649888908000037
              ]
            ]
          ],
          [
            [
              [
                92.14593679800004,
                22.347740998000063
              ],
              [
                92.09915014200004,
                22.400402620000023
              ],
              [
                92.14278239800007,
                22.436776630000054
              ],
              [
                92.08104980600007,
                22.608992684000043
              ],
              [
                92.04525686000005,
                22.607096960000035
              ],
              [
                92.03744750700008,
                22.623250072000076
              ],
              [
                92.01285788000007,
                22.604944646000035
              ],
              [
                92.02808098100007,
                22.527747729000055
              ],
              [
                92.01616703000008,
                22.49922605300003
              ],
              [
                91.98087115200008,
                22.483238804000052
              ],
              [
                91.94125540300007,
                22.607260589000077
              ],
              [
                91.94297835700007,
                22.668957007000074
              ],
              [
                91.92393524800008,
                22.69923462400004
              ],
              [
                91.88330493100005,
                22.697237302000076
              ],
              [
                91.88695479400008,
                22.765832998000064
              ],
              [
                91.85645288700005,
                22.756992902000036
              ],
              [
                91.85681217300004,
                22.777705121000054
              ],
              [
                91.81202357300003,
                22.79328762700004
              ],
              [
                91.79287920700006,
                22.76882042400007
              ],
              [
                91.75474830000007,
                22.862088524000058
              ],
              [
                91.71642267200008,
                22.886940639000045
              ],
              [
                91.73064103500008,
                22.940223564000064
              ],
              [
                91.71283833600006,
                22.98891556700005
              ],
              [
                91.64532774700007,
                22.98512696800003
              ],
              [
                91.61988231500004,
                22.93854507700007
              ],
              [
                91.59038225400008,
                22.977057579000075
              ],
              [
                91.56592657100003,
                22.94705532300003
              ],
              [
                91.52748477900008,
                22.94730988200007
              ],
              [
                91.53881519100008,
                22.929908814000044
              ],
              [
                91.51221276900009,
                22.90184309400007
              ],
              [
                91.45870767100007,
                22.90196624600003
              ],
              [
                91.47449732200005,
                22.874888423000073
              ],
              [
                91.44307590700004,
                22.802231624000058
              ],
              [
                91.45633169500007,
                22.752555177000033
              ],
              [
                91.70869562700005,
                22.488229122000064
              ],
              [
                91.73700143600007,
                22.429072878000056
              ],
              [
                91.76349050500005,
                22.278088212000057
              ],
              [
                91.799773,
                22.226166101000047
              ],
              [
                91.83362811700005,
                22.259631812000066
              ],
              [
                91.79829484600003,
                22.27890360400005
              ],
              [
                91.79441586300004,
                22.29682001900005
              ],
              [
                91.81906670500007,
                22.320631277000075
              ],
              [
                91.86197609500005,
                22.333859408000023
              ],
              [
                91.89084972600006,
                22.406284930000027
              ],
              [
                91.88224738000008,
                22.418690818000073
              ],
              [
                91.89017842400006,
                22.427906286000052
              ],
              [
                91.87664746100006,
                22.429866574000073
              ],
              [
                91.86991709600005,
                22.435858375000066
              ],
              [
                91.85828419800004,
                22.452539311000066
              ],
              [
                91.85450762500005,
                22.46333501500004
              ],
              [
                91.85674716800008,
                22.467430938000064
              ],
              [
                91.86846264900004,
                22.473567725000066
              ],
              [
                91.87469074000006,
                22.468298555000047
              ],
              [
                91.88114835900006,
                22.477721056000064
              ],
              [
                91.87606324900008,
                22.467625329000043
              ],
              [
                91.85602403600006,
                22.46379535600005
              ],
              [
                91.89113864900008,
                22.42999608200006
              ],
              [
                91.89315721700007,
                22.40589951000004
              ],
              [
                91.92736209300006,
                22.42425161600005
              ],
              [
                91.95105274200006,
                22.425340907000077
              ],
              [
                91.98177013200007,
                22.415888018000032
              ],
              [
                91.96919510500004,
                22.411083554000072
              ],
              [
                91.94461966400007,
                22.422431956000025
              ],
              [
                91.91144671700005,
                22.41386792000003
              ],
              [
                91.88085812500003,
                22.339259869000045
              ],
              [
                91.85978808400006,
                22.32382160800006
              ],
              [
                91.82528872400007,
                22.31728448800004
              ],
              [
                91.79814414400005,
                22.291255639000042
              ],
              [
                91.84068415600007,
                22.263347577000047
              ],
              [
                91.81232203900004,
                22.20820743200005
              ],
              [
                91.84277653500004,
                22.117184724000026
              ],
              [
                91.85292930500003,
                22.116998134000028
              ],
              [
                91.84208401600006,
                22.142427789000067
              ],
              [
                91.84952797000005,
                22.15467353500003
              ],
              [
                91.86172493500004,
                22.149755613000025
              ],
              [
                91.85917637900008,
                22.135400184000048
              ],
              [
                91.90458261900005,
                22.125489139000024
              ],
              [
                91.87677936400007,
                22.14409051900003
              ],
              [
                91.86969068500008,
                22.15355063800007
              ],
              [
                91.86835384300008,
                22.159181277000073
              ],
              [
                91.87042563100005,
                22.160651021000035
              ],
              [
                91.87927741200008,
                22.160787972000037
              ],
              [
                91.90283430900007,
                22.155198331000065
              ],
              [
                91.91760520200006,
                22.187521246000074
              ],
              [
                91.93216755200007,
                22.168950666000057
              ],
              [
                91.93814425800008,
                22.181543600000055
              ],
              [
                91.97771600400006,
                22.176886511000077
              ],
              [
                91.98695003200004,
                22.165365187000077
              ],
              [
                91.97127566300009,
                22.158865250000076
              ],
              [
                91.99744472100008,
                22.143587928000045
              ],
              [
                91.97119528300004,
                22.15540156800006
              ],
              [
                91.96986964400008,
                22.16611012900006
              ],
              [
                91.98463229600009,
                22.167006229000037
              ],
              [
                91.97785650600008,
                22.175451203000023
              ],
              [
                91.92805416500005,
                22.168282566000073
              ],
              [
                91.91814882400007,
                22.18506552300005
              ],
              [
                91.90476258600006,
                22.154000108000048
              ],
              [
                91.87682566600006,
                22.15000415700007
              ],
              [
                91.90397231600008,
                22.134934685000076
              ],
              [
                91.90736885300004,
                22.125277397000048
              ],
              [
                91.90452321900005,
                22.12106948400003
              ],
              [
                91.86007386500006,
                22.129511859000047
              ],
              [
                91.84715731900008,
                22.149921266000035
              ],
              [
                91.91656643800007,
                21.858419516000026
              ],
              [
                91.97194457300003,
                21.904340434000062
              ],
              [
                92.03625143100004,
                21.904015101000027
              ],
              [
                92.03970785500007,
                21.923837872000036
              ],
              [
                92.06004910600006,
                21.907799492000038
              ],
              [
                92.11850096700005,
                21.93458240500007
              ],
              [
                92.12971878600007,
                21.90157451700003
              ],
              [
                92.17453910000006,
                21.909844425000074
              ],
              [
                92.15983631500006,
                21.945394814000053
              ],
              [
                92.21387202300008,
                21.974102414000072
              ],
              [
                92.20098873000006,
                21.989389982000034
              ],
              [
                92.21616131300004,
                22.005438080000033
              ],
              [
                92.17745590700008,
                22.02435359900005
              ],
              [
                92.16131192600005,
                22.043631921000042
              ],
              [
                92.17644738600006,
                22.063953449000053
              ],
              [
                92.14117012900005,
                22.09167331200007
              ],
              [
                92.17323481800008,
                22.11287731500005
              ],
              [
                92.13762656100005,
                22.234465799000077
              ],
              [
                92.14593679800004,
                22.347740998000063
              ]
            ]
          ]
        ]
      },
      "properties": {
        "id": "bgd-adm2-16705992b94200136889214",
        "name": "Chittagong",
        "level": "admin",
        "admin_level": "district",
        "status": "official",
        "confidence": "high",
        "source_url": "https://www.geoboundaries.org/api/current/gbOpen/BGD/ADM2/",
        "source_license": "CC-BY 4.0 (geoBoundaries gbOpen)",
        "retrieved_at": "2026-08-23T10:15:21Z"
      }
    },
    {
      "type": "Feature",
      "geometry": {
        "type": "Polygon",
        "coordinates": [
          [
            [
              89.01726061300008,
              23.70874473600003
            ],
            [
              88.98956675700003,
              23.752207103000046
            ],
            [
              89.00545883500007,
              23.787207025000043
            ],
            [
              88.95761054500008,
              23.808961689000057
            ],
            [
              88.91109644800008,
              23.78390590400005
            ],
            [
              88.92222585900004,
              23.816404313000078
            ],
            [
              88.90701348000005,
              23.83812626100007
            ],
            [
              88.85144816400003,
              23.83286498800004
            ],
            [
              88.81790193900008,
              23.771172619000026
            ],
            [
              88.78848046300004,
              23.767486763000022
            ],
            [
              88.77377880000006,
              23.699766628000077
            ],
            [
              88.64483361800006,
              23.63941679900006
            ],
            [
              88.63470886700009,
              23.61485893500003
            ],
            [
              88.65966776200008,
              23.54921590300006
            ],
            [
              88.72406715200003,
              23.512600288000044
            ],
            [
              88.74136837400005,
              23.479782568000076
            ],
            [
              88.77489429700006,
              23.48036684300007
            ],
            [
              88.77049020900006,
              23.49713089900007
            ],
            [
              88.78655176400008,
              23.507391488000053
            ],
            [
              88.80042407300004,
              23.497637170000075
            ],
            [
              88.79540900700005,
              23.44360419700007
            ],
            [
              88.76282872200005,
              23.446972278000032
            ],
            [
              88.74876517700005,
              23.398148952000042
            ],
            [
              88.77215894500006,
              23.36275114600005
            ],
            [
              88.78422021300008,
              23.380646787000046
            ],
            [
              88.79664654200008,
              23.370630196000036
            ],
            [
              88.81539692700005,
              23.38890567800007
            ],
            [
              88.82713195400004,
              23.374624590000053
            ],
            [
              88.83405367600005,
              23.390660352000054
            ],
            [
              88.85511230100008,
              23.374589720000074
            ],
            [
              88.87756576600003,
              23.406716833000075
            ],
            [
              88.93486911400004,
              23.41304630700006
            ],
            [
              88.94452289600008,
              23.440251225000054
            ],
            [
              88.91820138300005,
              23.441270005000035
            ],
            [
              88.94515999600009,
              23.481924384000024
            ],
            [
              88.93451046000007,
              23.536739158000046
            ],
            [
              88.94728418100004,
              23.551953323000077
            ],
            [
              88.97781963900007,
              23.54601983300006
            ],
            [
              89.01032742000007,
              23.626259109000046
            ],
            [
              89.01726061300008,
              23.70874473600003
            ]
          ]
        ]
      },
      "properties": {
        "id": "bgd-adm2-16705992b19758630986204",
        "name": "Chuadanga",
        "level": "admin",
        "admin_level": "district",
        "status": "official",
        "confidence": "high",
        "source_url": "https://www.geoboundaries.org/api/current/gbOpen/BGD/ADM2/",
        "source_license": "CC-BY 4.0 (geoBoundaries gbOpen)",
        "retrieved_at": "2026-08-23T10:15:21Z"
      }
    },
    {
      "type": "Feature",
      "geometry": {
        "type": "Polygon",
        "coordinates": [
          [
            [
              90.74114421900003,
              23.69262047600006
            ],
            [
              90.72157282300003,
              23.661730603000024
            ],
            [
              90.63998802500004,
              23.674533874000076
            ],
            [
              90.62995184500005,
              23.620769550000034
            ],
            [
              90.65305367500008,
              23.62040421200004
            ],
            [
              90.66716696800006,
              23.592483731000073
            ],
            [
              90.64699509300004,
              23.57598998900005
            ],
            [
              90.68728279500004,
              23.557371145000047
            ],
            [
              90.71063212500007,
              23.516069857000048
            ],
            [
              90.68775446100005,
              23.492475265000053
            ],
            [
              90.73397554300004,
              23.415697691000048
            ],
            [
              90.75668099000006,
              23.416030830000068
            ],
            [
              90.77103887300007,
              23.44927573500007
            ],
            [
              90.79428293900008,
              23.43353420300008
            ],
            [
              90.84226404600008,
              23.47571379900006
            ],
            [
              90.87700918400003,
              23.454419487000052
            ],
            [
              90.93246781400006,
              23.347135880000053
            ],
            [
              90.95589520000004,
              23.348188555000036
            ],
            [
              91.03001632800004,
              23.22940761500007
            ],
            [
              91.00001604200008,
              23.18171813600003
            ],
            [
              91.00950053800005,
              23.142491020000023
            ],
            [
              90.98174576800005,
              23.137368233000075
            ],
            [
              90.98450382500005,
              23.11781610500003
            ],
            [
              91.03556227400009,
              23.114657007000062
            ],
            [
              91.04298890000007,
              23.090431274000025
            ],
            [
              91.07943563100008,
              23.071601783000062
            ],
            [
              91.15990228700008,
              23.084072286000037
            ],
            [
              91.18526597100004,
              23.060251503000075
            ],
            [
              91.30202925800006,
              23.047953232000054
            ],
            [
              91.37150663400007,
              23.068949244000066
            ],
            [
              91.32331542300005,
              23.15822059100003
            ],
            [
              91.32654204300007,
              23.252436988000056
            ],
            [
              91.30015764400008,
              23.292576651000047
            ],
            [
              91.31308028400008,
              23.306479799000044
            ],
            [
              91.28979783300008,
              23.318658329000073
            ],
            [
              91.32001958100005,
              23.360237394000023
            ],
            [
              91.29099285500007,
              23.35079052900005
            ],
            [
              91.24926189000007,
              23.49031208200006
            ],
            [
              91.20070881900006,
              23.520161983000037
            ],
            [
              91.21290363000008,
              23.550553939000054
            ],
            [
              91.19438226300008,
              23.547323222000045
            ],
            [
              91.16244075700007,
              23.59519612400004
            ],
            [
              91.15643073100006,
              23.66929927800004
            ],
            [
              91.12731797700008,
              23.667748755000048
            ],
            [
              91.09899313900007,
              23.706910036000068
            ],
            [
              91.10964370700003,
              23.715721075000033
            ],
            [
              91.06764094700009,
              23.732095179000055
            ],
            [
              91.03529067300008,
              23.795417516000043
            ],
            [
              90.90117290800004,
              23.76646742400004
            ],
            [
              90.87079954300003,
              23.71865430400004
            ],
            [
              90.79909735900009,
              23.74628147900006
            ],
            [
              90.77486945600003,
              23.71422566600006
            ],
            [
              90.78388283900006,
              23.685297742000046
            ],
            [
              90.74114421900003,
              23.69262047600006
            ]
          ]
        ]
      },
      "properties": {
        "id": "bgd-adm2-16705992b59490572634285",
        "name": "Comilla",
        "level": "admin",
        "admin_level": "district",
        "status": "official",
        "confidence": "high",
        "source_url": "https://www.geoboundaries.org/api/current/gbOpen/BGD/ADM2/",
        "source_license": "CC-BY 4.0 (geoBoundaries gbOpen)",
        "retrieved_at": "2026-08-23T10:15:21Z"
      }
    },
    {
      "type": "Feature",
      "geometry": {
        "type": "MultiPolygon",
        "coordinates": [
          [
            [
              [
                92.32719051500004,
                20.635427098000036
              ],
              [
                92.31504878600003,
                20.62813565700003
              ],
              [
                92.33028988900008,
                20.590609348000044
              ],
              [
                92.33204729400006,
                20.601051143000063
              ],
              [
                92.32719051500004,
                20.635427098000036
              ]
            ]
          ],
          [
            [
              [
                92.28669777000005,
                20.904489128000023
              ],
              [
                92.27956492900006,
                20.920401601000037
              ],
              [
                92.27288319600007,
                20.925890646000028
              ],
              [
                92.27453153200008,
                20.917171492000023
              ],
              [
                92.28669777000005,
                20.904489128000023
              ]
            ]
          ],
          [
            [
              [
                92.26345098300004,
                20.987804895000068
              ],
              [
                92.26631497100004,
                20.98794599300004
              ],
              [
                92.26379069200004,
                20.99347517700005
              ],
              [
                92.26345098300004,
                20.987804895000068
              ]
            ]
          ],
          [
            [
              [
                91.96727991900008,
                21.50185299700007
              ],
              [
                91.97169186200006,
                21.505241864000027
              ],
              [
                91.96570142300004,
                21.504093845000057
              ],
              [
                91.96727991900008,
                21.50185299700007
              ]
            ]
          ],
          [
            [
              [
                91.84649884500004,
                21.525246309000067
              ],
              [
                91.85056261300008,
                21.525488040000027
              ],
              [
                91.84700924600008,
                21.52925525300003
              ],
              [
                91.84649884500004,
                21.525246309000067
              ]
            ]
          ],
          [
            [
              [
                91.83796228200003,
                21.53487526500004
              ],
              [
                91.84168938000005,
                21.53877706000003
              ],
              [
                91.84055282800006,
                21.539793257000042
              ],
              [
                91.83796228200003,
                21.53487526500004
              ]
            ]
          ],
          [
            [
              [
                91.99183560100005,
                21.60123020900005
              ],
              [
                91.99826742100004,
                21.600722972000028
              ],
              [
                91.99641986500006,
                21.60757912300005
              ],
              [
                91.99183560100005,
                21.60123020900005
              ]
            ]
          ],
          [
            [
              [
                91.85072176600005,
                21.581735515000048
              ],
              [
                91.86596030900006,
                21.622475591000068
              ],
              [
                91.84663578100003,
                21.610074202000078
              ],
              [
                91.85072176600005,
                21.581735515000048
              ]
            ]
          ],
          [
            [
              [
                92.00527871700007,
                21.601451116000078
              ],
              [
                92.00838287800008,
                21.611640436000073
              ],
              [
                92.00042291000005,
                21.623683581000023
              ],
              [
                92.00527871700007,
                21.601451116000078
              ]
            ]
          ],
          [
            [
              [
                91.88170011400007,
                21.64354415400004
              ],
              [
                91.88531556400005,
                21.64443509000006
              ],
              [
                91.88594938900007,
                21.646005012000046
              ],
              [
                91.88170011400007,
                21.64354415400004
              ]
            ]
          ],
          [
            [
              [
                91.87017460400006,
                21.923086931000057
              ],
              [
                91.84633437400004,
                21.899350240000047
              ],
              [
                91.83361263300009,
                21.72114639600005
              ],
              [
                91.89462820100005,
                21.860808226000074
              ],
              [
                91.87017460400006,
                21.923086931000057
              ]
            ]
          ],
          [
            [
              [
                92.08335956700006,
                21.876749133000033
              ],
              [
                92.03970785500007,
                21.923837872000036
              ],
              [
                92.03625143100004,
                21.904015101000027
              ],
              [
                91.97194457300003,
                21.904340434000062
              ],
              [
                91.96538314300005,
                21.883421260000034
              ],
              [
                91.92258169600007,
                21.875720474000047
              ],
              [
                91.85539573000005,
                21.68367227500005
              ],
              [
                91.88247648000004,
                21.64726309300005
              ],
              [
                91.88842681900007,
                21.653719059000025
              ],
              [
                91.87766939600004,
                21.67419768800005
              ],
              [
                91.87869746400008,
                21.68642083000003
              ],
              [
                91.88600397800008,
                21.693841021000026
              ],
              [
                91.90531677800004,
                21.698581225000055
              ],
              [
                91.87978650500008,
                21.683684382000024
              ],
              [
                91.89201110700003,
                21.64478654000004
              ],
              [
                91.85920703900007,
                21.566541237000024
              ],
              [
                91.89069869100007,
                21.54532567600006
              ],
              [
                91.85047660500004,
                21.53079398600005
              ],
              [
                91.91312492000009,
                21.469651916000032
              ],
              [
                91.93767517000003,
                21.488342472000056
              ],
              [
                91.91931330100005,
                21.489940199000046
              ],
              [
                91.90339146300005,
                21.502500637000026
              ],
              [
                91.93941578000005,
                21.491712714000073
              ],
              [
                91.97676890600007,
                21.509626320000052
              ],
              [
                91.99243208200005,
                21.613050943000076
              ],
              [
                91.96053396200006,
                21.669248879000065
              ],
              [
                91.94666631200005,
                21.71017686500005
              ],
              [
                91.94740778300007,
                21.71585523500005
              ],
              [
                91.96306786100007,
                21.669481672000074
              ],
              [
                91.99767248700005,
                21.63179321900003
              ],
              [
                92.00886189000005,
                21.613020625000047
              ],
              [
                92.00741077100008,
                21.600421831000062
              ],
              [
                92.01052563300004,
                21.62246273100004
              ],
              [
                92.01997173500007,
                21.607103405000032
              ],
              [
                91.99222634500006,
                21.570018884000035
              ],
              [
                92.02034294000003,
                21.49786124900004
              ],
              [
                92.00169717100005,
                21.516006924000067
              ],
              [
                91.96982488700007,
                21.457902468000043
              ],
              [
                91.96969180200006,
                21.476482815000054
              ],
              [
                91.94885473500005,
                21.459322774000043
              ],
              [
                92.03490542600008,
                21.328596676000075
              ],
              [
                92.04617743100005,
                21.184572811000066
              ],
              [
                92.17880319900007,
                21.020673499000054
              ],
              [
                92.30615425500008,
                20.775279693000073
              ],
              [
                92.33109954800005,
                20.746514391000062
              ],
              [
                92.34986661200008,
                20.740487622000046
              ],
              [
                92.30210851400005,
                20.88438878100004
              ],
              [
                92.27013509600005,
                20.919486789000075
              ],
              [
                92.25123342700005,
                21.025598976000026
              ],
              [
                92.25832559400004,
                21.078792975000056
              ],
              [
                92.20044286000007,
                21.124371568000072
              ],
              [
                92.19933095600004,
                21.161285329000066
              ],
              [
                92.17580618100004,
                21.15997930800006
              ],
              [
                92.16624098600005,
                21.221006758000044
              ],
              [
                92.19270036400007,
                21.26663082600004
              ],
              [
                92.15185509500003,
                21.321760227000027
              ],
              [
                92.12644861000007,
                21.40048560400004
              ],
              [
                92.16397900500004,
                21.431925040000067
              ],
              [
                92.18779267600007,
                21.426484543000072
              ],
              [
                92.20188080600008,
                21.390525511000078
              ],
              [
                92.24697572400004,
                21.403017008000063
              ],
              [
                92.22936900800005,
                21.446342711000057
              ],
              [
                92.23875990600004,
                21.475324872000044
              ],
              [
                92.15953529400008,
                21.533179996000058
              ],
              [
                92.18467492300005,
                21.568387677000032
              ],
              [
                92.17357869200004,
                21.59998577300007
              ],
              [
                92.14749938100005,
                21.59566054800007
              ],
              [
                92.09879564400006,
                21.643906409000067
              ],
              [
                92.11220547600004,
                21.666029396000056
              ],
              [
                92.09230646800006,
                21.68848007500003
              ],
              [
                92.11420814700006,
                21.705700231000037
              ],
              [
                92.11579776400004,
                21.741114570000036
              ],
              [
                92.15820027700005,
                21.73458872300006
              ],
              [
                92.17643089900008,
                21.789174037000066
              ],
              [
                92.18067100300004,
                21.789158755000074
              ],
              [
                92.18085332500004,
                21.778603819000068
              ],
              [
                92.18869385800008,
                21.773853907000046
              ],
              [
                92.21215967200004,
                21.785560415000077
              ],
              [
                92.20564711200007,
                21.814067671000032
              ],
              [
                92.16836085100005,
                21.84490775300003
              ],
              [
                92.19049808000005,
                21.777075755000055
              ],
              [
                92.18249292300004,
                21.778821192000066
              ],
              [
                92.18228876000006,
                21.789242649000073
              ],
              [
                92.17839298400008,
                21.791568247000043
              ],
              [
                92.16665425800005,
                21.779705739000065
              ],
              [
                92.16517920100006,
                21.774551058000043
              ],
              [
                92.08051918500007,
                21.809926177000023
              ],
              [
                92.08335956700006,
                21.876749133000033
              ]
            ]
          ]
        ]
      },
      "properties": {
        "id": "bgd-adm2-16705992b34517682786426",
        "name": "Cox's Bazar",
        "level": "admin",
        "admin_level": "district",
        "status": "official",
        "confidence": "high",
        "source_url": "https://www.geoboundaries.org/api/current/gbOpen/BGD/ADM2/",
        "source_license": "CC-BY 4.0 (geoBoundaries gbOpen)",
        "retrieved_at": "2026-08-23T10:15:21Z"
      }
    },
    {
      "type": "Feature",
      "geometry": {
        "type": "Polygon",
        "coordinates": [
          [
            [
              90.14755261800008,
              24.03354300500007
            ],
            [
              90.10817527800003,
              24.017570036000052
            ],
            [
              90.07508097600004,
              24.04115458800004
            ],
            [
              90.02470298500003,
              24.02104077100006
            ],
            [
              90.01652791400005,
              24.044324378000056
            ],
            [
              90.00457313300006,
              24.016398942000023
            ],
            [
              90.05643045300008,
              23.999556838000046
            ],
            [
              90.03801497100005,
              23.97171625200008
            ],
            [
              90.07423522700003,
              23.959842904000027
            ],
            [
              90.06832891500005,
              23.908263100000056
            ],
            [
              90.10800067100007,
              23.895784583000022
            ],
            [
              90.15088063400003,
              23.827954486000067
            ],
            [
              90.18540735700003,
              23.818302258000074
            ],
            [
              90.20354627900008,
              23.837984404000053
            ],
            [
              90.24539716100008,
              23.838950897000075
            ],
            [
              90.24114041300004,
              23.778170927000076
            ],
            [
              90.21855734600007,
              23.748314554000046
            ],
            [
              90.25568188400007,
              23.715592273000027
            ],
            [
              90.18839921900008,
              23.716561608000063
            ],
            [
              90.14612713700006,
              23.748140311000043
            ],
            [
              90.11470355800003,
              23.717157126000075
            ],
            [
              90.05123130900006,
              23.725760924000042
            ],
            [
              90.00708183900008,
              23.643992535000052
            ],
            [
              90.04476068000008,
              23.629011571000035
            ],
            [
              90.04648820300008,
              23.57393396300006
            ],
            [
              90.12989491600007,
              23.565098238000076
            ],
            [
              90.15825715400007,
              23.522147180000047
            ],
            [
              90.17431140100007,
              23.52458246300006
            ],
            [
              90.17716190100003,
              23.55575845800007
            ],
            [
              90.20461444800009,
              23.56504157100005
            ],
            [
              90.24960533100005,
              23.654479224000056
            ],
            [
              90.28618321000005,
              23.673856036000075
            ],
            [
              90.34526053800005,
              23.63697443700005
            ],
            [
              90.39047133300005,
              23.649856714000066
            ],
            [
              90.43019340800004,
              23.608605170000033
            ],
            [
              90.47098283200006,
              23.629663722000032
            ],
            [
              90.45248019200005,
              23.675264845000072
            ],
            [
              90.51279451900007,
              23.709568966000063
            ],
            [
              90.47092817800007,
              23.783551699000043
            ],
            [
              90.48778643200006,
              23.81763863900005
            ],
            [
              90.46456180600006,
              23.84444565900003
            ],
            [
              90.46004464100008,
              23.894562549000057
            ],
            [
              90.39571533000009,
              23.88015701000006
            ],
            [
              90.37715303900006,
              23.89804009100004
            ],
            [
              90.35033201900006,
              23.88223068700006
            ],
            [
              90.34084216000008,
              23.95556983700004
            ],
            [
              90.30017395600004,
              23.948835874000054
            ],
            [
              90.26013256100003,
              23.971131309000043
            ],
            [
              90.24648402500009,
              24.032996324000067
            ],
            [
              90.23971387200004,
              24.009210951000057
            ],
            [
              90.17637857600005,
              24.000330064000025
            ],
            [
              90.14755261800008,
              24.03354300500007
            ]
          ]
        ]
      },
      "properties": {
        "id": "bgd-adm2-16705992b90744549146712",
        "name": "Dhaka",
        "level": "admin",
        "admin_level": "district",
        "status": "official",
        "confidence": "high",
        "source_url": "https://www.geoboundaries.org/api/current/gbOpen/BGD/ADM2/",
        "source_license": "CC-BY 4.0 (geoBoundaries gbOpen)",
        "retrieved_at": "2026-08-23T10:15:21Z"
      }
    },
    {
      "type": "Feature",
      "geometry": {
        "type": "Polygon",
        "coordinates": [
          [
            [
              88.66959194200007,
              26.013133596000046
            ],
            [
              88.61593919000006,
              26.062894653000058
            ],
            [
              88.58933332600003,
              26.02039592400007
            ],
            [
              88.54586474100006,
              26.019188119000034
            ],
            [
              88.53687209000003,
              25.951893707000067
            ],
            [
              88.51190271200005,
              25.941331398000045
            ],
            [
              88.50766812600006,
              25.91784463500005
            ],
            [
              88.50626576700006,
              25.926088097000047
            ],
            [
              88.49566890000006,
              25.927918374000058
            ],
            [
              88.50182586600005,
              25.905614452000066
            ],
            [
              88.47998997200006,
              25.902705815000047
            ],
            [
              88.48426228700004,
              25.865602141000068
            ],
            [
              88.42214578600004,
              25.871018184000036
            ],
            [
              88.42244090300005,
              25.855510781000078
            ],
            [
              88.40846274300009,
              25.86844927100003
            ],
            [
              88.38627162100005,
              25.839755660000037
            ],
            [
              88.39208212300008,
              25.74332243300006
            ],
            [
              88.42843796700004,
              25.728659290000053
            ],
            [
              88.42711398500006,
              25.669703081000023
            ],
            [
              88.45436863600008,
              25.663554017000024
            ],
            [
              88.44430914000003,
              25.597029124000073
            ],
            [
              88.49989552600005,
              25.584054243000026
            ],
            [
              88.49750334300006,
              25.555720687000075
            ],
            [
              88.53307647800005,
              25.542199355000037
            ],
            [
              88.53989683700007,
              25.50838715900005
            ],
            [
              88.60905883700008,
              25.51643466200005
            ],
            [
              88.66296953400007,
              25.47376869900006
            ],
            [
              88.69951242400003,
              25.471310209000023
            ],
            [
              88.70750736500008,
              25.499945204000028
            ],
            [
              88.76477508800008,
              25.494955599000036
            ],
            [
              88.76162467800003,
              25.52595864600005
            ],
            [
              88.81059072500005,
              25.523202753000078
            ],
            [
              88.83927637700003,
              25.458676050000065
            ],
            [
              88.82994585700004,
              25.41704926600005
            ],
            [
              88.81238093500008,
              25.41051036400006
            ],
            [
              88.84079713700004,
              25.397732146000067
            ],
            [
              88.84010651600005,
              25.36387029200006
            ],
            [
              88.88380729400006,
              25.326410934000023
            ],
            [
              88.90514235400008,
              25.338443127000062
            ],
            [
              88.93916904200006,
              25.300769752000065
            ],
            [
              89.00887664500004,
              25.303140665000058
            ],
            [
              89.00792369600003,
              25.267572572000063
            ],
            [
              89.07038632700005,
              25.26976148400007
            ],
            [
              89.09676577100004,
              25.240624742000023
            ],
            [
              89.15081468200003,
              25.25637403500008
            ],
            [
              89.17471339200006,
              25.234540039000024
            ],
            [
              89.29918138900007,
              25.22250804300006
            ],
            [
              89.25591940600003,
              25.28515979100007
            ],
            [
              89.28252180000004,
              25.301850968000053
            ],
            [
              89.25677936100004,
              25.310788210000055
            ],
            [
              89.26319750000005,
              25.323186856000063
            ],
            [
              89.23781893100005,
              25.319137531000024
            ],
            [
              89.24543403800004,
              25.33414889200003
            ],
            [
              89.22121374100004,
              25.332451598000034
            ],
            [
              89.24613991100006,
              25.35227451700007
            ],
            [
              89.23570706800007,
              25.365448874000037
            ],
            [
              89.22210537200004,
              25.35830472400005
            ],
            [
              89.20205253400007,
              25.394102402000044
            ],
            [
              89.13770132000008,
              25.412138997000056
            ],
            [
              89.14850615800003,
              25.433946251000066
            ],
            [
              89.10458868100005,
              25.474425835000034
            ],
            [
              89.10323369300005,
              25.57023302700003
            ],
            [
              89.01582941300006,
              25.602648591000047
            ],
            [
              88.99791162200006,
              25.658147607000046
            ],
            [
              88.93898338100007,
              25.68566750800005
            ],
            [
              88.93084980000003,
              25.720920636000074
            ],
            [
              88.94608157400006,
              25.730175463000023
            ],
            [
              88.89759593500008,
              25.735296262000077
            ],
            [
              88.88984532900008,
              25.770795427000053
            ],
            [
              88.85601610400005,
              25.777108860000055
            ],
            [
              88.82759843300005,
              25.813170786000057
            ],
            [
              88.80151045200006,
              25.922034047000068
            ],
            [
              88.74448076400006,
              25.93816168500007
            ],
            [
              88.73566413100008,
              26.014134563000027
            ],
            [
              88.66959194200007,
              26.013133596000046
            ]
          ]
        ]
      },
      "properties": {
        "id": "bgd-adm2-16705992b66423446659680",
        "name": "Dinajpur",
        "level": "admin",
        "admin_level": "district",
        "status": "official",
        "confidence": "high",
        "source_url": "https://www.geoboundaries.org/api/current/gbOpen/BGD/ADM2/",
        "source_license": "CC-BY 4.0 (geoBoundaries gbOpen)",
        "retrieved_at": "2026-08-23T10:15:21Z"
      }
    },
    {
      "type": "Feature",
      "geometry": {
        "type": "Polygon",
        "coordinates": [
          [
            [
              90.04476068000008,
              23.629011571000035
            ],
            [
              89.89770255200006,
              23.673691392000023
            ],
            [
              89.86490040800004,
              23.718870982000055
            ],
            [
              89.84636995600005,
              23.701068342000042
            ],
            [
              89.81337069200003,
              23.722096822000026
            ],
            [
              89.79136366600005,
              23.71171559100003
            ],
            [
              89.78983683900003,
              23.682885739000028
            ],
            [
              89.72130629400004,
              23.672598340000036
            ],
            [
              89.72843241500004,
              23.618984933000036
            ],
            [
              89.75465347400007,
              23.597688126000037
            ],
            [
              89.74131955500008,
              23.583221948000073
            ],
            [
              89.71199814800008,
              23.596800809000058
            ],
            [
              89.66975538300005,
              23.58517966900007
            ],
            [
              89.65668100400006,
              23.609814051000058
            ],
            [
              89.62978740300008,
              23.587704549000023
            ],
            [
              89.59766919900005,
              23.60838800600004
            ],
            [
              89.59023306500006,
              23.593766680000044
            ],
            [
              89.56331707600003,
              23.603540628000076
            ],
            [
              89.54637002600003,
              23.559946726000078
            ],
            [
              89.52044255700008,
              23.586951622000072
            ],
            [
              89.49731996600008,
              23.579061368000055
            ],
            [
              89.49951160300003,
              23.55777570500004
            ],
            [
              89.53750409100007,
              23.53606132300007
            ],
            [
              89.50031329100005,
              23.519751321000058
            ],
            [
              89.49390237000006,
              23.476716863000036
            ],
            [
              89.52607990300004,
              23.513109281000027
            ],
            [
              89.60622311700007,
              23.47205430100007
            ],
            [
              89.61759496000008,
              23.38682453200005
            ],
            [
              89.59940738600005,
              23.37915915800005
            ],
            [
              89.60373146300003,
              23.339360784000064
            ],
            [
              89.64536153200004,
              23.298547694000035
            ],
            [
              89.62100736700006,
              23.307718546000046
            ],
            [
              89.62326528700004,
              23.294716406000077
            ],
            [
              89.66907750700005,
              23.278199992000054
            ],
            [
              89.63682950500004,
              23.261615068000026
            ],
            [
              89.63546475500004,
              23.23474178500004
            ],
            [
              89.67036065000008,
              23.244245501000023
            ],
            [
              89.68801293900003,
              23.210391351000055
            ],
            [
              89.75131324100005,
              23.275251223000055
            ],
            [
              89.72874361800007,
              23.303906418000054
            ],
            [
              89.76460997400005,
              23.289607330000024
            ],
            [
              89.82685870600005,
              23.34786116600003
            ],
            [
              89.87077227200007,
              23.321311180000066
            ],
            [
              89.90471413100005,
              23.34219977300006
            ],
            [
              89.92051029000004,
              23.308194850000064
            ],
            [
              89.96059108300005,
              23.328967675000058
            ],
            [
              89.95403929300005,
              23.36041189200006
            ],
            [
              89.99192575200004,
              23.325706940000032
            ],
            [
              90.01899310300007,
              23.325224982000066
            ],
            [
              90.00375531800006,
              23.303490606000025
            ],
            [
              90.01893722200003,
              23.286767390000023
            ],
            [
              90.03407218400008,
              23.340571427000043
            ],
            [
              90.06759440400003,
              23.305185046000076
            ],
            [
              90.09252390000006,
              23.31200816100005
            ],
            [
              90.10227554400007,
              23.333343467000077
            ],
            [
              90.08404766000007,
              23.349151548000066
            ],
            [
              90.11165969900009,
              23.41118135100004
            ],
            [
              90.09310602200009,
              23.412146493000023
            ],
            [
              90.10890281800005,
              23.453661047000026
            ],
            [
              90.14144138400007,
              23.475380691000055
            ],
            [
              90.15744939700005,
              23.466321100000073
            ],
            [
              90.18200348500005,
              23.49803725000004
            ],
            [
              90.12989491600007,
              23.565098238000076
            ],
            [
              90.04648820300008,
              23.57393396300006
            ],
            [
              90.04476068000008,
              23.629011571000035
            ]
          ]
        ]
      },
      "properties": {
        "id": "bgd-adm2-16705992b67131385183639",
        "name": "Faridpur",
        "level": "admin",
        "admin_level": "district",
        "status": "official",
        "confidence": "high",
        "source_url": "https://www.geoboundaries.org/api/current/gbOpen/BGD/ADM2/",
        "source_license": "CC-BY 4.0 (geoBoundaries gbOpen)",
        "retrieved_at": "2026-08-23T10:15:21Z"
      }
    },
    {
      "type": "Feature",
      "geometry": {
        "type": "MultiPolygon",
        "coordinates": [
          [
            [
              [
                91.45382728300007,
                22.767397394000056
              ],
              [
                91.45122576200004,
                22.763140019000048
              ],
              [
                91.45436305500004,
                22.75689226800006
              ],
              [
                91.45382728300007,
                22.767397394000056
              ]
            ]
          ],
          [
            [
              [
                91.37704081100009,
                22.78450880200006
              ],
              [
                91.39166981900007,
                22.775140818000068
              ],
              [
                91.39469994200005,
                22.776619867000022
              ],
              [
                91.37704081100009,
                22.78450880200006
              ]
            ]
          ],
          [
            [
              [
                91.32811281600004,
                22.806294867000076
              ],
              [
                91.31135318800006,
                22.816103011000052
              ],
              [
                91.32813912200004,
                22.797511556000075
              ],
              [
                91.32811281600004,
                22.806294867000076
              ]
            ]
          ],
          [
            [
              [
                91.33101412800005,
                22.845058055000038
              ],
              [
                91.32286954500006,
                22.84390492400007
              ],
              [
                91.32269821800008,
                22.842185751000045
              ],
              [
                91.33101412800005,
                22.845058055000038
              ]
            ]
          ],
          [
            [
              [
                91.46554443000008,
                22.84831722200005
              ],
              [
                91.44895285000007,
                22.826032172000055
              ],
              [
                91.44187135900006,
                22.82661687600006
              ],
              [
                91.43144224900004,
                22.837732466000034
              ],
              [
                91.41730142900008,
                22.812839240000073
              ],
              [
                91.44733292500007,
                22.784520201000078
              ],
              [
                91.46554443000008,
                22.84831722200005
              ]
            ]
          ],
          [
            [
              [
                91.33200322500005,
                22.820655491000025
              ],
              [
                91.33625471700003,
                22.84028027200003
              ],
              [
                91.31977532300004,
                22.839844180000057
              ],
              [
                91.31912141600009,
                22.84422279000006
              ],
              [
                91.32765458400007,
                22.84901502200006
              ],
              [
                91.31132341800009,
                22.845029529000044
              ],
              [
                91.33200322500005,
                22.820655491000025
              ]
            ]
          ],
          [
            [
              [
                91.57676514100007,
                22.965434879000043
              ],
              [
                91.54245025500006,
                22.999653144000035
              ],
              [
                91.55028410900007,
                23.03854737100005
              ],
              [
                91.53043046900007,
                23.038437173000034
              ],
              [
                91.52975612900008,
                23.09181042000006
              ],
              [
                91.50308298200008,
                23.130635186000063
              ],
              [
                91.51526264000006,
                23.14512191800003
              ],
              [
                91.49088656900005,
                23.157762208000065
              ],
              [
                91.50314409900005,
                23.19223030300003
              ],
              [
                91.47069180800008,
                23.196559359000048
              ],
              [
                91.48436741000006,
                23.209334583000043
              ],
              [
                91.45050152400006,
                23.219598160000032
              ],
              [
                91.47024494100003,
                23.22777785200003
              ],
              [
                91.44854260500006,
                23.243887597000025
              ],
              [
                91.45414425200005,
                23.260511757000074
              ],
              [
                91.41825171600004,
                23.25561083200006
              ],
              [
                91.40883521000006,
                23.285321483000075
              ],
              [
                91.37986695500007,
                23.184612807000065
              ],
              [
                91.41731477300004,
                23.06499683100003
              ],
              [
                91.25895213200005,
                23.054611459000057
              ],
              [
                91.24824829200008,
                22.89399074100004
              ],
              [
                91.26554945600003,
                22.881537524000066
              ],
              [
                91.27634696000007,
                22.899388355000042
              ],
              [
                91.34111798900005,
                22.91329467500003
              ],
              [
                91.35254413700005,
                22.895598068000027
              ],
              [
                91.32847511400007,
                22.88166439300005
              ],
              [
                91.35224584700006,
                22.85292770700005
              ],
              [
                91.33844168600007,
                22.859372402000076
              ],
              [
                91.33322858600008,
                22.795641791000037
              ],
              [
                91.36811301900008,
                22.801658812000028
              ],
              [
                91.42412495700006,
                22.757389483000054
              ],
              [
                91.43028784500007,
                22.779029068000057
              ],
              [
                91.40532404800007,
                22.808424873000035
              ],
              [
                91.42832835700005,
                22.839480972000047
              ],
              [
                91.44935923500003,
                22.827892388000066
              ],
              [
                91.46533278100009,
                22.85488007400005
              ],
              [
                91.45870767100007,
                22.90196624600003
              ],
              [
                91.51212634400008,
                22.901796502000025
              ],
              [
                91.53881519100008,
                22.929908814000044
              ],
              [
                91.52748477900008,
                22.94730988200007
              ],
              [
                91.56592657100003,
                22.94705532300003
              ],
              [
                91.57676514100007,
                22.965434879000043
              ]
            ]
          ]
        ]
      },
      "properties": {
        "id": "bgd-adm2-16705992b83268326466345",
        "name": "Feni",
        "level": "admin",
        "admin_level": "district",
        "status": "official",
        "confidence": "high",
        "source_url": "https://www.geoboundaries.org/api/current/gbOpen/BGD/ADM2/",
        "source_license": "CC-BY 4.0 (geoBoundaries gbOpen)",
        "retrieved_at": "2026-08-23T10:15:22Z"
      }
    },
    {
      "type": "Feature",
      "geometry": {
        "type": "Polygon",
        "coordinates": [
          [
            [
              89.64783476100007,
              25.046738883000046
            ],
            [
              89.65190397400005,
              25.144105402000037
            ],
            [
              89.70121427900006,
              25.23215271600003
            ],
            [
              89.74888540200004,
              25.23641930100007
            ],
            [
              89.75633312200006,
              25.280859340000063
            ],
            [
              89.72180414600007,
              25.356284275000064
            ],
            [
              89.74778284500007,
              25.387332736000076
            ],
            [
              89.70084367900006,
              25.390113688000042
            ],
            [
              89.69925781300003,
              25.418143667000038
            ],
            [
              89.68659720000005,
              25.414672621000022
            ],
            [
              89.70679106300008,
              25.467212259000064
            ],
            [
              89.68337835200003,
              25.46577800600005
            ],
            [
              89.67003125400004,
              25.488726679000024
            ],
            [
              89.69830479600006,
              25.49618577500007
            ],
            [
              89.68135074800006,
              25.51653222400006
            ],
            [
              89.69773431400006,
              25.533650825000052
            ],
            [
              89.61587515500008,
              25.569180922000044
            ],
            [
              89.58733688300003,
              25.556546008000055
            ],
            [
              89.53631901500006,
              25.590494466000052
            ],
            [
              89.54894314000006,
              25.62597312500003
            ],
            [
              89.53562852000005,
              25.649029532000043
            ],
            [
              89.52186015700005,
              25.62298493800006
            ],
            [
              89.49706760000004,
              25.622222197000042
            ],
            [
              89.49405947900004,
              25.576160577000053
            ],
            [
              89.47101061300003,
              25.59872455900006
            ],
            [
              89.41288008100008,
              25.588346647000037
            ],
            [
              89.40257546400005,
              25.53430566000003
            ],
            [
              89.43792003100003,
              25.538456644000064
            ],
            [
              89.44199515100007,
              25.488111567000033
            ],
            [
              89.38033928300007,
              25.443749570000023
            ],
            [
              89.37836448200005,
              25.409822837000036
            ],
            [
              89.34316744000006,
              25.366869508000036
            ],
            [
              89.34630712000006,
              25.327789904000042
            ],
            [
              89.33021164700006,
              25.321927463000065
            ],
            [
              89.34275789700007,
              25.30429620800004
            ],
            [
              89.25598116000003,
              25.28648473900006
            ],
            [
              89.29918138900007,
              25.22250804300006
            ],
            [
              89.21599596500005,
              25.23646595100007
            ],
            [
              89.18385152900004,
              25.18475132900005
            ],
            [
              89.21672796000007,
              25.164606647000028
            ],
            [
              89.25172116700008,
              25.09721686200004
            ],
            [
              89.28018530300005,
              25.087654908000047
            ],
            [
              89.29735830800007,
              25.116976054000077
            ],
            [
              89.33222178400007,
              25.12287953400005
            ],
            [
              89.33128268700005,
              25.099892340000054
            ],
            [
              89.38895737200005,
              25.047060127000066
            ],
            [
              89.41319998400007,
              25.083134229000052
            ],
            [
              89.51513608100004,
              25.040399586000035
            ],
            [
              89.64783476100007,
              25.046738883000046
            ]
          ]
        ]
      },
      "properties": {
        "id": "bgd-adm2-16705992b74857221285320",
        "name": "Gaibandha",
        "level": "admin",
        "admin_level": "district",
        "status": "official",
        "confidence": "high",
        "source_url": "https://www.geoboundaries.org/api/current/gbOpen/BGD/ADM2/",
        "source_license": "CC-BY 4.0 (geoBoundaries gbOpen)",
        "retrieved_at": "2026-08-23T10:15:22Z"
      }
    },
    {
      "type": "Feature",
      "geometry": {
        "type": "Polygon",
        "coordinates": [
          [
            [
              90.47126942300008,
              23.84730829600005
            ],
            [
              90.50227217700007,
              23.857900823000023
            ],
            [
              90.52567645600004,
              23.896514059000026
            ],
            [
              90.55398675300006,
              23.885890500000073
            ],
            [
              90.57066787000008,
              23.894989313000053
            ],
            [
              90.56039122900006,
              23.911095346000025
            ],
            [
              90.61410190300006,
              23.928094121000072
            ],
            [
              90.61809421000004,
              23.96841815700003
            ],
            [
              90.65805126100008,
              24.01377769900006
            ],
            [
              90.63969486100007,
              24.106087048000063
            ],
            [
              90.65662911300006,
              24.092303755000046
            ],
            [
              90.70315683800004,
              24.10784998200006
            ],
            [
              90.67630250600007,
              24.115529683000034
            ],
            [
              90.69530001100009,
              24.139958311000044
            ],
            [
              90.67168941300008,
              24.204843064000045
            ],
            [
              90.68295030000007,
              24.24434832000003
            ],
            [
              90.62241755700006,
              24.268610267000042
            ],
            [
              90.57290837700003,
              24.24645126300004
            ],
            [
              90.52106272400005,
              24.287702955000043
            ],
            [
              90.52901084500007,
              24.303294788000073
            ],
            [
              90.44287170900003,
              24.341133049000064
            ],
            [
              90.40242478600004,
              24.282688321000023
            ],
            [
              90.32535751300009,
              24.299189554000066
            ],
            [
              90.29049776800008,
              24.27777491200004
            ],
            [
              90.29001656800006,
              24.22607730200008
            ],
            [
              90.22595669500004,
              24.16250455900007
            ],
            [
              90.23043273300004,
              24.106034480000062
            ],
            [
              90.20092563800006,
              24.093779900000072
            ],
            [
              90.17309590400004,
              24.107786777000058
            ],
            [
              90.17699828500008,
              24.074798878000024
            ],
            [
              90.14693069300006,
              24.025791625000068
            ],
            [
              90.17637857600005,
              24.000330064000025
            ],
            [
              90.23971387200004,
              24.009210951000057
            ],
            [
              90.24602980500003,
              24.03331995700006
            ],
            [
              90.26013256100003,
              23.971131309000043
            ],
            [
              90.30017395600004,
              23.948835874000054
            ],
            [
              90.34084216000008,
              23.95556983700004
            ],
            [
              90.35018741200008,
              23.88233488800006
            ],
            [
              90.37715303900006,
              23.89804009100004
            ],
            [
              90.39571533000009,
              23.88015701000006
            ],
            [
              90.45780062000006,
              23.896447100000046
            ],
            [
              90.47126942300008,
              23.84730829600005
            ]
          ]
        ]
      },
      "properties": {
        "id": "bgd-adm2-16705992b50862305652789",
        "name": "Gazipur",
        "level": "admin",
        "admin_level": "district",
        "status": "official",
        "confidence": "high",
        "source_url": "https://www.geoboundaries.org/api/current/gbOpen/BGD/ADM2/",
        "source_license": "CC-BY 4.0 (geoBoundaries gbOpen)",
        "retrieved_at": "2026-08-23T10:15:22Z"
      }
    },
    {
      "type": "Feature",
      "geometry": {
        "type": "Polygon",
        "coordinates": [
          [
            [
              89.94378017500009,
              22.85649355000004
            ],
            [
              90.01765639600006,
              22.869863310000028
            ],
            [
              90.03480591200008,
              22.933841760000064
            ],
            [
              90.05726181000006,
              22.932616277000022
            ],
            [
              90.05824483100008,
              22.97128470100006
            ],
            [
              90.09477670900009,
              23.006841103000056
            ],
            [
              90.12667042000004,
              23.005699780000043
            ],
            [
              90.14373417500008,
              23.048371191000058
            ],
            [
              90.11484097500005,
              23.03390457300003
            ],
            [
              90.11047971300007,
              23.06655345300004
            ],
            [
              90.13163706500006,
              23.07065310300004
            ],
            [
              90.10838167300005,
              23.076871081000036
            ],
            [
              90.10907066700008,
              23.117395572000078
            ],
            [
              90.07956725500009,
              23.113166954000064
            ],
            [
              90.08084118700003,
              23.126016854000056
            ],
            [
              90.04240276400003,
              23.105630526000027
            ],
            [
              90.01203973700007,
              23.138779810000074
            ],
            [
              89.98421934100008,
              23.110494837000033
            ],
            [
              89.93612937100005,
              23.11806227900007
            ],
            [
              89.98473357700004,
              23.21823039000003
            ],
            [
              90.02342733100005,
              23.240433703000065
            ],
            [
              90.02503068700008,
              23.287312479000036
            ],
            [
              90.00376844600004,
              23.30305588400006
            ],
            [
              90.01899310300007,
              23.325224982000066
            ],
            [
              89.99192575200004,
              23.325706940000032
            ],
            [
              89.95225672600003,
              23.360484752000048
            ],
            [
              89.96053241800007,
              23.328877328000033
            ],
            [
              89.91677038800003,
              23.30846785400007
            ],
            [
              89.90471413100005,
              23.34219977300006
            ],
            [
              89.87077227200007,
              23.321311180000066
            ],
            [
              89.82657812900004,
              23.347802140000056
            ],
            [
              89.76460997400005,
              23.289607330000024
            ],
            [
              89.72833793300003,
              23.303365988000053
            ],
            [
              89.75135126400005,
              23.275342744000056
            ],
            [
              89.68419401600005,
              23.207316398000046
            ],
            [
              89.67929957900003,
              23.181101176000027
            ],
            [
              89.69465008200007,
              23.161814682000056
            ],
            [
              89.73346390800003,
              23.186453890000053
            ],
            [
              89.76485380900004,
              23.178377925000063
            ],
            [
              89.73237522400007,
              23.168382717000043
            ],
            [
              89.73856955400004,
              23.12959853900003
            ],
            [
              89.70667979200005,
              23.11365287600006
            ],
            [
              89.68620298400003,
              23.132758973000023
            ],
            [
              89.67269371800006,
              23.122703450000074
            ],
            [
              89.73557841000007,
              23.073440617000074
            ],
            [
              89.72861261000008,
              23.055385197000078
            ],
            [
              89.76218652000006,
              23.007673856000054
            ],
            [
              89.79705894200004,
              22.996026851000067
            ],
            [
              89.80108220800008,
              22.941168557000026
            ],
            [
              89.86500080900004,
              22.903072811000072
            ],
            [
              89.85055696400008,
              22.88825378200005
            ],
            [
              89.91945533900008,
              22.881058061000033
            ],
            [
              89.94378017500009,
              22.85649355000004
            ]
          ]
        ]
      },
      "properties": {
        "id": "bgd-adm2-16705992b87804307332289",
        "name": "Gopalganj",
        "level": "admin",
        "admin_level": "district",
        "status": "official",
        "confidence": "high",
        "source_url": "https://www.geoboundaries.org/api/current/gbOpen/BGD/ADM2/",
        "source_license": "CC-BY 4.0 (geoBoundaries gbOpen)",
        "retrieved_at": "2026-08-23T10:15:22Z"
      }
    },
    {
      "type": "Feature",
      "geometry": {
        "type": "MultiPolygon",
        "coordinates": [
          [
            [
              [
                91.30326409800006,
                23.996945005000043
              ],
              [
                91.30352941200005,
                23.996730487000036
              ],
              [
                91.30363880200008,
                23.99700997700006
              ],
              [
                91.30326409800006,
                23.996945005000043
              ]
            ]
          ],
          [
            [
              [
                91.31164606900006,
                24.039634443000068
              ],
              [
                91.30394804000008,
                23.99814043500004
              ],
              [
                91.31488150800004,
                23.990572517000032
              ],
              [
                91.32998836200005,
                23.992617100000075
              ],
              [
                91.34116401400007,
                23.982126040000026
              ],
              [
                91.36158089700007,
                23.986398733000044
              ],
              [
                91.37946250900006,
                23.975454907000028
              ],
              [
                91.37324987500006,
                24.00280370100006
              ],
              [
                91.39653445100004,
                24.049753640000063
              ],
              [
                91.37453406600008,
                24.107898085000045
              ],
              [
                91.58597893100006,
                24.072751996000022
              ],
              [
                91.59445536500004,
                24.09665278400007
              ],
              [
                91.63786816300006,
                24.103065955000034
              ],
              [
                91.64518713100006,
                24.17399663200007
              ],
              [
                91.61280953300007,
                24.249423172000036
              ],
              [
                91.63118650100006,
                24.334934279000038
              ],
              [
                91.62479085800004,
                24.36394990200006
              ],
              [
                91.60321373300008,
                24.362649136000073
              ],
              [
                91.60163876800004,
                24.415464436000036
              ],
              [
                91.62069445800006,
                24.417359800000042
              ],
              [
                91.61344131800007,
                24.501836668000067
              ],
              [
                91.63525598100006,
                24.544023323000033
              ],
              [
                91.65446264800005,
                24.546276485000078
              ],
              [
                91.62972290600004,
                24.587417585000026
              ],
              [
                91.60831341100004,
                24.585910795000075
              ],
              [
                91.62120601000004,
                24.601880755000025
              ],
              [
                91.66143126400004,
                24.59247045400008
              ],
              [
                91.66092173000004,
                24.62590590700006
              ],
              [
                91.63157470800007,
                24.63054764700007
              ],
              [
                91.65707495400005,
                24.67953890000007
              ],
              [
                91.62728017500007,
                24.656219065000073
              ],
              [
                91.61406378200007,
                24.675269369000034
              ],
              [
                91.59097091100006,
                24.65889121300006
              ],
              [
                91.57987566300005,
                24.67495237600008
              ],
              [
                91.57641289300005,
                24.645325720000073
              ],
              [
                91.55999469800008,
                24.664649476000022
              ],
              [
                91.53707978900007,
                24.648225812000078
              ],
              [
                91.48422410000006,
                24.671004878000076
              ],
              [
                91.44180216200004,
                24.651176924000026
              ],
              [
                91.42879665900006,
                24.68223415400007
              ],
              [
                91.40029419500007,
                24.670658997000032
              ],
              [
                91.38005663400008,
                24.69532618200003
              ],
              [
                91.35101153800008,
                24.689353053000048
              ],
              [
                91.35060446600005,
                24.667451854000035
              ],
              [
                91.30508490600005,
                24.654400055000053
              ],
              [
                91.29368228800007,
                24.597163703000035
              ],
              [
                91.27154861200006,
                24.605024568000033
              ],
              [
                91.21085638900007,
                24.52085531700004
              ],
              [
                91.15020337200008,
                24.48079281400004
              ],
              [
                91.19302887900005,
                24.481311229000028
              ],
              [
                91.19072252400008,
                24.465728656000067
              ],
              [
                91.22622880600005,
                24.482549506000055
              ],
              [
                91.24212198200007,
                24.42725170400007
              ],
              [
                91.21710544600006,
                24.432475965000037
              ],
              [
                91.21384614500005,
                24.402642163000053
              ],
              [
                91.23751785600007,
                24.406785183000068
              ],
              [
                91.25579305800005,
                24.379343533000053
              ],
              [
                91.21274130900008,
                24.36159185500003
              ],
              [
                91.23496387800003,
                24.31603613200008
              ],
              [
                91.16999609400006,
                24.31490146300007
              ],
              [
                91.15857079100005,
                24.28267413100008
              ],
              [
                91.19642329000004,
                24.290700402000027
              ],
              [
                91.17744552400006,
                24.256873780000035
              ],
              [
                91.26695400900007,
                24.223267892000024
              ],
              [
                91.28599167100003,
                24.22336904200006
              ],
              [
                91.30198745100006,
                24.266503939000074
              ],
              [
                91.32883813900008,
                24.249628555000072
              ],
              [
                91.27725082200004,
                24.20323098600005
              ],
              [
                91.31266229200008,
                24.203490445000057
              ],
              [
                91.31283689500003,
                24.182801648000066
              ],
              [
                91.27721483900007,
                24.18151825800004
              ],
              [
                91.26171365500005,
                24.14635309600004
              ],
              [
                91.29247376000006,
                24.11749783500005
              ],
              [
                91.26747273100005,
                24.094227369000066
              ],
              [
                91.29313705700008,
                24.09353717700003
              ],
              [
                91.28406735600004,
                24.06079138000007
              ],
              [
                91.31164606900006,
                24.039634443000068
              ]
            ]
          ]
        ]
      },
      "properties": {
        "id": "bgd-adm2-16705992b7772300815487",
        "name": "Habiganj",
        "level": "admin",
        "admin_level": "district",
        "status": "official",
        "confidence": "high",
        "source_url": "https://www.geoboundaries.org/api/current/gbOpen/BGD/ADM2/",
        "source_license": "CC-BY 4.0 (geoBoundaries gbOpen)",
        "retrieved_at": "2026-08-23T10:15:22Z"
      }
    },
    {
      "type": "Feature",
      "geometry": {
        "type": "Polygon",
        "coordinates": [
          [
            [
              89.71533559800008,
              24.77734630300006
            ],
            [
              89.78122944200004,
              24.763406468000028
            ],
            [
              89.79094094100003,
              24.73529025700003
            ],
            [
              89.77364162600009,
              24.716554796000025
            ],
            [
              89.79916383000005,
              24.67998028200003
            ],
            [
              89.78327505300007,
              24.669170613000063
            ],
            [
              89.78502642500007,
              24.62580588800006
            ],
            [
              89.76502849500008,
              24.613836238000033
            ],
            [
              89.79076181500005,
              24.568461548000073
            ],
            [
              89.81137883500008,
              24.566602845000034
            ],
            [
              89.82706030700007,
              24.608595619000027
            ],
            [
              89.85329697700007,
              24.619958152000038
            ],
            [
              89.84237902800004,
              24.644508511000026
            ],
            [
              89.89940953800004,
              24.681494885000063
            ],
            [
              89.88035181800007,
              24.74155111500005
            ],
            [
              89.90742631500007,
              24.734482267000033
            ],
            [
              89.93576731500008,
              24.757187522000038
            ],
            [
              89.98133648200007,
              24.724894531000075
            ],
            [
              90.03185561200007,
              24.776937257000043
            ],
            [
              90.08798797900005,
              24.790143568000076
            ],
            [
              90.13925298100008,
              24.77915351100006
            ],
            [
              90.16876995700005,
              24.826825194000037
            ],
            [
              90.18943585800008,
              24.828327866000052
            ],
            [
              90.18023513100007,
              24.839825407000035
            ],
            [
              90.20016411300008,
              24.859199868000076
            ],
            [
              90.18237813300004,
              24.86554229500007
            ],
            [
              90.20171993500009,
              24.87856932300008
            ],
            [
              90.15453803500003,
              24.90486090400003
            ],
            [
              89.98083850500007,
              24.917039927000076
            ],
            [
              89.94786767900007,
              24.929545414000074
            ],
            [
              89.93768677100007,
              24.959541553000065
            ],
            [
              89.90414633300009,
              24.95771524500003
            ],
            [
              89.88185827500007,
              25.035043753000025
            ],
            [
              89.90493327500008,
              25.033808931000067
            ],
            [
              89.92522019500007,
              25.06276858800004
            ],
            [
              89.89480130700008,
              25.113264755000046
            ],
            [
              89.91044998700005,
              25.17168517600004
            ],
            [
              89.88468928100008,
              25.18705662800005
            ],
            [
              89.90490625900009,
              25.264369136000028
            ],
            [
              89.93129014700008,
              25.260688467000023
            ],
            [
              89.94558310300005,
              25.30295777500004
            ],
            [
              89.90689994500008,
              25.307846364000056
            ],
            [
              89.87653343500006,
              25.28544541200006
            ],
            [
              89.83160680500004,
              25.295662667000045
            ],
            [
              89.82562005100004,
              25.415218647000074
            ],
            [
              89.76692355200004,
              25.43273976300003
            ],
            [
              89.78027194400005,
              25.387958860000026
            ],
            [
              89.72180414600007,
              25.356284275000064
            ],
            [
              89.75633312200006,
              25.280859340000063
            ],
            [
              89.74888540200004,
              25.23641930100007
            ],
            [
              89.70068131400006,
              25.231488438000042
            ],
            [
              89.63856297000007,
              25.090077102000066
            ],
            [
              89.68605979600005,
              24.90284840700008
            ],
            [
              89.66079207600006,
              24.88807225900007
            ],
            [
              89.68494606500008,
              24.828413413000078
            ],
            [
              89.73031622900004,
              24.798383788000024
            ],
            [
              89.71533559800008,
              24.77734630300006
            ]
          ]
        ]
      },
      "properties": {
        "id": "bgd-adm2-16705992b65705561019803",
        "name": "Jamalpur",
        "level": "admin",
        "admin_level": "district",
        "status": "official",
        "confidence": "high",
        "source_url": "https://www.geoboundaries.org/api/current/gbOpen/BGD/ADM2/",
        "source_license": "CC-BY 4.0 (geoBoundaries gbOpen)",
        "retrieved_at": "2026-08-23T10:15:22Z"
      }
    },
    {
      "type": "Feature",
      "geometry": {
        "type": "Polygon",
        "coordinates": [
          [
            [
              89.25807571400009,
              23.37050135000004
            ],
            [
              89.25379269100006,
              23.343871553000042
            ],
            [
              89.23525691400005,
              23.34421625600004
            ],
            [
              89.24282556500003,
              23.32886996700006
            ],
            [
              89.21011586700007,
              23.325907248000078
            ],
            [
              89.20063369300004,
              23.29219142000005
            ],
            [
              89.14398172400007,
              23.27591963800006
            ],
            [
              89.07798371400008,
              23.309863171000075
            ],
            [
              89.04738877900007,
              23.293480785000042
            ],
            [
              89.07044896700006,
              23.353032684000027
            ],
            [
              89.03079471200004,
              23.374493777000055
            ],
            [
              89.01263798400004,
              23.367569407000076
            ],
            [
              89.03339452000006,
              23.35036617700007
            ],
            [
              88.96054471100007,
              23.32922155400007
            ],
            [
              88.96514992600004,
              23.289214220000076
            ],
            [
              88.89985970400005,
              23.27874151800006
            ],
            [
              88.91657138700003,
              23.268554435000055
            ],
            [
              88.89036959800006,
              23.231103241000028
            ],
            [
              88.91217463500004,
              23.23402735800005
            ],
            [
              88.91478605500004,
              23.21322525100004
            ],
            [
              88.94746186500004,
              23.206590851000044
            ],
            [
              88.97554483900007,
              23.224569470000063
            ],
            [
              88.99599614900006,
              23.214497046000076
            ],
            [
              88.97966923600006,
              23.212647419000064
            ],
            [
              88.98036462200008,
              23.18265727800008
            ],
            [
              88.96179801800008,
              23.193221106000067
            ],
            [
              88.93901124200005,
              23.176917530000026
            ],
            [
              88.91787201400007,
              23.12921800600003
            ],
            [
              88.86838534900005,
              23.101176039000052
            ],
            [
              88.87973733600006,
              23.006290945000046
            ],
            [
              88.84497380500005,
              23.01054335500004
            ],
            [
              88.87107629700006,
              22.978746115000035
            ],
            [
              88.85958726300004,
              22.942454670000075
            ],
            [
              88.89406154200003,
              22.952484947000073
            ],
            [
              88.88957389400008,
              22.928457539000078
            ],
            [
              88.91803266300008,
              22.91318769700007
            ],
            [
              88.99222539600004,
              22.916155186000026
            ],
            [
              88.99013684200008,
              22.94558882000007
            ],
            [
              89.09981648000007,
              22.922654671000032
            ],
            [
              89.10075937100004,
              22.938388979000024
            ],
            [
              89.11473558600005,
              22.94401257800007
            ],
            [
              89.14158676200003,
              22.898411277000037
            ],
            [
              89.11052119300007,
              22.893563116000053
            ],
            [
              89.12542551300004,
              22.841682169000023
            ],
            [
              89.15830527000008,
              22.825732581000068
            ],
            [
              89.14795636200006,
              22.795280563000063
            ],
            [
              89.17206095100005,
              22.820182987000067
            ],
            [
              89.20085565300008,
              22.812190588000078
            ],
            [
              89.28838089800007,
              22.862210994000066
            ],
            [
              89.32234809500005,
              22.827790692000065
            ],
            [
              89.34839696500006,
              22.830912531000024
            ],
            [
              89.35653911600008,
              22.880641125000068
            ],
            [
              89.34100065100006,
              22.920284698000046
            ],
            [
              89.39565092500004,
              22.93348849000006
            ],
            [
              89.42708051600005,
              22.96202650600003
            ],
            [
              89.43883939500006,
              23.00779310000007
            ],
            [
              89.46022837500004,
              23.007726872000035
            ],
            [
              89.51218713900005,
              22.927859908000073
            ],
            [
              89.56279655800006,
              22.970725366000067
            ],
            [
              89.50121776500004,
              23.033096262000072
            ],
            [
              89.46745072200008,
              23.032718601000056
            ],
            [
              89.44383710100004,
              23.054920511000034
            ],
            [
              89.44230690500007,
              23.114552960000026
            ],
            [
              89.41663414600004,
              23.083067910000068
            ],
            [
              89.38534010600006,
              23.08508781200004
            ],
            [
              89.37822307100004,
              23.13557094300006
            ],
            [
              89.41929580000004,
              23.140360944000065
            ],
            [
              89.42557494000005,
              23.258715976000076
            ],
            [
              89.36851843300008,
              23.302244552000047
            ],
            [
              89.34362149300006,
              23.283876344000078
            ],
            [
              89.25807571400009,
              23.37050135000004
            ]
          ]
        ]
      },
      "properties": {
        "id": "bgd-adm2-16705992b28022870637862",
        "name": "Jessore",
        "level": "admin",
        "admin_level": "district",
        "status": "official",
        "confidence": "high",
        "source_url": "https://www.geoboundaries.org/api/current/gbOpen/BGD/ADM2/",
        "source_license": "CC-BY 4.0 (geoBoundaries gbOpen)",
        "retrieved_at": "2026-08-23T10:15:22Z"
      }
    },
    {
      "type": "Feature",
      "geometry": {
        "type": "Polygon",
        "coordinates": [
          [
            [
              90.19048786400003,
              22.479527148000045
            ],
            [
              90.31120364100008,
              22.57832363700004
            ],
            [
              90.35106778500005,
              22.567019144000028
            ],
            [
              90.36344569900007,
              22.58055713300007
            ],
            [
              90.34632266900007,
              22.613412435000043
            ],
            [
              90.38490228100005,
              22.59663060500003
            ],
            [
              90.34384223900008,
              22.629390440000066
            ],
            [
              90.36906910500005,
              22.63141470000005
            ],
            [
              90.37278189200003,
              22.649295852000023
            ],
            [
              90.32090915800006,
              22.647308572000043
            ],
            [
              90.31989436300006,
              22.67336472200003
            ],
            [
              90.27387833800003,
              22.690056371000026
            ],
            [
              90.25545720100007,
              22.752445012000067
            ],
            [
              90.22393085500005,
              22.753543058000048
            ],
            [
              90.19218104000004,
              22.786531624000077
            ],
            [
              90.17643656900003,
              22.75712801000003
            ],
            [
              90.18770758200003,
              22.741946889000076
            ],
            [
              90.13822838800007,
              22.673614878000024
            ],
            [
              90.09720685600007,
              22.655608855000025
            ],
            [
              90.10433112800007,
              22.599222172000054
            ],
            [
              90.05593694100008,
              22.57982805200004
            ],
            [
              90.06287993900008,
              22.505082655000024
            ],
            [
              90.07908221900004,
              22.487553905000027
            ],
            [
              90.11685182600007,
              22.502995604000034
            ],
            [
              90.13325065800007,
              22.483633007000037
            ],
            [
              90.10070764900007,
              22.444663382000044
            ],
            [
              90.07721845000003,
              22.439943279000033
            ],
            [
              90.06359368400007,
              22.465234362000047
            ],
            [
              90.05997683400005,
              22.443174949000024
            ],
            [
              90.02734646700009,
              22.444242463000023
            ],
            [
              90.03878818900006,
              22.40228146100003
            ],
            [
              90.01937707300004,
              22.37099748600008
            ],
            [
              90.05585841000004,
              22.35680638200006
            ],
            [
              90.05085713100004,
              22.33691205300005
            ],
            [
              90.09318163600005,
              22.344648307000057
            ],
            [
              90.17529116500003,
              22.43097503300004
            ],
            [
              90.19048786400003,
              22.479527148000045
            ]
          ]
        ]
      },
      "properties": {
        "id": "bgd-adm2-16705992b14602656752780",
        "name": "Jhalokati",
        "level": "admin",
        "admin_level": "district",
        "status": "official",
        "confidence": "high",
        "source_url": "https://www.geoboundaries.org/api/current/gbOpen/BGD/ADM2/",
        "source_license": "CC-BY 4.0 (geoBoundaries gbOpen)",
        "retrieved_at": "2026-08-23T10:15:22Z"
      }
    },
    {
      "type": "Feature",
      "geometry": {
        "type": "Polygon",
        "coordinates": [
          [
            [
              88.81467918900006,
              23.388881045000062
            ],
            [
              88.73218843700005,
              23.35263711300007
            ],
            [
              88.74501316300007,
              23.307122846000027
            ],
            [
              88.72727994700006,
              23.319119052000076
            ],
            [
              88.72589457800007,
              23.298867865000034
            ],
            [
              88.70940756900006,
              23.313046689000032
            ],
            [
              88.69713624300005,
              23.292561999000043
            ],
            [
              88.72444409500008,
              23.271901296000067
            ],
            [
              88.71881313700004,
              23.254865296000048
            ],
            [
              88.76947151500008,
              23.244963201000076
            ],
            [
              88.78973469600004,
              23.21848589500007
            ],
            [
              88.81140032900004,
              23.22167401200005
            ],
            [
              88.81221494400006,
              23.256340369000043
            ],
            [
              88.82423235100003,
              23.23375273700003
            ],
            [
              88.88689692700007,
              23.22649030300005
            ],
            [
              88.91279610100008,
              23.25045736100003
            ],
            [
              88.89963989300009,
              23.27853506200006
            ],
            [
              88.96514992600004,
              23.289214220000076
            ],
            [
              88.96054471100007,
              23.32922155400007
            ],
            [
              89.03348853900007,
              23.350427161000027
            ],
            [
              89.01265187800004,
              23.367468448000068
            ],
            [
              89.02703662700009,
              23.374374481000075
            ],
            [
              89.07044896700006,
              23.353032684000027
            ],
            [
              89.04747414900004,
              23.293421464000062
            ],
            [
              89.07798371400008,
              23.309863171000075
            ],
            [
              89.13041359800008,
              23.274018225000077
            ],
            [
              89.19953276400008,
              23.291414649000046
            ],
            [
              89.21011586700007,
              23.325907248000078
            ],
            [
              89.25379269100006,
              23.343871553000042
            ],
            [
              89.24596225500005,
              23.392537042000072
            ],
            [
              89.27120316700007,
              23.42822239700007
            ],
            [
              89.25643859300004,
              23.440873941000063
            ],
            [
              89.30300359800003,
              23.45502772100008
            ],
            [
              89.30540168900006,
              23.54016572100005
            ],
            [
              89.34482403300007,
              23.578275362000056
            ],
            [
              89.37669184400005,
              23.663707128000055
            ],
            [
              89.25091978400008,
              23.76374946100003
            ],
            [
              89.17985946300007,
              23.750047121000023
            ],
            [
              89.15806029000004,
              23.722315666000043
            ],
            [
              89.12780369400008,
              23.721562069000072
            ],
            [
              89.11846323800006,
              23.693828369000073
            ],
            [
              89.11639312200003,
              23.734148814000037
            ],
            [
              89.09851966900004,
              23.72598804200004
            ],
            [
              89.06049514800009,
              23.77043599600006
            ],
            [
              89.05206396600005,
              23.757278774000042
            ],
            [
              89.07564987600006,
              23.726777123000033
            ],
            [
              89.03741189000004,
              23.72298137100006
            ],
            [
              89.05197091200006,
              23.71454183700007
            ],
            [
              89.03744841000008,
              23.692182470000034
            ],
            [
              89.01098275900006,
              23.707260219000034
            ],
            [
              89.00366718300006,
              23.60363678600004
            ],
            [
              88.97749226900004,
              23.545557618000032
            ],
            [
              88.94728418100004,
              23.551953323000077
            ],
            [
              88.93451046000007,
              23.536739158000046
            ],
            [
              88.94515999600009,
              23.481924384000024
            ],
            [
              88.91820138300005,
              23.441270005000035
            ],
            [
              88.94452289600008,
              23.440251225000054
            ],
            [
              88.93486911400004,
              23.41304630700006
            ],
            [
              88.87756576600003,
              23.406716833000075
            ],
            [
              88.85511230100008,
              23.374589720000074
            ],
            [
              88.83400075700007,
              23.39066278000007
            ],
            [
              88.82713195400004,
              23.374624590000053
            ],
            [
              88.81467918900006,
              23.388881045000062
            ]
          ]
        ]
      },
      "properties": {
        "id": "bgd-adm2-16705992b77509092527129",
        "name": "Jhenaidah",
        "level": "admin",
        "admin_level": "district",
        "status": "official",
        "confidence": "high",
        "source_url": "https://www.geoboundaries.org/api/current/gbOpen/BGD/ADM2/",
        "source_license": "CC-BY 4.0 (geoBoundaries gbOpen)",
        "retrieved_at": "2026-08-23T10:15:22Z"
      }
    },
    {
      "type": "Feature",
      "geometry": {
        "type": "Polygon",
        "coordinates": [
          [
            [
              89.28009092800005,
              25.087631309000074
            ],
            [
              89.25162839800004,
              25.097285252000063
            ],
            [
              89.21672796000007,
              25.164606647000028
            ],
            [
              89.18390630500005,
              25.18453603100005
            ],
            [
              89.19561256800006,
              25.23996568000007
            ],
            [
              89.17471339200006,
              25.234540039000024
            ],
            [
              89.14804023100004,
              25.25654712200003
            ],
            [
              89.09676577100004,
              25.240624742000023
            ],
            [
              89.07060181000008,
              25.26966576800004
            ],
            [
              89.02759681300006,
              25.277586255000074
            ],
            [
              88.95624606500007,
              25.25515602200005
            ],
            [
              88.96170757800007,
              25.209164675000068
            ],
            [
              88.93639772800003,
              25.21063437500004
            ],
            [
              88.94841317000004,
              25.176431139000044
            ],
            [
              88.92769194500005,
              25.176200094000023
            ],
            [
              88.91957074100009,
              25.146295015000078
            ],
            [
              88.94031268600008,
              25.114161442000068
            ],
            [
              88.94084119100006,
              25.041481589000057
            ],
            [
              88.95570495300007,
              25.028880256000036
            ],
            [
              88.95353310100006,
              25.055641036000054
            ],
            [
              89.01652901700004,
              25.047290789000044
            ],
            [
              88.99016557700008,
              24.85889117200003
            ],
            [
              89.01507730800006,
              24.84886662400004
            ],
            [
              89.08970606700007,
              24.875140887000043
            ],
            [
              89.07557161900007,
              24.885165993000044
            ],
            [
              89.09798720400005,
              24.891386926000052
            ],
            [
              89.08346093700004,
              24.92780543500004
            ],
            [
              89.10330545300008,
              24.970883125000057
            ],
            [
              89.12750628200007,
              24.962366641000074
            ],
            [
              89.12194742000008,
              24.94979169100003
            ],
            [
              89.18922653400006,
              24.943006659000048
            ],
            [
              89.17778414200006,
              24.96956847000007
            ],
            [
              89.19056787800008,
              24.995409033000044
            ],
            [
              89.21475570400008,
              25.029091857000026
            ],
            [
              89.23617942600004,
              25.020443801000056
            ],
            [
              89.24643857000007,
              25.065149123000026
            ],
            [
              89.28009092800005,
              25.087631309000074
            ]
          ]
        ]
      },
      "properties": {
        "id": "bgd-adm2-16705992b2288856744536",
        "name": "Joypurhat",
        "level": "admin",
        "admin_level": "district",
        "status": "official",
        "confidence": "high",
        "source_url": "https://www.geoboundaries.org/api/current/gbOpen/BGD/ADM2/",
        "source_license": "CC-BY 4.0 (geoBoundaries gbOpen)",
        "retrieved_at": "2026-08-23T10:15:22Z"
      }
    },
    {
      "type": "Feature",
      "geometry": {
        "type": "MultiPolygon",
        "coordinates": [
          [
            [
              [
                91.78470479500004,
                23.233879013000035
              ],
              [
                91.78466051500004,
                23.233888766000064
              ],
              [
                91.78458794800008,
                23.23388686800007
              ],
              [
                91.78470479500004,
                23.233879013000035
              ]
            ]
          ],
          [
            [
              [
                91.78413195400003,
                23.234017678000043
              ],
              [
                91.78451715700004,
                23.23440104200006
              ],
              [
                91.78420068800006,
                23.23437023100007
              ],
              [
                91.78413195400003,
                23.234017678000043
              ]
            ]
          ],
          [
            [
              [
                91.88330493100005,
                22.697237302000076
              ],
              [
                91.96253936400007,
                22.691037583000025
              ],
              [
                91.96664272400005,
                22.717791636000072
              ],
              [
                92.00141374600008,
                22.72681304400004
              ],
              [
                91.97595350000006,
                22.786431917000073
              ],
              [
                91.98066137800004,
                22.83432870000007
              ],
              [
                92.01887368200005,
                22.88401069200006
              ],
              [
                92.05376659500007,
                22.894319044000042
              ],
              [
                92.07006533600008,
                22.933491340000046
              ],
              [
                92.11831295400003,
                22.958614526000076
              ],
              [
                92.07174376800003,
                23.072688518000064
              ],
              [
                92.18107987600007,
                23.101950214000055
              ],
              [
                92.13393026100005,
                23.205070575000036
              ],
              [
                92.12507025200006,
                23.31899217800003
              ],
              [
                92.04839068000007,
                23.365665487000058
              ],
              [
                92.13680683000007,
                23.42969836000003
              ],
              [
                92.11530565300006,
                23.557038951000038
              ],
              [
                92.07379211600005,
                23.647587696000073
              ],
              [
                92.00842002400003,
                23.663730085000054
              ],
              [
                91.98514017900004,
                23.72304105300003
              ],
              [
                91.95959196300004,
                23.734964477000062
              ],
              [
                91.95730868900006,
                23.693983244000037
              ],
              [
                91.93394623400008,
                23.684444593000023
              ],
              [
                91.96910539300006,
                23.476501048000046
              ],
              [
                91.93659520000006,
                23.466511849000028
              ],
              [
                91.94273431200008,
                23.435248236000064
              ],
              [
                91.89964430300006,
                23.440721152000037
              ],
              [
                91.84504065000004,
                23.404769514000066
              ],
              [
                91.82504721100008,
                23.352452724000045
              ],
              [
                91.76425584400005,
                23.309374897000055
              ],
              [
                91.76130700300007,
                23.277193022000063
              ],
              [
                91.77699004100003,
                23.269365804000074
              ],
              [
                91.77606288300007,
                23.243392364000044
              ],
              [
                91.78348353600006,
                23.24342728700003
              ],
              [
                91.78534003700008,
                23.23917453300004
              ],
              [
                91.78417827800007,
                23.238993144000062
              ],
              [
                91.78500271700005,
                23.234617094000043
              ],
              [
                91.78470479500004,
                23.233879013000035
              ],
              [
                91.78494737200003,
                23.233434586000044
              ],
              [
                91.78414325300008,
                23.232671846000073
              ],
              [
                91.79102102000007,
                23.22693924300006
              ],
              [
                91.81000372000005,
                23.16521837500005
              ],
              [
                91.81336954700004,
                23.099354746000074
              ],
              [
                91.83574122100003,
                23.093186251000077
              ],
              [
                91.80597719700006,
                23.063161911000066
              ],
              [
                91.77445874500006,
                23.069716620000065
              ],
              [
                91.78050609800005,
                23.029218290000074
              ],
              [
                91.76848670500004,
                23.04111104800006
              ],
              [
                91.71183659000008,
                22.98670558300006
              ],
              [
                91.73062820800004,
                22.940508737000073
              ],
              [
                91.71642267200008,
                22.886940639000045
              ],
              [
                91.75474830000007,
                22.862088524000058
              ],
              [
                91.79287920700006,
                22.76882042400007
              ],
              [
                91.81202357300003,
                22.79328762700004
              ],
              [
                91.85681217300004,
                22.777705121000054
              ],
              [
                91.85645288700005,
                22.756992902000036
              ],
              [
                91.88695479400008,
                22.765832998000064
              ],
              [
                91.88330493100005,
                22.697237302000076
              ]
            ]
          ]
        ]
      },
      "properties": {
        "id": "bgd-adm2-16705992b35326431749719",
        "name": "Khagrachhari",
        "level": "admin",
        "admin_level": "district",
        "status": "official",
        "confidence": "high",
        "source_url": "https://www.geoboundaries.org/api/current/gbOpen/BGD/ADM2/",
        "source_license": "CC-BY 4.0 (geoBoundaries gbOpen)",
        "retrieved_at": "2026-08-23T10:15:22Z"
      }
    },
    {
      "type": "Feature",
      "geometry": {
        "type": "MultiPolygon",
        "coordinates": [
          [
            [
              [
                89.33035109000008,
                21.701392791000046
              ],
              [
                89.34890171200004,
                21.704023170000028
              ],
              [
                89.33675013700008,
                21.71831730300005
              ],
              [
                89.33035109000008,
                21.701392791000046
              ]
            ]
          ],
          [
            [
              [
                89.38669789300008,
                21.87156983600005
              ],
              [
                89.34845011600004,
                21.80562551400004
              ],
              [
                89.36083245400005,
                21.755102562000047
              ],
              [
                89.37947164500008,
                21.764536943000053
              ],
              [
                89.38605430600006,
                21.78929348400004
              ],
              [
                89.38857265600006,
                21.79280086600005
              ],
              [
                89.39467595600007,
                21.798312641000052
              ],
              [
                89.37989783300009,
                21.76256082900005
              ],
              [
                89.36007436200003,
                21.751787640000032
              ],
              [
                89.39786545700008,
                21.72147560600007
              ],
              [
                89.42640921700007,
                21.735967328000072
              ],
              [
                89.40648334800005,
                21.755502129000035
              ],
              [
                89.43814916000008,
                21.750015457000075
              ],
              [
                89.47332609100005,
                21.807787759000064
              ],
              [
                89.46373230200004,
                21.81819293600006
              ],
              [
                89.43668644100006,
                21.80775522500005
              ],
              [
                89.41534247400006,
                21.81647868300007
              ],
              [
                89.46354844000007,
                21.818849604000036
              ],
              [
                89.45013809100004,
                21.846962433000044
              ],
              [
                89.42352827900004,
                21.846006234000072
              ],
              [
                89.40620273100006,
                21.847961146000046
              ],
              [
                89.40113402500003,
                21.850035142000024
              ],
              [
                89.39150838500007,
                21.860137387000066
              ],
              [
                89.39087715800008,
                21.864565593000066
              ],
              [
                89.39752561300008,
                21.868401713000026
              ],
              [
                89.39591557900008,
                21.87423205500005
              ],
              [
                89.38669789300008,
                21.87156983600005
              ]
            ]
          ],
          [
            [
              [
                89.33579598200004,
                21.789545219000047
              ],
              [
                89.33732508800006,
                21.817058630000076
              ],
              [
                89.36403784100008,
                21.883615409000072
              ],
              [
                89.31096020700005,
                21.852713185000027
              ],
              [
                89.33579598200004,
                21.789545219000047
              ]
            ]
          ],
          [
            [
              [
                89.32176868300007,
                21.86152752000004
              ],
              [
                89.33866006800008,
                21.869101732000047
              ],
              [
                89.35739159200006,
                21.88366132300007
              ],
              [
                89.33353280100005,
                21.87586981800007
              ],
              [
                89.32176868300007,
                21.86152752000004
              ]
            ]
          ],
          [
            [
              [
                89.40253179800004,
                21.914113155000052
              ],
              [
                89.38140457500003,
                21.922437870000067
              ],
              [
                89.38199338100009,
                21.879001686000038
              ],
              [
                89.38657133400005,
                21.873369188000026
              ],
              [
                89.39479673400007,
                21.875378991000048
              ],
              [
                89.39714090500007,
                21.873798375000035
              ],
              [
                89.40357302800004,
                21.85018937800004
              ],
              [
                89.42345766100004,
                21.84785410300003
              ],
              [
                89.41835140000006,
                21.856128123000076
              ],
              [
                89.42021970200005,
                21.862684126000033
              ],
              [
                89.45013630400007,
                21.874212728000032
              ],
              [
                89.42023448300006,
                21.89069942800006
              ],
              [
                89.40253179800004,
                21.914113155000052
              ]
            ]
          ],
          [
            [
              [
                89.41544528200006,
                21.98614278200006
              ],
              [
                89.40211752500005,
                21.964313025000024
              ],
              [
                89.37458965100006,
                21.952978038000026
              ],
              [
                89.39692643400008,
                21.944751934000067
              ],
              [
                89.40000397400007,
                21.93922768400006
              ],
              [
                89.38920566300004,
                21.932057274000044
              ],
              [
                89.40843298800007,
                21.93115356000004
              ],
              [
                89.41978738000006,
                21.893613997000045
              ],
              [
                89.45144091500003,
                21.874599630000034
              ],
              [
                89.42223902700005,
                21.85083516900005
              ],
              [
                89.45641664600004,
                21.852385605000052
              ],
              [
                89.47131386300003,
                21.90244085300003
              ],
              [
                89.44614497300006,
                21.90794108700004
              ],
              [
                89.45690642800008,
                21.934223128000042
              ],
              [
                89.43100693800005,
                21.946422016000042
              ],
              [
                89.41544528200006,
                21.98614278200006
              ]
            ]
          ],
          [
            [
              [
                89.50204218400006,
                21.96861225400005
              ],
              [
                89.47116138800004,
                22.04631000200004
              ],
              [
                89.45429120300008,
                22.050616234000074
              ],
              [
                89.44226003400007,
                22.062404378000053
              ],
              [
                89.43876284600003,
                21.990062093000063
              ],
              [
                89.42192714200007,
                21.970163677000073
              ],
              [
                89.46079374900006,
                21.938695540000026
              ],
              [
                89.45378441100007,
                21.908936131000075
              ],
              [
                89.50435496200004,
                21.914976551000052
              ],
              [
                89.50843121500003,
                21.92904419000007
              ],
              [
                89.49954564100005,
                21.927726587000052
              ],
              [
                89.47697674000005,
                21.934253760000047
              ],
              [
                89.45564215100006,
                21.949651983000024
              ],
              [
                89.46417086900004,
                21.965998978000073
              ],
              [
                89.45689080500006,
                21.94981591100003
              ],
              [
                89.47644207100006,
                21.93730541800005
              ],
              [
                89.48198738500008,
                21.958195072000024
              ],
              [
                89.47717669500008,
                21.935348410000074
              ],
              [
                89.50749049700005,
                21.93439571600004
              ],
              [
                89.50601106900007,
                21.962167441000076
              ],
              [
                89.47346123300008,
                21.987203676000036
              ],
              [
                89.46536340100005,
                21.99638887900005
              ],
              [
                89.50204218400006,
                21.96861225400005
              ]
            ]
          ],
          [
            [
              [
                89.42733833700004,
                22.026511912000046
              ],
              [
                89.37662741300005,
                22.063470986000027
              ],
              [
                89.35366280600005,
                22.03223938700006
              ],
              [
                89.36258751000008,
                21.959652292000044
              ],
              [
                89.38553175900006,
                21.92326840800007
              ],
              [
                89.38897030200008,
                21.934736778000058
              ],
              [
                89.39796881500007,
                21.940114643000072
              ],
              [
                89.37552211100007,
                21.949853173000065
              ],
              [
                89.37275121600004,
                21.955922705000035
              ],
              [
                89.40233467900003,
                21.970790580000028
              ],
              [
                89.38418029300004,
                21.99944150400006
              ],
              [
                89.38469879300004,
                22.005847897000024
              ],
              [
                89.39907557600009,
                21.982484328000055
              ],
              [
                89.41758325200004,
                22.01907675600006
              ],
              [
                89.41192057600006,
                21.98862704800007
              ],
              [
                89.43276025900008,
                21.988832824000042
              ],
              [
                89.42733833700004,
                22.026511912000046
              ]
            ]
          ],
          [
            [
              [
                89.49580813000006,
                22.030143423000027
              ],
              [
                89.51695824500007,
                22.059876563000046
              ],
              [
                89.51537601200005,
                22.079874750000045
              ],
              [
                89.51056064200009,
                22.070275838000043
              ],
              [
                89.47873170400004,
                22.05030486100003
              ],
              [
                89.49580813000006,
                22.030143423000027
              ]
            ]
          ],
          [
            [
              [
                89.47300783000009,
                22.04883907100003
              ],
              [
                89.51192717900005,
                22.07674765300004
              ],
              [
                89.51287949500005,
                22.080641462000074
              ],
              [
                89.48921497900005,
                22.090637979000064
              ],
              [
                89.44422070400003,
                22.06414365100005
              ],
              [
                89.47300783000009,
                22.04883907100003
              ]
            ]
          ],
          [
            [
              [
                89.30727729700004,
                22.107127631000026
              ],
              [
                89.27733844200009,
                22.113086021000072
              ],
              [
                89.26254819900004,
                22.089987749000045
              ],
              [
                89.29910246500003,
                22.098534700000073
              ],
              [
                89.34194406000006,
                22.058011530000044
              ],
              [
                89.30727729700004,
                22.107127631000026
              ]
            ]
          ],
          [
            [
              [
                89.50664027700003,
                22.092260925000062
              ],
              [
                89.49573254900008,
                22.130634864000058
              ],
              [
                89.47215368200006,
                22.140447433000077
              ],
              [
                89.48665351800008,
                22.095284587000037
              ],
              [
                89.50664027700003,
                22.092260925000062
              ]
            ]
          ],
          [
            [
              [
                89.44311137400007,
                22.159878270000036
              ],
              [
                89.41716756000005,
                22.158928521000064
              ],
              [
                89.40831245600003,
                22.127461494000045
              ],
              [
                89.38303783300006,
                22.11517976300007
              ],
              [
                89.39178650700006,
                22.08435835000006
              ],
              [
                89.37719453900007,
                22.066133714000046
              ],
              [
                89.42748857600003,
                22.028909347000024
              ],
              [
                89.42783721800004,
                22.05328955400006
              ],
              [
                89.44855765000005,
                22.07498504600005
              ],
              [
                89.43807727500007,
                22.08586189700003
              ],
              [
                89.43552626100006,
                22.093810572000052
              ],
              [
                89.41772837300005,
                22.101010511000027
              ],
              [
                89.41318927900005,
                22.110659161000058
              ],
              [
                89.41341847500007,
                22.114799332000075
              ],
              [
                89.42374825100006,
                22.118349554000076
              ],
              [
                89.42395327200006,
                22.128739584000073
              ],
              [
                89.42996614900005,
                22.139094939000074
              ],
              [
                89.41889462300009,
                22.101485569000033
              ],
              [
                89.43796106700006,
                22.093945441000074
              ],
              [
                89.45039883700008,
                22.075806302000046
              ],
              [
                89.48539326500008,
                22.08993571800005
              ],
              [
                89.44311137400007,
                22.159878270000036
              ]
            ]
          ],
          [
            [
              [
                89.33341876100008,
                22.124424557000054
              ],
              [
                89.32544555300007,
                22.133023002000073
              ],
              [
                89.33360857900004,
                22.174547035000046
              ],
              [
                89.32321543700004,
                22.184453458000064
              ],
              [
                89.27819030200004,
                22.117332945000044
              ],
              [
                89.31833966500005,
                22.108463209000035
              ],
              [
                89.34454699100007,
                22.064352937000024
              ],
              [
                89.34433485100004,
                22.056760861000043
              ],
              [
                89.33305822700004,
                22.054634624000073
              ],
              [
                89.30439320000005,
                22.072105546000046
              ],
              [
                89.28953036800004,
                22.061519802000078
              ],
              [
                89.34704784600007,
                21.97223384800003
              ],
              [
                89.34273925700006,
                22.031480531000057
              ],
              [
                89.38459329200003,
                22.090325610000036
              ],
              [
                89.34856068500005,
                22.113082105000046
              ],
              [
                89.34928870200008,
                22.132166699000038
              ],
              [
                89.33341876100008,
                22.124424557000054
              ]
            ]
          ],
          [
            [
              [
                89.47204989700003,
                22.16275084600005
              ],
              [
                89.45790061900004,
                22.24656823400005
              ],
              [
                89.41074938600008,
                22.219299213000056
              ],
              [
                89.39452242100003,
                22.220471098000075
              ],
              [
                89.40592456100006,
                22.210266528000034
              ],
              [
                89.39420788200005,
                22.20135472800007
              ],
              [
                89.41253527900005,
                22.197519155000066
              ],
              [
                89.46219891000004,
                22.14823120500006
              ],
              [
                89.46348686700009,
                22.152559436000047
              ],
              [
                89.45748976700008,
                22.15422250100005
              ],
              [
                89.44594283100008,
                22.165898456000036
              ],
              [
                89.44121095400004,
                22.171028103000026
              ],
              [
                89.44242547800008,
                22.175184298000033
              ],
              [
                89.43427350600007,
                22.183213804000047
              ],
              [
                89.43700336700005,
                22.187054576000037
              ],
              [
                89.45900004400005,
                22.154916092000065
              ],
              [
                89.47204989700003,
                22.16275084600005
              ]
            ]
          ],
          [
            [
              [
                89.41476061700007,
                22.238201073000027
              ],
              [
                89.47890051600007,
                22.272539334000044
              ],
              [
                89.42269784000007,
                22.346638487000064
              ],
              [
                89.42560669900007,
                22.327084685000045
              ],
              [
                89.40974780100004,
                22.304316361000076
              ],
              [
                89.43394722300008,
                22.278560821000042
              ],
              [
                89.41476061700007,
                22.238201073000027
              ]
            ]
          ],
          [
            [
              [
                89.74916269300007,
                22.96390688200006
              ],
              [
                89.65178773600007,
                22.98348926500006
              ],
              [
                89.61126891500004,
                22.95552811300007
              ],
              [
                89.56677209600008,
                22.99153559900003
              ],
              [
                89.51373879200008,
                22.92754719000004
              ],
              [
                89.46022837500004,
                23.007726872000035
              ],
              [
                89.43943419100003,
                23.007976435000046
              ],
              [
                89.42708051600005,
                22.96202650600003
              ],
              [
                89.39565092500004,
                22.93348849000006
              ],
              [
                89.34100065100006,
                22.920284698000046
              ],
              [
                89.35273105600004,
                22.834620307000023
              ],
              [
                89.32234809500005,
                22.827790692000065
              ],
              [
                89.28860843200005,
                22.86221314100004
              ],
              [
                89.24740220500007,
                22.839881664000075
              ],
              [
                89.24804054400005,
                22.811441756000022
              ],
              [
                89.29869686300003,
                22.787954391000028
              ],
              [
                89.33166812700006,
                22.72883959400008
              ],
              [
                89.30565129800004,
                22.713692378000076
              ],
              [
                89.30057883900008,
                22.682966347000047
              ],
              [
                89.25972681300004,
                22.717088166000053
              ],
              [
                89.26229616400008,
                22.668849005000027
              ],
              [
                89.30159743700005,
                22.647310206000043
              ],
              [
                89.27622794800004,
                22.63113342400004
              ],
              [
                89.29032608900008,
                22.622577942000078
              ],
              [
                89.26394558800007,
                22.631616996000048
              ],
              [
                89.25946012300005,
                22.658280142000024
              ],
              [
                89.24319404300007,
                22.637869761000047
              ],
              [
                89.26008933200006,
                22.622352427000067
              ],
              [
                89.24327276500009,
                22.61015258200007
              ],
              [
                89.26491787500004,
                22.59509306900003
              ],
              [
                89.23474127900005,
                22.548472255000036
              ],
              [
                89.25581231100006,
                22.49593532700004
              ],
              [
                89.28513853800007,
                22.47719265300003
              ],
              [
                89.24129477400004,
                22.437327322000044
              ],
              [
                89.25493138600007,
                22.400236606000078
              ],
              [
                89.24034727600008,
                22.373430274000043
              ],
              [
                89.26392058400006,
                22.378002980000076
              ],
              [
                89.27310376300005,
                22.347876941000038
              ],
              [
                89.25112386000006,
                22.339092032000053
              ],
              [
                89.28160762300007,
                22.287391626000044
              ],
              [
                89.31402870500006,
                22.284361259000036
              ],
              [
                89.29210282400004,
                22.255095419000043
              ],
              [
                89.31138014100009,
                22.231602001000056
              ],
              [
                89.30275141900006,
                22.216635848000067
              ],
              [
                89.32970856500003,
                22.200599759000056
              ],
              [
                89.33190840300006,
                22.21659752100004
              ],
              [
                89.34069329900007,
                22.153250164000042
              ],
              [
                89.33026664700003,
                22.13320546700004
              ],
              [
                89.35211187400006,
                22.13608884000007
              ],
              [
                89.37798769800008,
                22.099700650000045
              ],
              [
                89.38204445200006,
                22.120439520000048
              ],
              [
                89.40523838900003,
                22.130281403000026
              ],
              [
                89.37655724500007,
                22.138132592000034
              ],
              [
                89.38403077700008,
                22.157119043000023
              ],
              [
                89.37038984400004,
                22.159342693000042
              ],
              [
                89.36876545700005,
                22.162374686000078
              ],
              [
                89.38256517200006,
                22.180918306000024
              ],
              [
                89.35782999000008,
                22.181637742000078
              ],
              [
                89.35629217700006,
                22.18424589800003
              ],
              [
                89.36010281800009,
                22.190809736000062
              ],
              [
                89.38364572400008,
                22.181564663000074
              ],
              [
                89.37029121000006,
                22.16230097300007
              ],
              [
                89.38566670200004,
                22.15734400900004
              ],
              [
                89.37896818400009,
                22.13833799300005
              ],
              [
                89.40640521300008,
                22.133921049000037
              ],
              [
                89.40618331300004,
                22.15215310600007
              ],
              [
                89.41577959700004,
                22.161536959000045
              ],
              [
                89.42906272400006,
                22.165935924000053
              ],
              [
                89.41058740000005,
                22.19535551000007
              ],
              [
                89.38778314400008,
                22.19855272500007
              ],
              [
                89.36525369700007,
                22.214786424000067
              ],
              [
                89.40217613900006,
                22.209001587000046
              ],
              [
                89.39202440600008,
                22.220369469000048
              ],
              [
                89.40275300600007,
                22.22743147600005
              ],
              [
                89.39741084900004,
                22.224576782000042
              ],
              [
                89.39488203100007,
                22.225770899000054
              ],
              [
                89.38952151700005,
                22.242054453000037
              ],
              [
                89.41905252100008,
                22.22671723800005
              ],
              [
                89.40893765000004,
                22.241377214000067
              ],
              [
                89.41199612300005,
                22.258417445000077
              ],
              [
                89.39413050500008,
                22.26198432900003
              ],
              [
                89.38520314400006,
                22.268938578000075
              ],
              [
                89.37841312000006,
                22.25740712700008
              ],
              [
                89.34605330000005,
                22.26351326300005
              ],
              [
                89.38398168400005,
                22.270396608000055
              ],
              [
                89.41414041200005,
                22.25921651400006
              ],
              [
                89.42580762000006,
                22.274886173000027
              ],
              [
                89.40546815400006,
                22.27153449700006
              ],
              [
                89.39476162300008,
                22.275254219000033
              ],
              [
                89.39275561300008,
                22.277666709000073
              ],
              [
                89.39021906400006,
                22.29090551200005
              ],
              [
                89.40532196700008,
                22.27303812200006
              ],
              [
                89.42696396700006,
                22.28239215900004
              ],
              [
                89.38329681900007,
                22.296606033000046
              ],
              [
                89.36183334900005,
                22.32146762700006
              ],
              [
                89.41916066500005,
                22.29063138400005
              ],
              [
                89.40590377400008,
                22.305835563000073
              ],
              [
                89.41619176900008,
                22.321263961000056
              ],
              [
                89.39638083500006,
                22.333775674000037
              ],
              [
                89.40013277500003,
                22.34767388100005
              ],
              [
                89.38674149900004,
                22.347469318000037
              ],
              [
                89.38205820900004,
                22.350618741000062
              ],
              [
                89.38256086600006,
                22.372292065000067
              ],
              [
                89.36244599800006,
                22.373572825000053
              ],
              [
                89.36513879700004,
                22.39275318400007
              ],
              [
                89.36474144600004,
                22.374558351000076
              ],
              [
                89.38433834700004,
                22.37340463700008
              ],
              [
                89.38408113400004,
                22.350651854000034
              ],
              [
                89.40062924200004,
                22.350095113000066
              ],
              [
                89.42079476000004,
                22.324209446000054
              ],
              [
                89.42272688700007,
                22.350196830000073
              ],
              [
                89.40847730900003,
                22.365021718000037
              ],
              [
                89.39938273500007,
                22.392778113000077
              ],
              [
                89.39669324300007,
                22.392861264000032
              ],
              [
                89.38818822500008,
                22.398655293000047
              ],
              [
                89.40077719100003,
                22.39310935000003
              ],
              [
                89.42253340000008,
                22.354213697000034
              ],
              [
                89.43875946300005,
                22.385936341000047
              ],
              [
                89.42447800800005,
                22.411541529000033
              ],
              [
                89.44850158600008,
                22.406266775000063
              ],
              [
                89.43361277300005,
                22.35711742700005
              ],
              [
                89.47364322500005,
                22.305288043000076
              ],
              [
                89.45626360900008,
                22.33862743700007
              ],
              [
                89.45797218500007,
                22.343010122000067
              ],
              [
                89.46360958700006,
                22.34427670200006
              ],
              [
                89.48608045500004,
                22.339317600000072
              ],
              [
                89.48507688900008,
                22.357985711000026
              ],
              [
                89.48887319000005,
                22.370297509000068
              ],
              [
                89.47452779900004,
                22.369470137000064
              ],
              [
                89.46810603900008,
                22.371913738000046
              ],
              [
                89.46305341500005,
                22.405342360000077
              ],
              [
                89.47775602800004,
                22.403996758000062
              ],
              [
                89.46894661600004,
                22.37309458200008
              ],
              [
                89.48992328300005,
                22.37108762400004
              ],
              [
                89.49716021700004,
                22.344376969000052
              ],
              [
                89.48393053900008,
                22.33671518400007
              ],
              [
                89.46116566600006,
                22.342696682000053
              ],
              [
                89.46039914400006,
                22.333926649000034
              ],
              [
                89.48258963100005,
                22.317431463000048
              ],
              [
                89.47628337600008,
                22.299428979000027
              ],
              [
                89.49255702800008,
                22.266433179000046
              ],
              [
                89.49578990700007,
                22.288388738000037
              ],
              [
                89.48541728400005,
                22.298783187000026
              ],
              [
                89.48632635900003,
                22.304304177000063
              ],
              [
                89.49215010000006,
                22.307049950000078
              ],
              [
                89.50113072900007,
                22.296975753000027
              ],
              [
                89.51643890300005,
                22.30218873900003
              ],
              [
                89.50158559000005,
                22.29600796400007
              ],
              [
                89.48654528300005,
                22.30251246000006
              ],
              [
                89.49698821800007,
                22.289649885000074
              ],
              [
                89.49692313200006,
                22.274771677000047
              ],
              [
                89.47591310400009,
                22.232265608000034
              ],
              [
                89.51750734700005,
                22.101349124000023
              ],
              [
                89.54372131700006,
                22.09822174900006
              ],
              [
                89.54841504400008,
                22.11228881200003
              ],
              [
                89.53955359900004,
                22.12061883100006
              ],
              [
                89.53716184900009,
                22.12734996200004
              ],
              [
                89.53900534100006,
                22.151761287000056
              ],
              [
                89.55050074400003,
                22.111919640000053
              ],
              [
                89.54493168400006,
                22.095649493000053
              ],
              [
                89.52674505700008,
                22.095666450000067
              ],
              [
                89.53446367000004,
                22.063093838000043
              ],
              [
                89.51017587100006,
                22.016628379000053
              ],
              [
                89.53196105400008,
                21.99470083800003
              ],
              [
                89.58392995600008,
                22.124785307000025
              ],
              [
                89.54155051400005,
                22.202515490000053
              ],
              [
                89.52984045400007,
                22.196372434000068
              ],
              [
                89.52464558400004,
                22.198133424000048
              ],
              [
                89.52657770200005,
                22.208069330000058
              ],
              [
                89.53314671700008,
                22.21013736900005
              ],
              [
                89.52693596600005,
                22.221033582000075
              ],
              [
                89.53520570900008,
                22.242244249000066
              ],
              [
                89.53508818300008,
                22.209548362000078
              ],
              [
                89.52766169200004,
                22.19725769300004
              ],
              [
                89.57297815900006,
                22.24448894300008
              ],
              [
                89.57053828100004,
                22.253072334000024
              ],
              [
                89.55838994500004,
                22.25565150400007
              ],
              [
                89.55324311100009,
                22.262717678000058
              ],
              [
                89.54994179500005,
                22.292621447000045
              ],
              [
                89.55202769200008,
                22.302164423000022
              ],
              [
                89.51188278900008,
                22.328137295000033
              ],
              [
                89.51112277500005,
                22.333066745000053
              ],
              [
                89.51481548100008,
                22.337647938000032
              ],
              [
                89.53457707400008,
                22.343017924000037
              ],
              [
                89.50384404300007,
                22.372244898000076
              ],
              [
                89.53551686100008,
                22.34515181000006
              ],
              [
                89.53488147800005,
                22.339079949000052
              ],
              [
                89.51243096600007,
                22.33141180900003
              ],
              [
                89.55389006000007,
                22.304219450000062
              ],
              [
                89.55606479600004,
                22.261171536000063
              ],
              [
                89.57273688800007,
                22.253644458000053
              ],
              [
                89.57815742400004,
                22.240621426000075
              ],
              [
                89.62882316100007,
                22.365906670000072
              ],
              [
                89.57004348000004,
                22.550164020000068
              ],
              [
                89.53236749300004,
                22.60910062100004
              ],
              [
                89.55646890300005,
                22.67841571500003
              ],
              [
                89.57906227900008,
                22.668532827000035
              ],
              [
                89.56977053900005,
                22.69111979400003
              ],
              [
                89.60267147500008,
                22.702130553000075
              ],
              [
                89.58528907600004,
                22.71747053100006
              ],
              [
                89.61124771300007,
                22.773978928000076
              ],
              [
                89.64420517600007,
                22.774118748000035
              ],
              [
                89.65422211100008,
                22.75499445300005
              ],
              [
                89.67584581800008,
                22.812647498000047
              ],
              [
                89.71118419400005,
                22.825427760000025
              ],
              [
                89.71782072500008,
                22.848350636000077
              ],
              [
                89.69530011600006,
                22.87439362500004
              ],
              [
                89.72828638200008,
                22.89577207900004
              ],
              [
                89.74916269300007,
                22.96390688200006
              ]
            ]
          ]
        ]
      },
      "properties": {
        "id": "bgd-adm2-16705992b21968895988188",
        "name": "Khulna",
        "level": "admin",
        "admin_level": "district",
        "status": "official",
        "confidence": "high",
        "source_url": "https://www.geoboundaries.org/api/current/gbOpen/BGD/ADM2/",
        "source_license": "CC-BY 4.0 (geoBoundaries gbOpen)",
        "retrieved_at": "2026-08-23T10:15:22Z"
      }
    },
    {
      "type": "Feature",
      "geometry": {
        "type": "Polygon",
        "coordinates": [
          [
            [
              91.17355789400006,
              24.26519860600007
            ],
            [
              91.19645660100008,
              24.290312382000025
            ],
            [
              91.15857079100005,
              24.28267413100008
            ],
            [
              91.16999609400006,
              24.31490146300007
            ],
            [
              91.23496387800003,
              24.31603613200008
            ],
            [
              91.21274130900008,
              24.36159185500003
            ],
            [
              91.25579305800005,
              24.379343533000053
            ],
            [
              91.23751785600007,
              24.406785183000068
            ],
            [
              91.21384614500005,
              24.402642163000053
            ],
            [
              91.21710544600006,
              24.432475965000037
            ],
            [
              91.24212198200007,
              24.42725170400007
            ],
            [
              91.22622880600005,
              24.482549506000055
            ],
            [
              91.19072252400008,
              24.465728656000067
            ],
            [
              91.19302887900005,
              24.481311229000028
            ],
            [
              91.15007198200004,
              24.479093242000033
            ],
            [
              91.21085638900007,
              24.52085531700004
            ],
            [
              91.23393784900009,
              24.56878474800004
            ],
            [
              91.20604983800007,
              24.577036876000022
            ],
            [
              91.20002492000003,
              24.60941196500005
            ],
            [
              91.17885034600005,
              24.616564333000042
            ],
            [
              91.19190730100007,
              24.638498284000036
            ],
            [
              91.12969402100003,
              24.642035994000025
            ],
            [
              91.12885690700006,
              24.610029286000042
            ],
            [
              91.10459238100003,
              24.599710794000032
            ],
            [
              91.07318540600005,
              24.61895755300003
            ],
            [
              91.03823025900004,
              24.61097931200004
            ],
            [
              91.02997153900003,
              24.62995756600003
            ],
            [
              91.01834639500004,
              24.603117376000057
            ],
            [
              90.93868860400005,
              24.601849403000074
            ],
            [
              90.92747296100003,
              24.61586257600004
            ],
            [
              90.90724957700007,
              24.594627246000073
            ],
            [
              90.82091199700005,
              24.588565664000043
            ],
            [
              90.79415949200006,
              24.508035670000027
            ],
            [
              90.74283807200004,
              24.509668574000045
            ],
            [
              90.72188922600003,
              24.471020271000043
            ],
            [
              90.70327104300009,
              24.517736227000057
            ],
            [
              90.68216300900008,
              24.502276084000073
            ],
            [
              90.67823000200008,
              24.466995831000077
            ],
            [
              90.60429657300006,
              24.499096290000068
            ],
            [
              90.57377328500007,
              24.482129497000074
            ],
            [
              90.58743876300008,
              24.448073962000024
            ],
            [
              90.64601142600009,
              24.41645469300005
            ],
            [
              90.61791578700007,
              24.33918728200007
            ],
            [
              90.64992351000006,
              24.25706167100003
            ],
            [
              90.71084307000007,
              24.236348402000033
            ],
            [
              90.77947578800007,
              24.24431011000007
            ],
            [
              90.78614903100004,
              24.193052864000038
            ],
            [
              90.87099362500004,
              24.139990092000062
            ],
            [
              90.84603336100008,
              24.111613333000037
            ],
            [
              90.91255446200006,
              24.07489404300003
            ],
            [
              90.94474915400008,
              24.084016784000028
            ],
            [
              90.96793792500006,
              24.060062711000057
            ],
            [
              90.96224500300008,
              24.033171907000053
            ],
            [
              90.98599152400004,
              24.030601024000077
            ],
            [
              91.05354856600007,
              24.084482811000044
            ],
            [
              90.98976618700004,
              24.162558475000026
            ],
            [
              91.03992979600008,
              24.21182606700006
            ],
            [
              91.09052430200006,
              24.211670350000077
            ],
            [
              91.08510332200007,
              24.241120816000034
            ],
            [
              91.17355789400006,
              24.26519860600007
            ]
          ]
        ]
      },
      "properties": {
        "id": "bgd-adm2-16705992b82604838368079",
        "name": "Kishoreganj",
        "level": "admin",
        "admin_level": "district",
        "status": "official",
        "confidence": "high",
        "source_url": "https://www.geoboundaries.org/api/current/gbOpen/BGD/ADM2/",
        "source_license": "CC-BY 4.0 (geoBoundaries gbOpen)",
        "retrieved_at": "2026-08-23T10:15:22Z"
      }
    },
    {
      "type": "Feature",
      "geometry": {
        "type": "MultiPolygon",
        "coordinates": [
          [
            [
              [
                89.52192180700007,
                26.02443943000003
              ],
              [
                89.51053286500007,
                26.02412985500007
              ],
              [
                89.51412949200005,
                26.01085759600005
              ],
              [
                89.52192180700007,
                26.02443943000003
              ]
            ]
          ],
          [
            [
              [
                89.55841367200009,
                26.050137850000056
              ],
              [
                89.55551183700004,
                26.06555899800003
              ],
              [
                89.55164942600004,
                26.063061635000054
              ],
              [
                89.55841367200009,
                26.050137850000056
              ]
            ]
          ],
          [
            [
              [
                89.51417326200004,
                26.06580731200006
              ],
              [
                89.50372805200004,
                26.058946503000072
              ],
              [
                89.51359886400007,
                26.059414642000036
              ],
              [
                89.51417326200004,
                26.06580731200006
              ]
            ]
          ],
          [
            [
              [
                89.61149557200008,
                26.072376532000078
              ],
              [
                89.61801931800005,
                26.079741871000067
              ],
              [
                89.61714426500004,
                26.079978840000024
              ],
              [
                89.61149557200008,
                26.072376532000078
              ]
            ]
          ],
          [
            [
              [
                89.60422130700005,
                26.12477997700006
              ],
              [
                89.60410504900005,
                26.124914621000073
              ],
              [
                89.60263707700005,
                26.125043507000044
              ],
              [
                89.60422130700005,
                26.12477997700006
              ]
            ]
          ],
          [
            [
              [
                89.60414453100003,
                26.125320910000028
              ],
              [
                89.60419431200006,
                26.125833166000064
              ],
              [
                89.60406144800004,
                26.12590627800006
              ],
              [
                89.60414453100003,
                26.125320910000028
              ]
            ]
          ],
          [
            [
              [
                89.69851701800008,
                26.180047493000075
              ],
              [
                89.70269392200004,
                26.18201674000005
              ],
              [
                89.69928176500008,
                26.18366037900006
              ],
              [
                89.69851701800008,
                26.180047493000075
              ]
            ]
          ],
          [
            [
              [
                89.58317347100007,
                26.18442118200005
              ],
              [
                89.58761637000003,
                26.18680706200007
              ],
              [
                89.58682912800003,
                26.189480373000038
              ],
              [
                89.58317347100007,
                26.18442118200005
              ]
            ]
          ],
          [
            [
              [
                89.60730769500003,
                26.175649106000037
              ],
              [
                89.59016070400008,
                26.18954859300004
              ],
              [
                89.58721453000004,
                26.177296091000073
              ],
              [
                89.60730769500003,
                26.175649106000037
              ]
            ]
          ],
          [
            [
              [
                89.61871256300003,
                26.18615690300004
              ],
              [
                89.61373943900008,
                26.196897854000042
              ],
              [
                89.61572514200003,
                26.189598254000032
              ],
              [
                89.60912015000008,
                26.191046639000035
              ],
              [
                89.61871256300003,
                26.18615690300004
              ]
            ]
          ],
          [
            [
              [
                89.59830865900005,
                26.193206530000054
              ],
              [
                89.59415148300008,
                26.202730062000057
              ],
              [
                89.58926533000005,
                26.197113364000074
              ],
              [
                89.59830865900005,
                26.193206530000054
              ]
            ]
          ],
          [
            [
              [
                89.61674461300004,
                26.20454320300007
              ],
              [
                89.60914032900007,
                26.203834236000034
              ],
              [
                89.61715215800007,
                26.202449432000037
              ],
              [
                89.61674461300004,
                26.20454320300007
              ]
            ]
          ],
          [
            [
              [
                89.74441599000005,
                25.373989797000036
              ],
              [
                89.78027194400005,
                25.387958860000026
              ],
              [
                89.76692355200004,
                25.43273976300003
              ],
              [
                89.82562005100004,
                25.415218647000074
              ],
              [
                89.85226531800004,
                25.466369264000036
              ],
              [
                89.85122013800003,
                25.538718996000057
              ],
              [
                89.88172578600006,
                25.625975409000034
              ],
              [
                89.85049284800004,
                25.713056850000044
              ],
              [
                89.82732798900008,
                25.72995268300008
              ],
              [
                89.84127211900005,
                25.75909398400006
              ],
              [
                89.81699159400006,
                25.814382498000043
              ],
              [
                89.83250586100007,
                25.870712989000026
              ],
              [
                89.88700592900005,
                25.94532507300005
              ],
              [
                89.825349,
                25.945571096000037
              ],
              [
                89.84928357500007,
                25.94920610400004
              ],
              [
                89.83805216800005,
                25.96814399300007
              ],
              [
                89.87175843900008,
                25.974163331000057
              ],
              [
                89.87065819700007,
                25.981452536000063
              ],
              [
                89.83580171600005,
                26.012667660000034
              ],
              [
                89.83589156500005,
                25.982534607000048
              ],
              [
                89.82015492900007,
                25.987741623000034
              ],
              [
                89.80861276300004,
                26.043422079000038
              ],
              [
                89.79056789600008,
                26.017897031000075
              ],
              [
                89.80177142600007,
                26.040353349000043
              ],
              [
                89.77357499600004,
                26.037731219000023
              ],
              [
                89.79872496200005,
                26.059663115000035
              ],
              [
                89.79484820800008,
                26.08743228900005
              ],
              [
                89.75634421600006,
                26.109118828000078
              ],
              [
                89.76641510700006,
                26.130807925000056
              ],
              [
                89.74759690300004,
                26.157444032000058
              ],
              [
                89.67425294500003,
                26.16704644400005
              ],
              [
                89.70198649700006,
                26.174063129000047
              ],
              [
                89.67344408100007,
                26.205783350000047
              ],
              [
                89.67838595400008,
                26.210278948000052
              ],
              [
                89.68558200900009,
                26.207001761000072
              ],
              [
                89.69142115200003,
                26.211761099000057
              ],
              [
                89.67870818000006,
                26.238330682000026
              ],
              [
                89.67184059900006,
                26.219950621000066
              ],
              [
                89.63379926900006,
                26.23034584000004
              ],
              [
                89.64994160500004,
                26.190297171000054
              ],
              [
                89.62769865500007,
                26.18405671100004
              ],
              [
                89.65544179700004,
                26.18152636900004
              ],
              [
                89.64923797400007,
                26.164532181000027
              ],
              [
                89.60871480600008,
                26.18068444800008
              ],
              [
                89.61028559400006,
                26.153948093000054
              ],
              [
                89.59982950700004,
                26.160956594000027
              ],
              [
                89.59108655500006,
                26.15732067400006
              ],
              [
                89.59785316500006,
                26.154007110000066
              ],
              [
                89.59554445200007,
                26.140000618000045
              ],
              [
                89.60693951100006,
                26.12578327700004
              ],
              [
                89.60419362800008,
                26.11760058300007
              ],
              [
                89.63028552600008,
                26.11852370400004
              ],
              [
                89.59384869100006,
                26.102240798000025
              ],
              [
                89.60825030400008,
                26.08850409200005
              ],
              [
                89.63014348800004,
                26.106946899000036
              ],
              [
                89.65000396000005,
                26.064484589000074
              ],
              [
                89.60498710400003,
                26.063291313000036
              ],
              [
                89.61321602700008,
                26.05362916300004
              ],
              [
                89.57865848000006,
                26.026359213000035
              ],
              [
                89.58511163100007,
                25.97600198300006
              ],
              [
                89.54087781500004,
                25.96963162700007
              ],
              [
                89.54817380700007,
                26.000697565000053
              ],
              [
                89.51919176100006,
                26.008867329000054
              ],
              [
                89.49120413800006,
                26.006053230000077
              ],
              [
                89.47310982700003,
                25.97865003000004
              ],
              [
                89.48212042900008,
                25.961750101000064
              ],
              [
                89.50108857100008,
                25.970123525000076
              ],
              [
                89.51745824300008,
                25.91753414200008
              ],
              [
                89.57083909200009,
                25.882292393000057
              ],
              [
                89.55227867700006,
                25.861618746000033
              ],
              [
                89.52992556800007,
                25.86556414300003
              ],
              [
                89.53574821100005,
                25.82391535100004
              ],
              [
                89.51904941600009,
                25.805452338000066
              ],
              [
                89.49228648300004,
                25.809103137000022
              ],
              [
                89.47975069200004,
                25.834720162000053
              ],
              [
                89.45137495200004,
                25.817770521000057
              ],
              [
                89.47038039400007,
                25.81864975700006
              ],
              [
                89.45788506300005,
                25.78364489200004
              ],
              [
                89.50041676000006,
                25.745887482000057
              ],
              [
                89.48495018500006,
                25.72769848400003
              ],
              [
                89.51522883900003,
                25.706949085000076
              ],
              [
                89.51863796300006,
                25.64425060800005
              ],
              [
                89.53078918400007,
                25.654988653000032
              ],
              [
                89.54841182800004,
                25.629275415000052
              ],
              [
                89.53607478600009,
                25.590804108000043
              ],
              [
                89.58733688300003,
                25.556546008000055
              ],
              [
                89.61587515500008,
                25.569180922000044
              ],
              [
                89.69773431400006,
                25.533650825000052
              ],
              [
                89.68135074800006,
                25.51653222400006
              ],
              [
                89.69830479600006,
                25.49618577500007
              ],
              [
                89.67003125400004,
                25.488726679000024
              ],
              [
                89.68337835200003,
                25.46577800600005
              ],
              [
                89.70679106300008,
                25.467212259000064
              ],
              [
                89.68659720000005,
                25.414672621000022
              ],
              [
                89.69925781300003,
                25.418143667000038
              ],
              [
                89.70084367900006,
                25.390113688000042
              ],
              [
                89.73970642400008,
                25.39765704200005
              ],
              [
                89.74441599000005,
                25.373989797000036
              ]
            ]
          ]
        ]
      },
      "properties": {
        "id": "bgd-adm2-16705992b97164497642406",
        "name": "Kurigram",
        "level": "admin",
        "admin_level": "district",
        "status": "official",
        "confidence": "high",
        "source_url": "https://www.geoboundaries.org/api/current/gbOpen/BGD/ADM2/",
        "source_license": "CC-BY 4.0 (geoBoundaries gbOpen)",
        "retrieved_at": "2026-08-23T10:15:22Z"
      }
    },
    {
      "type": "Feature",
      "geometry": {
        "type": "Polygon",
        "coordinates": [
          [
            [
              88.98956675700003,
              23.752207103000046
            ],
            [
              89.03744841000008,
              23.692182470000034
            ],
            [
              89.05197091200006,
              23.71454183700007
            ],
            [
              89.03741189000004,
              23.72298137100006
            ],
            [
              89.07558487900008,
              23.726690932000054
            ],
            [
              89.05179117500006,
              23.758193263000067
            ],
            [
              89.06490646500004,
              23.771624486000064
            ],
            [
              89.09851966900004,
              23.72598804200004
            ],
            [
              89.11639312200003,
              23.734148814000037
            ],
            [
              89.11846323800006,
              23.693828369000073
            ],
            [
              89.12803590900006,
              23.721724825000024
            ],
            [
              89.21640520600005,
              23.759883562000027
            ],
            [
              89.25091978400008,
              23.76374946100003
            ],
            [
              89.29815841000004,
              23.736022302000038
            ],
            [
              89.32305393900003,
              23.76641496900004
            ],
            [
              89.31107153700003,
              23.77616417400003
            ],
            [
              89.33019636800003,
              23.778542491000053
            ],
            [
              89.36076801900003,
              23.882775294000055
            ],
            [
              89.31223333800006,
              23.87430114600005
            ],
            [
              89.27877664400006,
              23.906054165000057
            ],
            [
              89.26426388300007,
              23.878371817000072
            ],
            [
              89.23700408400003,
              23.972887293000042
            ],
            [
              89.21651407000007,
              23.971539918000076
            ],
            [
              89.21627636300008,
              23.988491423000028
            ],
            [
              89.17765569200003,
              23.98739226200007
            ],
            [
              89.17004648800008,
              23.95099167500007
            ],
            [
              89.09861504200006,
              23.95986395600005
            ],
            [
              89.06281219200008,
              23.98737086700004
            ],
            [
              89.00731116500003,
              24.11788032800007
            ],
            [
              88.93956199800004,
              24.13207531200004
            ],
            [
              88.87404151500004,
              24.099114172000043
            ],
            [
              88.88112668000008,
              24.11522741300007
            ],
            [
              88.78732674800005,
              24.13301191200003
            ],
            [
              88.73343331600006,
              24.19391870900006
            ],
            [
              88.74639361600003,
              24.14717154300007
            ],
            [
              88.69304200400006,
              24.111323362000064
            ],
            [
              88.70022772200008,
              24.09442789600007
            ],
            [
              88.72770461100004,
              24.100923757000032
            ],
            [
              88.74216632100007,
              24.033425374000046
            ],
            [
              88.72880600200006,
              23.996660768000027
            ],
            [
              88.75719232600005,
              24.006675237000024
            ],
            [
              88.76898472300007,
              23.984246738000024
            ],
            [
              88.73963964400008,
              23.984625966000067
            ],
            [
              88.73447778400003,
              23.962985308000043
            ],
            [
              88.76338884100005,
              23.969309487000032
            ],
            [
              88.77855798600007,
              23.94812791000004
            ],
            [
              88.80070954400009,
              23.976176340000052
            ],
            [
              88.81421115100005,
              23.928566527000044
            ],
            [
              88.86145426100006,
              23.925218766000057
            ],
            [
              88.87447767400005,
              23.892370242000027
            ],
            [
              88.83775349300004,
              23.87923048500005
            ],
            [
              88.88480809400005,
              23.87396509100006
            ],
            [
              88.85950205500006,
              23.831794183000056
            ],
            [
              88.90726659400008,
              23.837908479000077
            ],
            [
              88.92222585900004,
              23.816404313000078
            ],
            [
              88.91109644800008,
              23.78390590400005
            ],
            [
              88.95761054500008,
              23.808961689000057
            ],
            [
              89.00545883500007,
              23.787207025000043
            ],
            [
              88.98956675700003,
              23.752207103000046
            ]
          ]
        ]
      },
      "properties": {
        "id": "bgd-adm2-16705992b21124734124900",
        "name": "Kushtia",
        "level": "admin",
        "admin_level": "district",
        "status": "official",
        "confidence": "high",
        "source_url": "https://www.geoboundaries.org/api/current/gbOpen/BGD/ADM2/",
        "source_license": "CC-BY 4.0 (geoBoundaries gbOpen)",
        "retrieved_at": "2026-08-23T10:15:22Z"
      }
    },
    {
      "type": "Feature",
      "geometry": {
        "type": "MultiPolygon",
        "coordinates": [
          [
            [
              [
                90.93211333700003,
                22.49701664400004
              ],
              [
                90.97613122900003,
                22.522681980000073
              ],
              [
                90.89375066900004,
                22.56028032100005
              ],
              [
                90.90800677600004,
                22.53795696800006
              ],
              [
                90.93211333700003,
                22.49701664400004
              ]
            ]
          ],
          [
            [
              [
                90.77036485100007,
                22.80937080900003
              ],
              [
                90.77383234800004,
                22.82941155800006
              ],
              [
                90.75199579800005,
                22.83226503800006
              ],
              [
                90.75933807700005,
                22.82003543600007
              ],
              [
                90.77036485100007,
                22.80937080900003
              ]
            ]
          ],
          [
            [
              [
                90.65633525800007,
                22.84481171400006
              ],
              [
                90.64894127700006,
                22.84003348500005
              ],
              [
                90.65142867000009,
                22.844834121000076
              ],
              [
                90.65633525800007,
                22.84481171400006
              ]
            ]
          ],
          [
            [
              [
                90.69901173200003,
                22.866067032000046
              ],
              [
                90.70134049000006,
                22.86753879300005
              ],
              [
                90.69922926700008,
                22.868217107000078
              ],
              [
                90.69901173200003,
                22.866067032000046
              ]
            ]
          ],
          [
            [
              [
                90.75565200200003,
                22.869830679000074
              ],
              [
                90.73743332300006,
                22.860195372000078
              ],
              [
                90.74789389500006,
                22.839448781000044
              ],
              [
                90.77671099500003,
                22.828800234000028
              ],
              [
                90.75565200200003,
                22.869830679000074
              ]
            ]
          ],
          [
            [
              [
                90.72184710400006,
                22.87284834700006
              ],
              [
                90.72196901700005,
                22.876432829000066
              ],
              [
                90.71857473400007,
                22.878408398000033
              ],
              [
                90.72184710400006,
                22.87284834700006
              ]
            ]
          ],
          [
            [
              [
                90.73641689100003,
                22.86297213000006
              ],
              [
                90.75267767800005,
                22.87470290600004
              ],
              [
                90.73974431700003,
                22.88690523400004
              ],
              [
                90.73641689100003,
                22.86297213000006
              ]
            ]
          ],
          [
            [
              [
                90.71311946900005,
                22.88675701300008
              ],
              [
                90.71218927500007,
                22.893812127000047
              ],
              [
                90.71090426500007,
                22.89477370000003
              ],
              [
                90.71311946900005,
                22.88675701300008
              ]
            ]
          ],
          [
            [
              [
                90.68974761600003,
                22.903811451000024
              ],
              [
                90.68396700400007,
                22.895231198000033
              ],
              [
                90.69740375400005,
                22.899666251000042
              ],
              [
                90.68974761600003,
                22.903811451000024
              ]
            ]
          ],
          [
            [
              [
                90.72797228800005,
                22.899738628000023
              ],
              [
                90.72621049300005,
                22.907968525000058
              ],
              [
                90.72379113100004,
                22.909126772000036
              ],
              [
                90.72797228800005,
                22.899738628000023
              ]
            ]
          ],
          [
            [
              [
                90.68873005900008,
                22.91614839700003
              ],
              [
                90.68829019800006,
                22.918354959000055
              ],
              [
                90.68741660900008,
                22.918433830000026
              ],
              [
                90.68873005900008,
                22.91614839700003
              ]
            ]
          ],
          [
            [
              [
                90.72031000100009,
                22.914305021000075
              ],
              [
                90.72425154800004,
                22.918015516000025
              ],
              [
                90.72086664400007,
                22.921950158000072
              ],
              [
                90.72031000100009,
                22.914305021000075
              ]
            ]
          ],
          [
            [
              [
                90.67906556800006,
                22.924668765000035
              ],
              [
                90.68289933500006,
                22.92588309200005
              ],
              [
                90.67691680300004,
                22.93136191600007
              ],
              [
                90.67906556800006,
                22.924668765000035
              ]
            ]
          ],
          [
            [
              [
                90.66780791900004,
                22.93968785800007
              ],
              [
                90.67293778800007,
                22.937780519000057
              ],
              [
                90.66634541200006,
                22.943518984000036
              ],
              [
                90.66780791900004,
                22.93968785800007
              ]
            ]
          ],
          [
            [
              [
                90.66731011400003,
                22.960119552000037
              ],
              [
                90.66758761200003,
                22.963990212000056
              ],
              [
                90.66584958600004,
                22.96502165100003
              ],
              [
                90.66731011400003,
                22.960119552000037
              ]
            ]
          ],
          [
            [
              [
                90.64654932200006,
                22.984368093000057
              ],
              [
                90.66895247500008,
                22.964567098000032
              ],
              [
                90.72623231700004,
                22.87875075000005
              ],
              [
                90.73614725000004,
                22.890370891000032
              ],
              [
                90.72598914800005,
                22.901076699000043
              ],
              [
                90.71850773000006,
                22.91578558200007
              ],
              [
                90.71372394200006,
                22.93344544000007
              ],
              [
                90.71634027000005,
                22.940316877000043
              ],
              [
                90.78151630400004,
                22.835374865000063
              ],
              [
                90.78513348500007,
                22.76910569000006
              ],
              [
                90.84667144200006,
                22.672988469000074
              ],
              [
                90.89076560000007,
                22.660236161000057
              ],
              [
                91.01740593000005,
                22.56817560500008
              ],
              [
                90.98840945400008,
                22.639324721000037
              ],
              [
                91.01705698100005,
                22.678953571000022
              ],
              [
                91.00985967600008,
                22.705239642000038
              ],
              [
                90.98083090900008,
                22.715403601000048
              ],
              [
                90.98130274700009,
                22.753984409000054
              ],
              [
                90.88995373000006,
                22.811019285000043
              ],
              [
                90.92684156100006,
                22.814067692000037
              ],
              [
                90.94292048400007,
                22.862226285000077
              ],
              [
                90.98387808700005,
                22.87537555700004
              ],
              [
                90.99112361400006,
                22.901347575000045
              ],
              [
                90.99884825300006,
                22.977410407000036
              ],
              [
                90.94428387400006,
                22.99814460300007
              ],
              [
                90.93342688700005,
                22.986699610000073
              ],
              [
                90.92073695400006,
                23.01398431900003
              ],
              [
                90.88663002800007,
                23.025560265000024
              ],
              [
                90.91880617300006,
                23.041895226000065
              ],
              [
                90.89903178500003,
                23.071592589000034
              ],
              [
                90.94537155600005,
                23.085961113000053
              ],
              [
                90.95641258700005,
                23.14515018800006
              ],
              [
                90.91210993400006,
                23.147814880000055
              ],
              [
                90.89149193300005,
                23.17197137000005
              ],
              [
                90.84657037300008,
                23.166949843000054
              ],
              [
                90.83630484600008,
                23.13815035600004
              ],
              [
                90.79599003400006,
                23.118077662000076
              ],
              [
                90.79199856500009,
                23.078154102000042
              ],
              [
                90.73089652400006,
                23.041903026000057
              ],
              [
                90.69344476200007,
                23.062791668000045
              ],
              [
                90.66265181600005,
                23.050952167000048
              ],
              [
                90.66967523400007,
                23.01545372700008
              ],
              [
                90.64654932200006,
                22.984368093000057
              ]
            ]
          ]
        ]
      },
      "properties": {
        "id": "bgd-adm2-16705992b31973889793084",
        "name": "Lakshmipur",
        "level": "admin",
        "admin_level": "district",
        "status": "official",
        "confidence": "high",
        "source_url": "https://www.geoboundaries.org/api/current/gbOpen/BGD/ADM2/",
        "source_license": "CC-BY 4.0 (geoBoundaries gbOpen)",
        "retrieved_at": "2026-08-23T10:15:22Z"
      }
    },
    {
      "type": "Feature",
      "geometry": {
        "type": "MultiPolygon",
        "coordinates": [
          [
            [
              [
                89.42018335400007,
                26.088523595000026
              ],
              [
                89.39574262400004,
                26.083309216000032
              ],
              [
                89.42122426700007,
                26.080768012000078
              ],
              [
                89.42018335400007,
                26.088523595000026
              ]
            ]
          ],
          [
            [
              [
                89.42690543900005,
                26.098482941000043
              ],
              [
                89.41536400200005,
                26.105100406000076
              ],
              [
                89.41438684500008,
                26.09942929300007
              ],
              [
                89.42690543900005,
                26.098482941000043
              ]
            ]
          ],
          [
            [
              [
                89.21703635500006,
                26.126367969000057
              ],
              [
                89.21709342900004,
                26.12635719000008
              ],
              [
                89.21703084400008,
                26.12717790100004
              ],
              [
                89.21703635500006,
                26.126367969000057
              ]
            ]
          ],
          [
            [
              [
                89.18539619300003,
                26.244718798000065
              ],
              [
                89.18026868600003,
                26.239299285000072
              ],
              [
                89.18723437500006,
                26.24319765300004
              ],
              [
                89.18539619300003,
                26.244718798000065
              ]
            ]
          ],
          [
            [
              [
                89.00571419400006,
                26.249868324000033
              ],
              [
                89.00110923200003,
                26.263155504000053
              ],
              [
                88.99886023200008,
                26.252968940000073
              ],
              [
                89.00571419400006,
                26.249868324000033
              ]
            ]
          ],
          [
            [
              [
                89.15047779600008,
                26.24972292800004
              ],
              [
                89.13331761100005,
                26.261987302000023
              ],
              [
                89.14259294300007,
                26.241793763000032
              ],
              [
                89.17073633400008,
                26.240084291000073
              ],
              [
                89.17131280400008,
                26.263702498000043
              ],
              [
                89.15317210200004,
                26.266004587000054
              ],
              [
                89.15047779600008,
                26.24972292800004
              ]
            ]
          ],
          [
            [
              [
                89.03678518300006,
                26.264281243000028
              ],
              [
                89.02373904400008,
                26.26628217600006
              ],
              [
                89.03284098800003,
                26.256304294000074
              ],
              [
                89.03678518300006,
                26.264281243000028
              ]
            ]
          ],
          [
            [
              [
                88.99556998200006,
                26.27723330400005
              ],
              [
                89.00012651900005,
                26.28365689700007
              ],
              [
                88.99293901700008,
                26.280114785000023
              ],
              [
                88.99556998200006,
                26.27723330400005
              ]
            ]
          ],
          [
            [
              [
                89.11871211900007,
                26.281240651000076
              ],
              [
                89.11271207600004,
                26.284668531000023
              ],
              [
                89.11195522000008,
                26.276244951000024
              ],
              [
                89.11871211900007,
                26.281240651000076
              ]
            ]
          ],
          [
            [
              [
                89.13160895100003,
                26.292728449000037
              ],
              [
                89.12943550300008,
                26.291786428000023
              ],
              [
                89.13159847500003,
                26.291151143000036
              ],
              [
                89.13160895100003,
                26.292728449000037
              ]
            ]
          ],
          [
            [
              [
                89.13097074000007,
                26.296713112000077
              ],
              [
                89.13491577000008,
                26.295794559000058
              ],
              [
                89.13450994000004,
                26.297964698000044
              ],
              [
                89.13097074000007,
                26.296713112000077
              ]
            ]
          ],
          [
            [
              [
                89.14652037400003,
                26.30142588900003
              ],
              [
                89.14636268100008,
                26.30444908100003
              ],
              [
                89.14370628600005,
                26.30187298000004
              ],
              [
                89.14652037400003,
                26.30142588900003
              ]
            ]
          ],
          [
            [
              [
                88.92779848800006,
                26.335485950000077
              ],
              [
                88.91812191100007,
                26.32565730700003
              ],
              [
                88.92539338400007,
                26.293955483000047
              ],
              [
                88.95445894700003,
                26.274720932000037
              ],
              [
                88.98151432900005,
                26.283055542000056
              ],
              [
                88.98359747900008,
                26.299584208000056
              ],
              [
                88.96083534700006,
                26.29503718600006
              ],
              [
                88.92779848800006,
                26.335485950000077
              ]
            ]
          ],
          [
            [
              [
                88.94258994600006,
                26.352476894000063
              ],
              [
                88.93812915600006,
                26.354708935000076
              ],
              [
                88.93830964900008,
                26.351061611000034
              ],
              [
                88.94258994600006,
                26.352476894000063
              ]
            ]
          ],
          [
            [
              [
                89.07241179800008,
                26.401161471000023
              ],
              [
                89.07512143000008,
                26.401967332000027
              ],
              [
                89.07496708400004,
                26.405568224000035
              ],
              [
                89.07241179800008,
                26.401161471000023
              ]
            ]
          ],
          [
            [
              [
                89.06595288100004,
                26.401913411000066
              ],
              [
                89.06861654400007,
                26.40426582400005
              ],
              [
                89.06709657200008,
                26.40610736600007
              ],
              [
                89.06595288100004,
                26.401913411000066
              ]
            ]
          ],
          [
            [
              [
                89.05584551100009,
                26.401726874000076
              ],
              [
                89.05925917300004,
                26.404255384000066
              ],
              [
                89.05416398400007,
                26.40753079700005
              ],
              [
                89.05584551100009,
                26.401726874000076
              ]
            ]
          ],
          [
            [
              [
                89.48124413100004,
                25.99754461400005
              ],
              [
                89.42741579500006,
                26.013241664000077
              ],
              [
                89.43389827900006,
                26.03053393600004
              ],
              [
                89.42378003400006,
                26.047010578000027
              ],
              [
                89.39244246300007,
                26.007230142000026
              ],
              [
                89.34848562700006,
                26.010480664000056
              ],
              [
                89.30037224100005,
                26.050521811000067
              ],
              [
                89.27566886300008,
                26.049175559000048
              ],
              [
                89.28097800600005,
                26.065694502000042
              ],
              [
                89.25435170700007,
                26.064214265000032
              ],
              [
                89.26679014000007,
                26.092452313000024
              ],
              [
                89.22935782400003,
                26.123957215000075
              ],
              [
                89.19291469300003,
                26.12387476200007
              ],
              [
                89.15532312800008,
                26.138707905000047
              ],
              [
                89.15722284700007,
                26.163289035000048
              ],
              [
                89.13453673200007,
                26.181261277000033
              ],
              [
                89.14087926200006,
                26.235874645000024
              ],
              [
                89.10005472000006,
                26.279566018000025
              ],
              [
                89.10469019800007,
                26.315925081000046
              ],
              [
                89.12190929000008,
                26.287594899000055
              ],
              [
                89.13624486300006,
                26.32021687500003
              ],
              [
                89.08373560000007,
                26.322297866000042
              ],
              [
                89.10128502900005,
                26.336633391000078
              ],
              [
                89.07966079800008,
                26.36293702000006
              ],
              [
                89.09342170300005,
                26.39379959000007
              ],
              [
                88.99397031200004,
                26.412897024000074
              ],
              [
                88.98320573400008,
                26.446594453000046
              ],
              [
                88.95579813100005,
                26.46029615200007
              ],
              [
                88.94471786400004,
                26.42568441900005
              ],
              [
                88.92614867100008,
                26.43216364600005
              ],
              [
                88.92650556600006,
                26.40689210900007
              ],
              [
                88.90393921700007,
                26.408133711000062
              ],
              [
                88.91848755700005,
                26.359974717000057
              ],
              [
                88.95838794800005,
                26.361773691000053
              ],
              [
                88.95592844000004,
                26.330108401000075
              ],
              [
                88.96134985500004,
                26.352403459000072
              ],
              [
                88.96454860700004,
                26.348972764000052
              ],
              [
                88.97264139100008,
                26.351802984000074
              ],
              [
                88.97737037700006,
                26.347094884000057
              ],
              [
                88.98508217700004,
                26.350043508000056
              ],
              [
                88.98720074300007,
                26.348057410000024
              ],
              [
                88.99566409100004,
                26.290342354000074
              ],
              [
                89.00666496400004,
                26.30443318600004
              ],
              [
                89.01683402600008,
                26.289494051000077
              ],
              [
                89.02111197800008,
                26.309175997000068
              ],
              [
                89.03982002100008,
                26.276623436000023
              ],
              [
                89.05859180200008,
                26.293343408000055
              ],
              [
                89.06232566100005,
                26.253732933000038
              ],
              [
                89.05062051100003,
                26.241769685000065
              ],
              [
                89.02747051700004,
                26.247725777000028
              ],
              [
                89.01764209100008,
                26.239898503000063
              ],
              [
                89.03612542900004,
                26.220370676000073
              ],
              [
                89.01922770300007,
                26.191471818000025
              ],
              [
                89.09782313500006,
                26.146527779000053
              ],
              [
                89.09349016100003,
                26.033720651000067
              ],
              [
                89.15325488800005,
                25.954946277000033
              ],
              [
                89.29136335500004,
                25.889979639000046
              ],
              [
                89.38571699300007,
                25.798071124000046
              ],
              [
                89.45537042400008,
                25.783914864000053
              ],
              [
                89.47187664900008,
                25.812663283000063
              ],
              [
                89.45475219600007,
                25.82502577300005
              ],
              [
                89.48277179400009,
                25.834023794000075
              ],
              [
                89.49228648300004,
                25.809103137000022
              ],
              [
                89.51904941600009,
                25.805452338000066
              ],
              [
                89.53574821100005,
                25.82391535100004
              ],
              [
                89.52992556800007,
                25.86556414300003
              ],
              [
                89.55227867700006,
                25.861618746000033
              ],
              [
                89.57089126500006,
                25.88261593200008
              ],
              [
                89.51745824300008,
                25.91753414200008
              ],
              [
                89.50102055200006,
                25.97018932000003
              ],
              [
                89.48195663300004,
                25.96180256400004
              ],
              [
                89.48124413100004,
                25.99754461400005
              ]
            ],
            [
              [
                89.02586956500005,
                26.242684609000037
              ],
              [
                89.02304908200006,
                26.240987226000072
              ],
              [
                89.02201565800004,
                26.24267027700006
              ],
              [
                89.02586956500005,
                26.242684609000037
              ]
            ]
          ]
        ]
      },
      "properties": {
        "id": "bgd-adm2-16705992b84214314165922",
        "name": "Lalmonirhat",
        "level": "admin",
        "admin_level": "district",
        "status": "official",
        "confidence": "high",
        "source_url": "https://www.geoboundaries.org/api/current/gbOpen/BGD/ADM2/",
        "source_license": "CC-BY 4.0 (geoBoundaries gbOpen)",
        "retrieved_at": "2026-08-23T10:15:22Z"
      }
    },
    {
      "type": "Feature",
      "geometry": {
        "type": "Polygon",
        "coordinates": [
          [
            [
              90.34878564300004,
              23.056747049000023
            ],
            [
              90.33616433500003,
              23.069609076000063
            ],
            [
              90.35450269300009,
              23.138947441000028
            ],
            [
              90.29240534800005,
              23.14540547200005
            ],
            [
              90.28377365800009,
              23.197198141000058
            ],
            [
              90.24719003800004,
              23.216533947000073
            ],
            [
              90.22765474000005,
              23.26344969300004
            ],
            [
              90.24401662200006,
              23.316839165000033
            ],
            [
              90.22790126500007,
              23.332691676000024
            ],
            [
              90.24837520600005,
              23.349388110000064
            ],
            [
              90.23270308800005,
              23.36202177800004
            ],
            [
              90.26445689600007,
              23.379252662000056
            ],
            [
              90.22054752800005,
              23.411381191000032
            ],
            [
              90.28138471800008,
              23.44650635800008
            ],
            [
              90.18206964600006,
              23.498073869000052
            ],
            [
              90.15744939700005,
              23.466321100000073
            ],
            [
              90.14144138400007,
              23.475380691000055
            ],
            [
              90.10890281800005,
              23.453661047000026
            ],
            [
              90.09310602200009,
              23.412146493000023
            ],
            [
              90.11165969900009,
              23.41118135100004
            ],
            [
              90.08404766000007,
              23.349151548000066
            ],
            [
              90.10227554400007,
              23.333343467000077
            ],
            [
              90.09252390000006,
              23.31200816100005
            ],
            [
              90.06759440400003,
              23.305185046000076
            ],
            [
              90.03139610000005,
              23.338317654000036
            ],
            [
              90.02342733100005,
              23.240433703000065
            ],
            [
              89.98473357700004,
              23.21823039000003
            ],
            [
              89.93609270700006,
              23.118145258000027
            ],
            [
              89.98421934100008,
              23.110494837000033
            ],
            [
              90.01203973700007,
              23.138779810000074
            ],
            [
              90.04240276400003,
              23.105630526000027
            ],
            [
              90.08084118700003,
              23.126016854000056
            ],
            [
              90.07956725500009,
              23.113166954000064
            ],
            [
              90.10918050300006,
              23.117349200000035
            ],
            [
              90.10838167300005,
              23.076871081000036
            ],
            [
              90.13163706500006,
              23.07065310300004
            ],
            [
              90.11037780900006,
              23.06617299000004
            ],
            [
              90.12159223500004,
              23.026918911000053
            ],
            [
              90.16449151500007,
              23.067483206000077
            ],
            [
              90.20116755500004,
              23.05378790000003
            ],
            [
              90.21376615300005,
              23.06989995600003
            ],
            [
              90.23679180700003,
              23.044500768000034
            ],
            [
              90.23850424500006,
              22.966053867000028
            ],
            [
              90.31987995900005,
              22.981461128000035
            ],
            [
              90.31575086600003,
              23.052879059000077
            ],
            [
              90.34878564300004,
              23.056747049000023
            ]
          ]
        ]
      },
      "properties": {
        "id": "bgd-adm2-16705992b87985099055959",
        "name": "Madaripur",
        "level": "admin",
        "admin_level": "district",
        "status": "official",
        "confidence": "high",
        "source_url": "https://www.geoboundaries.org/api/current/gbOpen/BGD/ADM2/",
        "source_license": "CC-BY 4.0 (geoBoundaries gbOpen)",
        "retrieved_at": "2026-08-23T10:15:22Z"
      }
    },
    {
      "type": "Feature",
      "geometry": {
        "type": "Polygon",
        "coordinates": [
          [
            [
              89.49951160300003,
              23.55777570500004
            ],
            [
              89.47061362200003,
              23.597130996000033
            ],
            [
              89.48021327300006,
              23.627453555000045
            ],
            [
              89.43974888900004,
              23.640336454000078
            ],
            [
              89.41200926300007,
              23.681537968000043
            ],
            [
              89.36572762100008,
              23.663271992000034
            ],
            [
              89.34497967100003,
              23.578570702000036
            ],
            [
              89.30540168900006,
              23.54016572100005
            ],
            [
              89.30300359800003,
              23.45502772100008
            ],
            [
              89.25643859300004,
              23.440873941000063
            ],
            [
              89.27117270200006,
              23.427976684000043
            ],
            [
              89.24365914200007,
              23.378596617000028
            ],
            [
              89.27498195200008,
              23.368383427000026
            ],
            [
              89.34362149300006,
              23.283876344000078
            ],
            [
              89.36851843300008,
              23.302244552000047
            ],
            [
              89.42463542500008,
              23.25908853100003
            ],
            [
              89.45484840100005,
              23.25720625300005
            ],
            [
              89.47895102000007,
              23.29942393700003
            ],
            [
              89.52447801900007,
              23.278177937000066
            ],
            [
              89.56024784300007,
              23.32041778200005
            ],
            [
              89.64526429100005,
              23.29833914900007
            ],
            [
              89.60325954600006,
              23.34128700100007
            ],
            [
              89.59940738600005,
              23.37915915800005
            ],
            [
              89.61759496000008,
              23.38682453200005
            ],
            [
              89.60456300600003,
              23.47494060400004
            ],
            [
              89.52607990300004,
              23.513109281000027
            ],
            [
              89.50842850800007,
              23.506837806000078
            ],
            [
              89.50694968100004,
              23.477334504000055
            ],
            [
              89.49168628800004,
              23.479336484000044
            ],
            [
              89.50061460500007,
              23.520131096000057
            ],
            [
              89.53750409100007,
              23.53606132300007
            ],
            [
              89.49951160300003,
              23.55777570500004
            ]
          ]
        ]
      },
      "properties": {
        "id": "bgd-adm2-16705992b78415132034426",
        "name": "Magura",
        "level": "admin",
        "admin_level": "district",
        "status": "official",
        "confidence": "high",
        "source_url": "https://www.geoboundaries.org/api/current/gbOpen/BGD/ADM2/",
        "source_license": "CC-BY 4.0 (geoBoundaries gbOpen)",
        "retrieved_at": "2026-08-23T10:15:22Z"
      }
    },
    {
      "type": "Feature",
      "geometry": {
        "type": "Polygon",
        "coordinates": [
          [
            [
              90.00759375000007,
              24.011362161000022
            ],
            [
              89.99020583000004,
              23.99909722500007
            ],
            [
              89.98073619200005,
              24.03273446700007
            ],
            [
              89.97211045700004,
              24.036035017000074
            ],
            [
              89.96687262900008,
              24.01439702400006
            ],
            [
              89.94844231300004,
              24.028268421000064
            ],
            [
              89.94722805900005,
              24.004325531000063
            ],
            [
              89.90704651800007,
              23.99862790800006
            ],
            [
              89.89291670700004,
              23.970104063000065
            ],
            [
              89.86634945100008,
              23.99162373400003
            ],
            [
              89.85538670200003,
              23.963593686000024
            ],
            [
              89.79326917700007,
              23.98691244200006
            ],
            [
              89.76437195400007,
              23.97822965900008
            ],
            [
              89.78520477000006,
              24.035247347000052
            ],
            [
              89.73288058700007,
              24.019423492000044
            ],
            [
              89.69297837800008,
              23.985681515000067
            ],
            [
              89.69695822200003,
              23.866609003000065
            ],
            [
              89.70383132300003,
              23.877096608000045
            ],
            [
              89.73274126100006,
              23.83536815800005
            ],
            [
              89.77094028600004,
              23.83329234000007
            ],
            [
              89.78043296100003,
              23.798287583000047
            ],
            [
              89.89645633500004,
              23.67457182100003
            ],
            [
              89.94214340300005,
              23.65256473100004
            ],
            [
              90.00769718900006,
              23.634942220000028
            ],
            [
              90.05123130900006,
              23.725760924000042
            ],
            [
              90.11470355800003,
              23.717157126000075
            ],
            [
              90.14568220500007,
              23.74815540900005
            ],
            [
              90.18839921900008,
              23.716561608000063
            ],
            [
              90.25542561500004,
              23.71497622000004
            ],
            [
              90.21855734600007,
              23.748314554000046
            ],
            [
              90.24114041300004,
              23.778170927000076
            ],
            [
              90.24539716100008,
              23.838950897000075
            ],
            [
              90.20354627900008,
              23.837984404000053
            ],
            [
              90.18540735700003,
              23.818302258000074
            ],
            [
              90.15088063400003,
              23.827954486000067
            ],
            [
              90.10800067100007,
              23.895784583000022
            ],
            [
              90.06832891500005,
              23.908263100000056
            ],
            [
              90.07423522700003,
              23.959842904000027
            ],
            [
              90.03801497100005,
              23.97171625200008
            ],
            [
              90.05643045300008,
              23.999556838000046
            ],
            [
              90.00759375000007,
              24.011362161000022
            ]
          ]
        ]
      },
      "properties": {
        "id": "bgd-adm2-16705992b79131283702140",
        "name": "Manikganj",
        "level": "admin",
        "admin_level": "district",
        "status": "official",
        "confidence": "high",
        "source_url": "https://www.geoboundaries.org/api/current/gbOpen/BGD/ADM2/",
        "source_license": "CC-BY 4.0 (geoBoundaries gbOpen)",
        "retrieved_at": "2026-08-23T10:15:22Z"
      }
    },
    {
      "type": "Feature",
      "geometry": {
        "type": "MultiPolygon",
        "coordinates": [
          [
            [
              [
                91.65755167200007,
                24.179206759000067
              ],
              [
                91.65749524300008,
                24.17920593100007
              ],
              [
                91.65755117200007,
                24.179020801000036
              ],
              [
                91.65755167200007,
                24.179206759000067
              ]
            ]
          ],
          [
            [
              [
                91.65755212100004,
                24.179374395000025
              ],
              [
                91.65755257800004,
                24.179544840000062
              ],
              [
                91.65750841000005,
                24.179465680000078
              ],
              [
                91.65755212100004,
                24.179374395000025
              ]
            ]
          ],
          [
            [
              [
                91.65755306200003,
                24.179725286000064
              ],
              [
                91.65766817700006,
                24.17968943300008
              ],
              [
                91.65762838700005,
                24.179761993000056
              ],
              [
                91.65755306200003,
                24.179725286000064
              ]
            ]
          ],
          [
            [
              [
                91.65755306200003,
                24.179725286000064
              ],
              [
                91.65754762400007,
                24.180423473000076
              ],
              [
                91.65747632900008,
                24.17968789200006
              ],
              [
                91.65755306200003,
                24.179725286000064
              ]
            ]
          ],
          [
            [
              [
                91.81038062200008,
                24.21724813000003
              ],
              [
                91.81023448500008,
                24.217219319000037
              ],
              [
                91.81046034300005,
                24.217156032000048
              ],
              [
                91.81038062200008,
                24.21724813000003
              ]
            ]
          ],
          [
            [
              [
                91.64518713100006,
                24.17399663200007
              ],
              [
                91.66534360000009,
                24.23365543700004
              ],
              [
                91.68819973600006,
                24.162219220000054
              ],
              [
                91.75918134900007,
                24.14156633600004
              ],
              [
                91.74497450800004,
                24.24708623300006
              ],
              [
                91.80616724600009,
                24.220823047000067
              ],
              [
                91.80584546200004,
                24.21883749600005
              ],
              [
                91.81040208400003,
                24.217715359000067
              ],
              [
                91.81629679800005,
                24.210083514000075
              ],
              [
                91.84407629900005,
                24.226278947000026
              ],
              [
                91.84797547500006,
                24.184956267000075
              ],
              [
                91.87391433800008,
                24.174618259000056
              ],
              [
                91.88456388400004,
                24.138759407000066
              ],
              [
                91.90570151800006,
                24.138815699000077
              ],
              [
                91.94074254600008,
                24.268238576000044
              ],
              [
                91.91989658800009,
                24.33760118300006
              ],
              [
                91.95666692700007,
                24.35681706200006
              ],
              [
                91.99585731400003,
                24.322179034000044
              ],
              [
                91.96685129300005,
                24.379814547000024
              ],
              [
                91.99650148300003,
                24.393875491000074
              ],
              [
                92.04395738600005,
                24.374993422000045
              ],
              [
                92.12165015600004,
                24.38226661300007
              ],
              [
                92.13669930100008,
                24.42509768000008
              ],
              [
                92.16904408100004,
                24.427910964000034
              ],
              [
                92.15485826600008,
                24.52311891100004
              ],
              [
                92.16939743200004,
                24.531877145000067
              ],
              [
                92.21253438000008,
                24.503768367000077
              ],
              [
                92.23083358900004,
                24.53022829300005
              ],
              [
                92.24700588900004,
                24.654918544000054
              ],
              [
                92.29588223900004,
                24.73663313800006
              ],
              [
                92.27895819500009,
                24.745724266000025
              ],
              [
                92.28883247100003,
                24.784631638000064
              ],
              [
                92.27298667900004,
                24.827570742000034
              ],
              [
                92.24920848600004,
                24.83638417800006
              ],
              [
                92.19991061600007,
                24.806444301000056
              ],
              [
                92.19408133200005,
                24.768444613000042
              ],
              [
                92.07826755100007,
                24.76642853100003
              ],
              [
                92.08047012700007,
                24.723547410000037
              ],
              [
                92.05769518400007,
                24.728627221000067
              ],
              [
                92.04880442300004,
                24.697278899000025
              ],
              [
                92.02571998900004,
                24.69716126700007
              ],
              [
                92.02897664400007,
                24.652332388000048
              ],
              [
                91.96666440800004,
                24.638923098000078
              ],
              [
                91.93107667900006,
                24.66177169100007
              ],
              [
                91.89017719300006,
                24.64608265000004
              ],
              [
                91.82860440000007,
                24.653657671000076
              ],
              [
                91.78275286600007,
                24.64271854100008
              ],
              [
                91.74850669600005,
                24.598123271000077
              ],
              [
                91.68581950900005,
                24.605176347000054
              ],
              [
                91.67504173200007,
                24.631196647000024
              ],
              [
                91.66097702700006,
                24.59214364500008
              ],
              [
                91.61191150700006,
                24.594012803000055
              ],
              [
                91.65446264800005,
                24.546276485000078
              ],
              [
                91.63525598100006,
                24.544023323000033
              ],
              [
                91.61344131800007,
                24.501836668000067
              ],
              [
                91.62069445800006,
                24.417359800000042
              ],
              [
                91.60163876800004,
                24.415464436000036
              ],
              [
                91.60321373300008,
                24.362649136000073
              ],
              [
                91.62479085800004,
                24.36394990200006
              ],
              [
                91.63118650100006,
                24.334934279000038
              ],
              [
                91.61537588900006,
                24.232627260000072
              ],
              [
                91.64518713100006,
                24.17399663200007
              ]
            ]
          ]
        ]
      },
      "properties": {
        "id": "bgd-adm2-16705992b62450131352427",
        "name": "Maulvibazar",
        "level": "admin",
        "admin_level": "district",
        "status": "official",
        "confidence": "high",
        "source_url": "https://www.geoboundaries.org/api/current/gbOpen/BGD/ADM2/",
        "source_license": "CC-BY 4.0 (geoBoundaries gbOpen)",
        "retrieved_at": "2026-08-23T10:15:22Z"
      }
    },
    {
      "type": "Feature",
      "geometry": {
        "type": "Polygon",
        "coordinates": [
          [
            [
              88.83211689100006,
              23.814279507000037
            ],
            [
              88.88461471100004,
              23.874756756000068
            ],
            [
              88.83763346000006,
              23.880951722000077
            ],
            [
              88.87277396300004,
              23.88990689700006
            ],
            [
              88.87318206100008,
              23.909261137000044
            ],
            [
              88.84257287900004,
              23.93770446600007
            ],
            [
              88.81421115100005,
              23.928566527000044
            ],
            [
              88.79950893400007,
              23.97644014100007
            ],
            [
              88.77855798600007,
              23.94812791000004
            ],
            [
              88.76338884100005,
              23.969309487000032
            ],
            [
              88.73367767300005,
              23.962605943000028
            ],
            [
              88.73338383700008,
              23.91108295500004
            ],
            [
              88.70632094600006,
              23.916404870000065
            ],
            [
              88.66754045700009,
              23.86959540500004
            ],
            [
              88.58400651200003,
              23.869704800000022
            ],
            [
              88.57692597300007,
              23.852103596000063
            ],
            [
              88.59120877900006,
              23.852858221000076
            ],
            [
              88.60203343000006,
              23.816513701000076
            ],
            [
              88.55576976700007,
              23.78445240600007
            ],
            [
              88.57969306300004,
              23.773091176000037
            ],
            [
              88.57382417900004,
              23.666752230000043
            ],
            [
              88.55819021100007,
              23.64924749900007
            ],
            [
              88.59371318000007,
              23.64091393900003
            ],
            [
              88.58003167000004,
              23.603060975000062
            ],
            [
              88.63705290400009,
              23.60687644500007
            ],
            [
              88.65418057200009,
              23.650387418000037
            ],
            [
              88.77377880000006,
              23.699766628000077
            ],
            [
              88.78848046300004,
              23.767486763000022
            ],
            [
              88.81770110100007,
              23.77096618400003
            ],
            [
              88.83211689100006,
              23.814279507000037
            ]
          ]
        ]
      },
      "properties": {
        "id": "bgd-adm2-16705992b11914188004823",
        "name": "Meherpur",
        "level": "admin",
        "admin_level": "district",
        "status": "official",
        "confidence": "high",
        "source_url": "https://www.geoboundaries.org/api/current/gbOpen/BGD/ADM2/",
        "source_license": "CC-BY 4.0 (geoBoundaries gbOpen)",
        "retrieved_at": "2026-08-23T10:15:22Z"
      }
    },
    {
      "type": "Feature",
      "geometry": {
        "type": "Polygon",
        "coordinates": [
          [
            [
              90.68775446100005,
              23.492475265000053
            ],
            [
              90.71108023300008,
              23.51504093500006
            ],
            [
              90.68728279500004,
              23.557371145000047
            ],
            [
              90.64699509300004,
              23.57598998900005
            ],
            [
              90.66678360600008,
              23.58959330700003
            ],
            [
              90.65305367500008,
              23.62040421200004
            ],
            [
              90.56113719100006,
              23.590202783000052
            ],
            [
              90.57665336200006,
              23.534162707000064
            ],
            [
              90.51595125600005,
              23.573409753000078
            ],
            [
              90.44825462500006,
              23.55051411900007
            ],
            [
              90.42898407300004,
              23.566589656000076
            ],
            [
              90.43978492600007,
              23.59740773900006
            ],
            [
              90.39082923900008,
              23.649654272000078
            ],
            [
              90.33899677800008,
              23.638418803000036
            ],
            [
              90.28618321000005,
              23.673856036000075
            ],
            [
              90.24960533100005,
              23.654479224000056
            ],
            [
              90.20461444800009,
              23.56504157100005
            ],
            [
              90.15825715400007,
              23.522147180000047
            ],
            [
              90.24856829000004,
              23.46103058600005
            ],
            [
              90.40358561400006,
              23.40014566600007
            ],
            [
              90.44746588000004,
              23.415540720000024
            ],
            [
              90.53868894100003,
              23.37934916200004
            ],
            [
              90.57762351500008,
              23.45149069300004
            ],
            [
              90.57612541400005,
              23.49571168500006
            ],
            [
              90.68775446100005,
              23.492475265000053
            ]
          ]
        ]
      },
      "properties": {
        "id": "bgd-adm2-16705992b99884694518333",
        "name": "Munshiganj",
        "level": "admin",
        "admin_level": "district",
        "status": "official",
        "confidence": "high",
        "source_url": "https://www.geoboundaries.org/api/current/gbOpen/BGD/ADM2/",
        "source_license": "CC-BY 4.0 (geoBoundaries gbOpen)",
        "retrieved_at": "2026-08-23T10:15:22Z"
      }
    },
    {
      "type": "Feature",
      "geometry": {
        "type": "Polygon",
        "coordinates": [
          [
            [
              90.64929343300008,
              24.257987849000074
            ],
            [
              90.61791578700007,
              24.33918728200007
            ],
            [
              90.64601142600009,
              24.41645469300005
            ],
            [
              90.58743876300008,
              24.448073962000024
            ],
            [
              90.57377328500007,
              24.482129497000074
            ],
            [
              90.60429657300006,
              24.499096290000068
            ],
            [
              90.67823000200008,
              24.466995831000077
            ],
            [
              90.68216300900008,
              24.502276084000073
            ],
            [
              90.70327104300009,
              24.517736227000057
            ],
            [
              90.72188922600003,
              24.471020271000043
            ],
            [
              90.74283807200004,
              24.509668574000045
            ],
            [
              90.79415949200006,
              24.508035670000027
            ],
            [
              90.82199161200003,
              24.58061865600007
            ],
            [
              90.79251566700003,
              24.577817819000074
            ],
            [
              90.79404060400003,
              24.605863731000056
            ],
            [
              90.75695954500009,
              24.610467062000055
            ],
            [
              90.75825123300007,
              24.637401457000067
            ],
            [
              90.70417124800008,
              24.66706135900006
            ],
            [
              90.69552228200007,
              24.71412321500003
            ],
            [
              90.72433725700006,
              24.731567445000053
            ],
            [
              90.69532269100006,
              24.75836047400003
            ],
            [
              90.69839977500004,
              24.774497558000064
            ],
            [
              90.72271366500007,
              24.774297526000055
            ],
            [
              90.70826222600004,
              24.801404735000062
            ],
            [
              90.64874125000006,
              24.791486495000072
            ],
            [
              90.57870195700008,
              24.822153726000067
            ],
            [
              90.56339681400004,
              24.811615302000064
            ],
            [
              90.58820596100009,
              24.841942076000066
            ],
            [
              90.55927283000005,
              24.843472718000044
            ],
            [
              90.56836440000006,
              24.885251004000054
            ],
            [
              90.53458838500006,
              24.891576735000058
            ],
            [
              90.54413450300007,
              24.937083892000032
            ],
            [
              90.51637928200006,
              24.946139698000025
            ],
            [
              90.52306199700007,
              24.979324378000058
            ],
            [
              90.49267505800003,
              25.00286903800003
            ],
            [
              90.50066421900004,
              25.031867740000052
            ],
            [
              90.53815420400008,
              25.012142534000077
            ],
            [
              90.53321193000005,
              25.032940402000065
            ],
            [
              90.54992495500005,
              25.041759649000028
            ],
            [
              90.60693347400007,
              25.028485961000058
            ],
            [
              90.60740834500007,
              25.07017685900007
            ],
            [
              90.58844967600004,
              25.058729379000056
            ],
            [
              90.58689028900005,
              25.08323039000004
            ],
            [
              90.61454981100007,
              25.173680280000042
            ],
            [
              90.50901351200008,
              25.17544035000003
            ],
            [
              90.44098050800005,
              25.144625759000064
            ],
            [
              90.33017654700006,
              25.193889969000054
            ],
            [
              90.26805150000007,
              25.19851265400007
            ],
            [
              90.26238258500007,
              25.098423378000064
            ],
            [
              90.30484343500007,
              25.079078001000028
            ],
            [
              90.23228379500006,
              25.042307324000035
            ],
            [
              90.22641519900003,
              24.97121331900007
            ],
            [
              90.25780245600004,
              24.946287093000024
            ],
            [
              90.23209551600007,
              24.944562629000075
            ],
            [
              90.23679715900005,
              24.887812664000023
            ],
            [
              90.19492591200003,
              24.885258668000063
            ],
            [
              90.18943585800008,
              24.828327866000052
            ],
            [
              90.16876995700005,
              24.826825194000037
            ],
            [
              90.13946023500006,
              24.779272984000045
            ],
            [
              90.07577902900005,
              24.787873767000065
            ],
            [
              90.09803112400004,
              24.75631179800007
            ],
            [
              90.09037812300005,
              24.73719304900004
            ],
            [
              90.13280304000006,
              24.734222858000066
            ],
            [
              90.14807439900005,
              24.634630894000054
            ],
            [
              90.12455055100008,
              24.596684436000032
            ],
            [
              90.17433851800007,
              24.517844405000062
            ],
            [
              90.24359089500007,
              24.481272241000056
            ],
            [
              90.20961273200004,
              24.458345833000067
            ],
            [
              90.24900260100009,
              24.41530494400007
            ],
            [
              90.22880074400007,
              24.347810675000062
            ],
            [
              90.26475749400004,
              24.288849381000034
            ],
            [
              90.29049776800008,
              24.27777491200004
            ],
            [
              90.35888895100004,
              24.30019843200006
            ],
            [
              90.36249855400007,
              24.28100498300006
            ],
            [
              90.40242478600004,
              24.282688321000023
            ],
            [
              90.44303992600004,
              24.34113820300007
            ],
            [
              90.52901084500007,
              24.303294788000073
            ],
            [
              90.52106272400005,
              24.287702955000043
            ],
            [
              90.57290837700003,
              24.24645126300004
            ],
            [
              90.62182741400005,
              24.268558492000068
            ],
            [
              90.64929343300008,
              24.257987849000074
            ]
          ]
        ]
      },
      "properties": {
        "id": "bgd-adm2-16705992b54511139091050",
        "name": "Mymensingh",
        "level": "admin",
        "admin_level": "district",
        "status": "official",
        "confidence": "high",
        "source_url": "https://www.geoboundaries.org/api/current/gbOpen/BGD/ADM2/",
        "source_license": "CC-BY 4.0 (geoBoundaries gbOpen)",
        "retrieved_at": "2026-08-23T10:15:22Z"
      }
    },
    {
      "type": "Feature",
      "geometry": {
        "type": "Polygon",
        "coordinates": [
          [
            [
              88.99002747700007,
              24.859442787000035
            ],
            [
              89.01652901700004,
              25.047290789000044
            ],
            [
              88.95353310100006,
              25.055641036000054
            ],
            [
              88.95570495300007,
              25.028880256000036
            ],
            [
              88.94084119100006,
              25.041481589000057
            ],
            [
              88.94026834300007,
              25.114379539000026
            ],
            [
              88.91092701600007,
              25.180413421000026
            ],
            [
              88.87582266600003,
              25.17897222600004
            ],
            [
              88.84370693500006,
              25.213918813000078
            ],
            [
              88.80584010400008,
              25.170549236000056
            ],
            [
              88.76931884900006,
              25.189913218000072
            ],
            [
              88.74871181300006,
              25.17708483800004
            ],
            [
              88.70786827000006,
              25.20795307000003
            ],
            [
              88.61299498600005,
              25.204291974000057
            ],
            [
              88.56480780500004,
              25.17461496800007
            ],
            [
              88.55756866600007,
              25.19271677100005
            ],
            [
              88.49909937500007,
              25.21049384300005
            ],
            [
              88.47543225000004,
              25.21348273800004
            ],
            [
              88.46337065900008,
              25.195024302000036
            ],
            [
              88.43879588600004,
              25.209579661000078
            ],
            [
              88.45922429000007,
              25.160965013000066
            ],
            [
              88.44135006100004,
              25.127643496000076
            ],
            [
              88.45285669000003,
              25.07942144900005
            ],
            [
              88.43490678100005,
              25.056067834000032
            ],
            [
              88.45262173700007,
              25.037062502000026
            ],
            [
              88.41237510300004,
              24.99904364400004
            ],
            [
              88.41665432500008,
              24.973890367000024
            ],
            [
              88.39465730400008,
              24.96643349900006
            ],
            [
              88.43416912800006,
              24.96086755700003
            ],
            [
              88.44046349200005,
              24.92037900300005
            ],
            [
              88.47129369800007,
              24.938140985000075
            ],
            [
              88.49052474000007,
              24.926992407000057
            ],
            [
              88.49458588800007,
              24.880753467000034
            ],
            [
              88.47436157100003,
              24.844362274000048
            ],
            [
              88.44992647600003,
              24.861422555000047
            ],
            [
              88.45740954300004,
              24.845860882000068
            ],
            [
              88.41208200600005,
              24.84785151600005
            ],
            [
              88.38314226100005,
              24.820182612000053
            ],
            [
              88.41392996700006,
              24.839555345000065
            ],
            [
              88.41473215600007,
              24.822722299000077
            ],
            [
              88.44749040900007,
              24.82573870400006
            ],
            [
              88.41243649300009,
              24.76883850300004
            ],
            [
              88.49459261600003,
              24.771770496000045
            ],
            [
              88.49493037500008,
              24.745436768000047
            ],
            [
              88.45827604800007,
              24.75853420800007
            ],
            [
              88.46260136100005,
              24.731928546000063
            ],
            [
              88.51125966500007,
              24.734395422000034
            ],
            [
              88.51881628700005,
              24.707921215000056
            ],
            [
              88.58173897700004,
              24.698781687000064
            ],
            [
              88.57834019300003,
              24.67623505000006
            ],
            [
              88.62037986900003,
              24.701792153000042
            ],
            [
              88.63608832800008,
              24.618014161000076
            ],
            [
              88.70606342100007,
              24.62844353500003
            ],
            [
              88.70142465500004,
              24.661916401000042
            ],
            [
              88.73534555900005,
              24.663774751000062
            ],
            [
              88.74266559700004,
              24.683464881000077
            ],
            [
              88.77065850100007,
              24.667631416000063
            ],
            [
              88.79859743900005,
              24.686494782000068
            ],
            [
              88.82206376300007,
              24.65303266600006
            ],
            [
              88.90949501300008,
              24.643290513000068
            ],
            [
              88.93509014900008,
              24.587102155000025
            ],
            [
              88.97243538000004,
              24.58486802400006
            ],
            [
              89.05258753800007,
              24.534225754000033
            ],
            [
              89.09823414400006,
              24.541597154000044
            ],
            [
              89.09753658700004,
              24.637136763000058
            ],
            [
              89.13557075600005,
              24.654880210000044
            ],
            [
              89.13185049700007,
              24.70449300300004
            ],
            [
              89.15076398900004,
              24.73836250900007
            ],
            [
              89.12651535200007,
              24.73879211900004
            ],
            [
              89.13017730000007,
              24.71406051300005
            ],
            [
              89.08352053700008,
              24.718637329000046
            ],
            [
              89.09689809300005,
              24.73418759900005
            ],
            [
              89.08841182300006,
              24.784744895000074
            ],
            [
              89.04906645200003,
              24.790543307000064
            ],
            [
              88.99724351300006,
              24.766351506000035
            ],
            [
              88.98981290700004,
              24.74348195600004
            ],
            [
              88.96364447400003,
              24.743352403000074
            ],
            [
              88.98215208400006,
              24.803113884000027
            ],
            [
              88.96990637500005,
              24.82332259800006
            ],
            [
              88.98798925700004,
              24.825436731000025
            ],
            [
              88.97417975700006,
              24.84867948300007
            ],
            [
              88.99002747700007,
              24.859442787000035
            ]
          ]
        ]
      },
      "properties": {
        "id": "bgd-adm2-16705992b34203284467157",
        "name": "Naogaon",
        "level": "admin",
        "admin_level": "district",
        "status": "official",
        "confidence": "high",
        "source_url": "https://www.geoboundaries.org/api/current/gbOpen/BGD/ADM2/",
        "source_license": "CC-BY 4.0 (geoBoundaries gbOpen)",
        "retrieved_at": "2026-08-23T10:15:22Z"
      }
    },
    {
      "type": "Feature",
      "geometry": {
        "type": "Polygon",
        "coordinates": [
          [
            [
              89.80104671600003,
              22.94125997900005
            ],
            [
              89.79705894200004,
              22.996026851000067
            ],
            [
              89.76218652000006,
              23.007673856000054
            ],
            [
              89.72861261000008,
              23.055385197000078
            ],
            [
              89.73557841000007,
              23.073440617000074
            ],
            [
              89.67261421200004,
              23.12314365800006
            ],
            [
              89.68620298400003,
              23.132758973000023
            ],
            [
              89.70667979200005,
              23.11365287600006
            ],
            [
              89.73856955400004,
              23.12959853900003
            ],
            [
              89.73227879500007,
              23.168203581000057
            ],
            [
              89.76480956800003,
              23.179931581000062
            ],
            [
              89.73346390800003,
              23.186453890000053
            ],
            [
              89.68990979800003,
              23.16350705900004
            ],
            [
              89.68536897500007,
              23.22749323000005
            ],
            [
              89.66477294300006,
              23.245993446000057
            ],
            [
              89.63298246100004,
              23.237685886000065
            ],
            [
              89.66601093700007,
              23.28259148500007
            ],
            [
              89.57814842500005,
              23.323370528000055
            ],
            [
              89.53435092200004,
              23.303297781000026
            ],
            [
              89.52447801900007,
              23.278177937000066
            ],
            [
              89.47904932500006,
              23.299449670000058
            ],
            [
              89.45505150900004,
              23.257219943000052
            ],
            [
              89.42565821100004,
              23.258818464000058
            ],
            [
              89.41929580000004,
              23.140360944000065
            ],
            [
              89.37822307100004,
              23.13557094300006
            ],
            [
              89.38534010600006,
              23.08508781200004
            ],
            [
              89.41663414600004,
              23.083067910000068
            ],
            [
              89.44230690500007,
              23.114552960000026
            ],
            [
              89.44383710100004,
              23.054920511000034
            ],
            [
              89.46745072200008,
              23.032718601000056
            ],
            [
              89.50121776500004,
              23.033096262000072
            ],
            [
              89.54679463300005,
              22.976471381000067
            ],
            [
              89.58178183800004,
              22.98780337100004
            ],
            [
              89.61126891500004,
              22.95552811300007
            ],
            [
              89.65178773600007,
              22.98348926500006
            ],
            [
              89.74468992500005,
              22.963729802000046
            ],
            [
              89.78390017700008,
              22.983201652000048
            ],
            [
              89.80104671600003,
              22.94125997900005
            ]
          ]
        ]
      },
      "properties": {
        "id": "bgd-adm2-16705992b56503274196630",
        "name": "Narail",
        "level": "admin",
        "admin_level": "district",
        "status": "official",
        "confidence": "high",
        "source_url": "https://www.geoboundaries.org/api/current/gbOpen/BGD/ADM2/",
        "source_license": "CC-BY 4.0 (geoBoundaries gbOpen)",
        "retrieved_at": "2026-08-23T10:15:22Z"
      }
    },
    {
      "type": "Feature",
      "geometry": {
        "type": "Polygon",
        "coordinates": [
          [
            [
              90.72145939200004,
              23.737230951000072
            ],
            [
              90.74115467100006,
              23.787472146000027
            ],
            [
              90.69675685300007,
              23.820315436000044
            ],
            [
              90.67646246800007,
              23.827931833000036
            ],
            [
              90.68321954900006,
              23.794317121000063
            ],
            [
              90.64819407400006,
              23.800990585000022
            ],
            [
              90.63653473700003,
              23.82429084000006
            ],
            [
              90.66270752300005,
              23.841579309000053
            ],
            [
              90.64512388500003,
              23.869575105000024
            ],
            [
              90.61010631600004,
              23.83248151400005
            ],
            [
              90.59577561500004,
              23.853535779000026
            ],
            [
              90.61071731900006,
              23.885201063000068
            ],
            [
              90.52567645600004,
              23.896514059000026
            ],
            [
              90.50227217700007,
              23.857900823000023
            ],
            [
              90.47126942300008,
              23.84730829600005
            ],
            [
              90.48778643200006,
              23.81763863900005
            ],
            [
              90.47092817800007,
              23.783551699000043
            ],
            [
              90.51279451900007,
              23.709568966000063
            ],
            [
              90.45248019200005,
              23.675264845000072
            ],
            [
              90.47298157500006,
              23.633757871000057
            ],
            [
              90.43017192100007,
              23.60859111700006
            ],
            [
              90.43071562900008,
              23.562885978000054
            ],
            [
              90.45375030400004,
              23.550594156000045
            ],
            [
              90.51831715700007,
              23.57307840200008
            ],
            [
              90.57746713700004,
              23.53459438400006
            ],
            [
              90.55892357000005,
              23.586182246000078
            ],
            [
              90.62692201500005,
              23.614049828000077
            ],
            [
              90.64011131600006,
              23.674678447000076
            ],
            [
              90.73276292500003,
              23.66708108100005
            ],
            [
              90.74106952100004,
              23.69741467500006
            ],
            [
              90.72145939200004,
              23.737230951000072
            ]
          ]
        ]
      },
      "properties": {
        "id": "bgd-adm2-16705992b28796010313895",
        "name": "Narayanganj",
        "level": "admin",
        "admin_level": "district",
        "status": "official",
        "confidence": "high",
        "source_url": "https://www.geoboundaries.org/api/current/gbOpen/BGD/ADM2/",
        "source_license": "CC-BY 4.0 (geoBoundaries gbOpen)",
        "retrieved_at": "2026-08-23T10:15:22Z"
      }
    },
    {
      "type": "Feature",
      "geometry": {
        "type": "Polygon",
        "coordinates": [
          [
            [
              90.98599152400004,
              24.030601024000077
            ],
            [
              90.96175647800004,
              24.033677350000062
            ],
            [
              90.96793792500006,
              24.060062711000057
            ],
            [
              90.94436662000004,
              24.084253965000073
            ],
            [
              90.91255446200006,
              24.07489404300003
            ],
            [
              90.84603336100008,
              24.111613333000037
            ],
            [
              90.87099362500004,
              24.139990092000062
            ],
            [
              90.78614903100004,
              24.193052864000038
            ],
            [
              90.77947578800007,
              24.24431011000007
            ],
            [
              90.68295030000007,
              24.24434832000003
            ],
            [
              90.67168941300008,
              24.204843064000045
            ],
            [
              90.69530001100009,
              24.139958311000044
            ],
            [
              90.67630250600007,
              24.115529683000034
            ],
            [
              90.702961,
              24.106560468000055
            ],
            [
              90.65662911300006,
              24.092303755000046
            ],
            [
              90.63969486100007,
              24.106087048000063
            ],
            [
              90.65797228100007,
              24.01347320900004
            ],
            [
              90.61809421000004,
              23.96841815700003
            ],
            [
              90.61410190300006,
              23.928094121000072
            ],
            [
              90.56144956500003,
              23.904917428000033
            ],
            [
              90.61071731900006,
              23.885201063000068
            ],
            [
              90.59577561500004,
              23.853535779000026
            ],
            [
              90.60986305000006,
              23.832559251000077
            ],
            [
              90.64512388500003,
              23.869575105000024
            ],
            [
              90.66270752300005,
              23.841579309000053
            ],
            [
              90.63653473700003,
              23.82429084000006
            ],
            [
              90.64819407400006,
              23.800990585000022
            ],
            [
              90.68321954900006,
              23.794317121000063
            ],
            [
              90.67646246800007,
              23.827931833000036
            ],
            [
              90.69675685300007,
              23.820315436000044
            ],
            [
              90.74115467100006,
              23.787472146000027
            ],
            [
              90.73461306300004,
              23.76283612700007
            ],
            [
              90.76619853500006,
              23.80311645000006
            ],
            [
              90.76665510400005,
              23.86420895300006
            ],
            [
              90.85810197000006,
              23.879037157000027
            ],
            [
              90.90922714500005,
              23.868012229000044
            ],
            [
              90.97273464300008,
              23.969315151000046
            ],
            [
              90.96587687900006,
              24.005404919000057
            ],
            [
              90.98599152400004,
              24.030601024000077
            ]
          ]
        ]
      },
      "properties": {
        "id": "bgd-adm2-16705992b95243043657125",
        "name": "Narsingdi",
        "level": "admin",
        "admin_level": "district",
        "status": "official",
        "confidence": "high",
        "source_url": "https://www.geoboundaries.org/api/current/gbOpen/BGD/ADM2/",
        "source_license": "CC-BY 4.0 (geoBoundaries gbOpen)",
        "retrieved_at": "2026-08-23T10:15:22Z"
      }
    },
    {
      "type": "Feature",
      "geometry": {
        "type": "Polygon",
        "coordinates": [
          [
            [
              89.13795557100008,
              24.68401289700006
            ],
            [
              89.13523677900008,
              24.65445496600006
            ],
            [
              89.09758352900008,
              24.637307502000056
            ],
            [
              89.09818100800004,
              24.54156353700006
            ],
            [
              89.05258753800007,
              24.534225754000033
            ],
            [
              88.97069412900004,
              24.585245017000034
            ],
            [
              88.96107785700008,
              24.54805768500006
            ],
            [
              88.87951531900006,
              24.520798332000027
            ],
            [
              88.92839772800005,
              24.510897931000045
            ],
            [
              88.89277912300008,
              24.477136518000066
            ],
            [
              88.89344658600004,
              24.363670641000056
            ],
            [
              88.86173438600008,
              24.363622117000034
            ],
            [
              88.84666521100007,
              24.339748378000024
            ],
            [
              88.85349125900007,
              24.30475054300007
            ],
            [
              88.90267689700005,
              24.290282872000034
            ],
            [
              88.91762955900003,
              24.250964871000065
            ],
            [
              88.87190329900005,
              24.226770178000038
            ],
            [
              88.86053740100004,
              24.16600047000003
            ],
            [
              88.90110937500003,
              24.152244143000075
            ],
            [
              88.86592580600006,
              24.122936767000056
            ],
            [
              88.87404151500004,
              24.099114172000043
            ],
            [
              88.93956199800004,
              24.13207531200004
            ],
            [
              89.00667774600004,
              24.118116670000063
            ],
            [
              89.01565769300004,
              24.143732852000028
            ],
            [
              88.99749804000004,
              24.15590846500004
            ],
            [
              89.02524109100005,
              24.169404867000026
            ],
            [
              89.04678336900008,
              24.139068145000067
            ],
            [
              89.08043374100004,
              24.16628916700006
            ],
            [
              89.15697102800004,
              24.170522918000074
            ],
            [
              89.17502766200005,
              24.200668946000064
            ],
            [
              89.21526572400006,
              24.211740235000036
            ],
            [
              89.23866290100005,
              24.244866502000036
            ],
            [
              89.23288566200006,
              24.26599212800005
            ],
            [
              89.28663178600004,
              24.304830922000065
            ],
            [
              89.28720505600006,
              24.330695372000037
            ],
            [
              89.31768270500004,
              24.341782805000037
            ],
            [
              89.28318512600003,
              24.379533311000046
            ],
            [
              89.28513372600008,
              24.42050452700005
            ],
            [
              89.24715469900008,
              24.427264354000044
            ],
            [
              89.33774690800004,
              24.54425039800003
            ],
            [
              89.32887833400008,
              24.598796771000025
            ],
            [
              89.25916114200004,
              24.629532975000075
            ],
            [
              89.22491723300004,
              24.580034794000028
            ],
            [
              89.19017589500004,
              24.651033511000037
            ],
            [
              89.17179389000006,
              24.621696662000033
            ],
            [
              89.14901663000006,
              24.617204757000025
            ],
            [
              89.13644036700003,
              24.655999962000067
            ],
            [
              89.16682869600004,
              24.671718286000043
            ],
            [
              89.13795557100008,
              24.68401289700006
            ]
          ]
        ]
      },
      "properties": {
        "id": "bgd-adm2-16705992b43065208682222",
        "name": "Natore",
        "level": "admin",
        "admin_level": "district",
        "status": "official",
        "confidence": "high",
        "source_url": "https://www.geoboundaries.org/api/current/gbOpen/BGD/ADM2/",
        "source_license": "CC-BY 4.0 (geoBoundaries gbOpen)",
        "retrieved_at": "2026-08-23T10:15:22Z"
      }
    },
    {
      "type": "Feature",
      "geometry": {
        "type": "Polygon",
        "coordinates": [
          [
            [
              88.39511187100004,
              24.96470762000007
            ],
            [
              88.39501987600005,
              24.94170764000006
            ],
            [
              88.35872852200004,
              24.953428555000073
            ],
            [
              88.32471852400005,
              24.918459469000027
            ],
            [
              88.34681043000006,
              24.892513619000056
            ],
            [
              88.33113549600006,
              24.870376401000044
            ],
            [
              88.27619167300008,
              24.89808398200006
            ],
            [
              88.25902848400005,
              24.878141218000053
            ],
            [
              88.26243440900004,
              24.921035970000048
            ],
            [
              88.22621314800006,
              24.95974734500004
            ],
            [
              88.13800382400007,
              24.93625756600005
            ],
            [
              88.17498405300006,
              24.86025034200003
            ],
            [
              88.13188740800007,
              24.836113046000037
            ],
            [
              88.13625221900008,
              24.805399374000046
            ],
            [
              88.12353621200003,
              24.823165533000065
            ],
            [
              88.11229538800006,
              24.81415276300004
            ],
            [
              88.10607689500006,
              24.77966215600003
            ],
            [
              88.06828787700005,
              24.769268150000073
            ],
            [
              88.06283936300008,
              24.721642237000026
            ],
            [
              88.00862798600008,
              24.667883810000035
            ],
            [
              88.14071962200006,
              24.511339640000074
            ],
            [
              88.29168668900007,
              24.416361798000025
            ],
            [
              88.33089025100008,
              24.447629712000037
            ],
            [
              88.30524750800004,
              24.481450549000044
            ],
            [
              88.30052402200005,
              24.56492922700005
            ],
            [
              88.35943506300003,
              24.602946901000053
            ],
            [
              88.42263880100006,
              24.615881741000067
            ],
            [
              88.43530285600008,
              24.666755196000054
            ],
            [
              88.48859668100005,
              24.656288861000064
            ],
            [
              88.51102487600008,
              24.672390162000056
            ],
            [
              88.45533871700007,
              24.67762010000007
            ],
            [
              88.48284295400003,
              24.681251019000058
            ],
            [
              88.51197677600004,
              24.733147443000064
            ],
            [
              88.46256363600008,
              24.731956376000028
            ],
            [
              88.45827604800007,
              24.75853420800007
            ],
            [
              88.49493037500008,
              24.745436768000047
            ],
            [
              88.49478127200007,
              24.771553994000044
            ],
            [
              88.412966,
              24.768122909000056
            ],
            [
              88.44801745600006,
              24.82497782200005
            ],
            [
              88.41384540900003,
              24.823090988000047
            ],
            [
              88.42158858900007,
              24.83088777300003
            ],
            [
              88.42027925400004,
              24.838921151000022
            ],
            [
              88.41569162500008,
              24.839693105000038
            ],
            [
              88.39343650600006,
              24.817551
            ],
            [
              88.38310281900004,
              24.820315364000066
            ],
            [
              88.41208200600005,
              24.84785151600005
            ],
            [
              88.45740954300004,
              24.845860882000068
            ],
            [
              88.44992647600003,
              24.861422555000047
            ],
            [
              88.47459726000005,
              24.84453398000005
            ],
            [
              88.49288907700009,
              24.924705415000062
            ],
            [
              88.47129369800007,
              24.938140985000075
            ],
            [
              88.44046349200005,
              24.92037900300005
            ],
            [
              88.43416912800006,
              24.96086755700003
            ],
            [
              88.39511187100004,
              24.96470762000007
            ]
          ]
        ]
      },
      "properties": {
        "id": "bgd-adm2-16705992b76725860359822",
        "name": "Nawabganj",
        "level": "admin",
        "admin_level": "district",
        "status": "official",
        "confidence": "high",
        "source_url": "https://www.geoboundaries.org/api/current/gbOpen/BGD/ADM2/",
        "source_license": "CC-BY 4.0 (geoBoundaries gbOpen)",
        "retrieved_at": "2026-08-23T10:15:22Z"
      }
    },
    {
      "type": "Feature",
      "geometry": {
        "type": "Polygon",
        "coordinates": [
          [
            [
              91.19521432600004,
              24.631139414000074
            ],
            [
              91.22999394200008,
              24.65471400800004
            ],
            [
              91.24094350000007,
              24.691559074000054
            ],
            [
              91.21972071600004,
              24.70238752100005
            ],
            [
              91.22527540400006,
              24.727513266000074
            ],
            [
              91.20684386900007,
              24.708984920000034
            ],
            [
              91.14132690600007,
              24.72420917900007
            ],
            [
              91.15933704100007,
              24.74810679600006
            ],
            [
              91.13522539800005,
              24.757196401000044
            ],
            [
              91.17120756600008,
              24.77993630900005
            ],
            [
              91.17068783700006,
              24.82696161000007
            ],
            [
              91.15295528000007,
              24.837460409000073
            ],
            [
              91.15279936700006,
              24.809328066000035
            ],
            [
              91.13041131000006,
              24.792843744000038
            ],
            [
              91.11248704800005,
              24.817060713000046
            ],
            [
              91.13040431300004,
              24.84059514300003
            ],
            [
              91.09844576500006,
              24.889586636000047
            ],
            [
              91.04447440000007,
              24.908138613000062
            ],
            [
              91.01762001500003,
              24.885246590000065
            ],
            [
              90.99286753400008,
              24.914100639000026
            ],
            [
              90.95329294400005,
              24.919156861000033
            ],
            [
              90.94913873600007,
              24.93967626500006
            ],
            [
              90.97317249500009,
              24.95842353000006
            ],
            [
              90.94365821000008,
              24.97592475400006
            ],
            [
              90.93404784100005,
              25.019939097000076
            ],
            [
              90.96502914700005,
              25.035700588000054
            ],
            [
              90.93286427100008,
              25.04486070300004
            ],
            [
              90.92777883200006,
              25.077988128000072
            ],
            [
              90.97466440600004,
              25.074280415000032
            ],
            [
              90.94742263700005,
              25.113832652000042
            ],
            [
              90.96484836000008,
              25.17187864600004
            ],
            [
              90.84977294800007,
              25.157735573000025
            ],
            [
              90.78028162200008,
              25.186223735000056
            ],
            [
              90.73319387900005,
              25.15501402900003
            ],
            [
              90.69850520200004,
              25.156855160000077
            ],
            [
              90.68563446300004,
              25.174586927000064
            ],
            [
              90.66594035200006,
              25.16595707700003
            ],
            [
              90.66505975300004,
              25.196502218000035
            ],
            [
              90.64962996300005,
              25.19524649300007
            ],
            [
              90.64183780700006,
              25.174925932000065
            ],
            [
              90.61521399000009,
              25.17708102200004
            ],
            [
              90.58694579300004,
              25.083562615000062
            ],
            [
              90.58844967600004,
              25.058729379000056
            ],
            [
              90.60740834500007,
              25.07017685900007
            ],
            [
              90.60606002600008,
              25.027357852000023
            ],
            [
              90.54992495500005,
              25.041759649000028
            ],
            [
              90.53321193000005,
              25.032940402000065
            ],
            [
              90.53889622100007,
              25.012133075000065
            ],
            [
              90.52401288300007,
              25.02992124800005
            ],
            [
              90.49426764600008,
              25.02736297000007
            ],
            [
              90.49272160500004,
              25.002737370000034
            ],
            [
              90.52337605500009,
              24.97817690900007
            ],
            [
              90.51279334700007,
              24.951325147000034
            ],
            [
              90.54459657800004,
              24.935596609000072
            ],
            [
              90.53458838500006,
              24.891576735000058
            ],
            [
              90.56814689500004,
              24.885723702000064
            ],
            [
              90.55927283000005,
              24.843472718000044
            ],
            [
              90.58820596100009,
              24.841942076000066
            ],
            [
              90.56339681400004,
              24.811615302000064
            ],
            [
              90.57870195700008,
              24.822153726000067
            ],
            [
              90.64874125000006,
              24.791486495000072
            ],
            [
              90.70837539000007,
              24.801296956000044
            ],
            [
              90.72271366500007,
              24.774297526000055
            ],
            [
              90.69839977500004,
              24.774497558000064
            ],
            [
              90.69532269100006,
              24.75836047400003
            ],
            [
              90.72432810500004,
              24.73137445200007
            ],
            [
              90.69552228200007,
              24.71412321500003
            ],
            [
              90.70086448600006,
              24.67430567100007
            ],
            [
              90.75825123300007,
              24.637401457000067
            ],
            [
              90.75695954500009,
              24.610467062000055
            ],
            [
              90.79404060400003,
              24.605863731000056
            ],
            [
              90.79624211800007,
              24.575697872000035
            ],
            [
              90.85693897500005,
              24.599483229000043
            ],
            [
              90.90780441600003,
              24.59478137900004
            ],
            [
              90.92747296100003,
              24.61586257600004
            ],
            [
              90.93868860400005,
              24.601849403000074
            ],
            [
              91.01834639500004,
              24.603117376000057
            ],
            [
              91.03098158600005,
              24.629941616000053
            ],
            [
              91.03823025900004,
              24.61097931200004
            ],
            [
              91.07318540600005,
              24.61895755300003
            ],
            [
              91.09803117100006,
              24.599165605000053
            ],
            [
              91.12885690700006,
              24.610029286000042
            ],
            [
              91.12991454700006,
              24.642112789000066
            ],
            [
              91.19521432600004,
              24.631139414000074
            ]
          ]
        ]
      },
      "properties": {
        "id": "bgd-adm2-16705992b47191620994273",
        "name": "Netrakona",
        "level": "admin",
        "admin_level": "district",
        "status": "official",
        "confidence": "high",
        "source_url": "https://www.geoboundaries.org/api/current/gbOpen/BGD/ADM2/",
        "source_license": "CC-BY 4.0 (geoBoundaries gbOpen)",
        "retrieved_at": "2026-08-23T10:15:22Z"
      }
    },
    {
      "type": "Feature",
      "geometry": {
        "type": "Polygon",
        "coordinates": [
          [
            [
              88.94106920100006,
              25.73432927600004
            ],
            [
              88.96183220500006,
              25.784327245000043
            ],
            [
              88.94302101600005,
              25.80646801300003
            ],
            [
              89.09050324400005,
              25.826800864000063
            ],
            [
              89.11514816700009,
              25.881775280000056
            ],
            [
              89.09422856100008,
              25.936722922000058
            ],
            [
              89.10968410200007,
              25.966181495000058
            ],
            [
              89.14184304200006,
              25.964174249000052
            ],
            [
              89.09349016100003,
              26.033720651000067
            ],
            [
              89.09810040600007,
              26.14588055200005
            ],
            [
              89.01930420000008,
              26.191337470000065
            ],
            [
              89.03612542900004,
              26.220370676000073
            ],
            [
              89.01814958100005,
              26.24374731200004
            ],
            [
              88.95677408100005,
              26.240635601000065
            ],
            [
              88.92622102500007,
              26.283892902000048
            ],
            [
              88.89820319200004,
              26.288743889000045
            ],
            [
              88.86133500200003,
              26.272734170000035
            ],
            [
              88.87781568200006,
              26.233494973000063
            ],
            [
              88.84026258600005,
              26.231408256000066
            ],
            [
              88.81352389800008,
              26.254675848000034
            ],
            [
              88.81906717900006,
              26.29459068600005
            ],
            [
              88.75925690900004,
              26.304143168000053
            ],
            [
              88.76291949600005,
              26.236121057000048
            ],
            [
              88.79006423500005,
              26.230391747000056
            ],
            [
              88.79782729600004,
              26.203378912000062
            ],
            [
              88.77578254100007,
              26.18056039000004
            ],
            [
              88.78919848300006,
              26.123526878000064
            ],
            [
              88.75766442900004,
              26.084643096000036
            ],
            [
              88.77879947700006,
              26.062351981000063
            ],
            [
              88.73495475900006,
              26.01468248300006
            ],
            [
              88.74448076400006,
              25.93816168500007
            ],
            [
              88.80151045200006,
              25.922034047000068
            ],
            [
              88.82759843300005,
              25.813170786000057
            ],
            [
              88.85621788300006,
              25.776865533000034
            ],
            [
              88.88984532900008,
              25.770795427000053
            ],
            [
              88.89759593500008,
              25.735296262000077
            ],
            [
              88.94106920100006,
              25.73432927600004
            ]
          ]
        ]
      },
      "properties": {
        "id": "bgd-adm2-16705992b74406959438199",
        "name": "Nilphamari",
        "level": "admin",
        "admin_level": "district",
        "status": "official",
        "confidence": "high",
        "source_url": "https://www.geoboundaries.org/api/current/gbOpen/BGD/ADM2/",
        "source_license": "CC-BY 4.0 (geoBoundaries gbOpen)",
        "retrieved_at": "2026-08-23T10:15:22Z"
      }
    },
    {
      "type": "Feature",
      "geometry": {
        "type": "MultiPolygon",
        "coordinates": [
          [
            [
              [
                91.08273991600004,
                22.05354972200007
              ],
              [
                91.07102257100007,
                22.063712931000055
              ],
              [
                91.04928881600006,
                22.054675730000042
              ],
              [
                91.04837196500006,
                22.04861081200005
              ],
              [
                91.05861927800004,
                22.03028424000007
              ],
              [
                91.08273991600004,
                22.05354972200007
              ]
            ]
          ],
          [
            [
              [
                91.04789185600004,
                22.073780897000063
              ],
              [
                91.00146099100004,
                22.100529920000042
              ],
              [
                90.97834969400003,
                22.081548630000043
              ],
              [
                90.98156896800003,
                22.027943554000046
              ],
              [
                91.03232670900007,
                22.03857855900003
              ],
              [
                91.04789185600004,
                22.073780897000063
              ]
            ]
          ],
          [
            [
              [
                91.01930321900005,
                22.19113326400003
              ],
              [
                91.02448888500004,
                22.177142710000055
              ],
              [
                91.03104410700007,
                22.199807062000048
              ],
              [
                91.01930321900005,
                22.19113326400003
              ]
            ]
          ],
          [
            [
              [
                91.01532635700005,
                22.242632311000023
              ],
              [
                91.03663618600007,
                22.32027375100006
              ],
              [
                91.01901275200004,
                22.33230739800007
              ],
              [
                91.02401595500004,
                22.316377621000072
              ],
              [
                91.01532635700005,
                22.242632311000023
              ]
            ]
          ],
          [
            [
              [
                91.03619942100005,
                22.337628236000057
              ],
              [
                91.05434226500006,
                22.348553120000076
              ],
              [
                91.04106873100005,
                22.374021079000045
              ],
              [
                91.01960634800008,
                22.352264872000035
              ],
              [
                91.03619942100005,
                22.337628236000057
              ]
            ]
          ],
          [
            [
              [
                91.04348724400006,
                22.37492773100007
              ],
              [
                91.05664850200009,
                22.368580390000034
              ],
              [
                91.05097083000004,
                22.38592118300005
              ],
              [
                91.04348724400006,
                22.37492773100007
              ]
            ]
          ],
          [
            [
              [
                91.14094090600008,
                22.373214533000066
              ],
              [
                91.06999178500007,
                22.406994299000075
              ],
              [
                91.06847895400006,
                22.242140377000055
              ],
              [
                91.00399697500006,
                22.113605067000037
              ],
              [
                91.05776121600007,
                22.07923059600006
              ],
              [
                91.13587517800005,
                22.13182217900004
              ],
              [
                91.18824348600003,
                22.232822132000024
              ],
              [
                91.18469190600007,
                22.365370433000066
              ],
              [
                91.17499253000005,
                22.383753864000028
              ],
              [
                91.14094090600008,
                22.373214533000066
              ]
            ]
          ],
          [
            [
              [
                90.99017511300008,
                22.391004017000057
              ],
              [
                90.98105863900008,
                22.41686926500006
              ],
              [
                90.97227792600006,
                22.420598305000055
              ],
              [
                90.97874366900004,
                22.410772313000052
              ],
              [
                90.99017511300008,
                22.391004017000057
              ]
            ]
          ],
          [
            [
              [
                91.25624524800008,
                22.409764777000078
              ],
              [
                91.26637104400004,
                22.423786216000053
              ],
              [
                91.25647660300007,
                22.435478299000067
              ],
              [
                91.24575154100006,
                22.426288542000066
              ],
              [
                91.25624524800008,
                22.409764777000078
              ]
            ]
          ],
          [
            [
              [
                91.27099365200007,
                22.44310785500005
              ],
              [
                91.27689646100004,
                22.44760182300007
              ],
              [
                91.27175743600009,
                22.447881477000067
              ],
              [
                91.27099365200007,
                22.44310785500005
              ]
            ]
          ],
          [
            [
              [
                91.01294511000003,
                22.360490222000067
              ],
              [
                91.04532033300006,
                22.435952420000035
              ],
              [
                90.99864641400006,
                22.46311189100004
              ],
              [
                90.98816423700003,
                22.431771139000034
              ],
              [
                91.01294511000003,
                22.360490222000067
              ]
            ]
          ],
          [
            [
              [
                90.96773220900008,
                22.427628345000073
              ],
              [
                90.97793356900007,
                22.465007306000075
              ],
              [
                90.96195477200007,
                22.47098287700004
              ],
              [
                90.95087613500004,
                22.464541818000043
              ],
              [
                90.96773220900008,
                22.427628345000073
              ]
            ]
          ],
          [
            [
              [
                90.93392740200005,
                22.49373046100004
              ],
              [
                90.97751574300008,
                22.503696930000046
              ],
              [
                90.98174801100004,
                22.512944275000052
              ],
              [
                90.97645204400004,
                22.52198363800005
              ],
              [
                90.93392740200005,
                22.49373046100004
              ]
            ]
          ],
          [
            [
              [
                91.33942567700007,
                22.52601656300004
              ],
              [
                91.33493630100008,
                22.560008524000068
              ],
              [
                91.31111546600005,
                22.602810281000075
              ],
              [
                91.26595062600006,
                22.520139716000074
              ],
              [
                91.29104181100007,
                22.48394951800003
              ],
              [
                91.33942567700007,
                22.52601656300004
              ]
            ]
          ],
          [
            [
              [
                91.33841266400003,
                22.732051381000076
              ],
              [
                91.28777559700006,
                22.710430761000055
              ],
              [
                91.31818293400005,
                22.649888908000037
              ],
              [
                91.34317560700003,
                22.68581308000006
              ],
              [
                91.33841266400003,
                22.732051381000076
              ]
            ]
          ],
          [
            [
              [
                91.40718534100006,
                22.765401062000024
              ],
              [
                91.41092765300004,
                22.753321217000064
              ],
              [
                91.42204888900005,
                22.748634399000025
              ],
              [
                91.42412495700006,
                22.757389483000054
              ],
              [
                91.40718534100006,
                22.765401062000024
              ]
            ]
          ],
          [
            [
              [
                91.37856572500004,
                22.78062291200007
              ],
              [
                91.37394670900005,
                22.780957986000033
              ],
              [
                91.37947474000003,
                22.779363851000028
              ],
              [
                91.37856572500004,
                22.78062291200007
              ]
            ]
          ],
          [
            [
              [
                91.34453103000004,
                22.78905203900007
              ],
              [
                91.36521428100008,
                22.777448382000046
              ],
              [
                91.37681652000003,
                22.785332362000077
              ],
              [
                91.36785824200007,
                22.801753576000067
              ],
              [
                91.34453103000004,
                22.78905203900007
              ]
            ]
          ],
          [
            [
              [
                91.33599267900007,
                22.82123795900003
              ],
              [
                91.33538948100005,
                22.818893568000078
              ],
              [
                91.33816064300004,
                22.820810223000024
              ],
              [
                91.33599267900007,
                22.82123795900003
              ]
            ]
          ],
          [
            [
              [
                90.96184522200008,
                23.131043962000035
              ],
              [
                90.94528342200005,
                23.085835751000047
              ],
              [
                90.89896223300008,
                23.071501529000045
              ],
              [
                90.91880617300006,
                23.041895226000065
              ],
              [
                90.88663002800007,
                23.025560265000024
              ],
              [
                90.92073695400006,
                23.01398431900003
              ],
              [
                90.93342688700005,
                22.986699610000073
              ],
              [
                90.94428387400006,
                22.99814460300007
              ],
              [
                90.99884825300006,
                22.977410407000036
              ],
              [
                90.98640154300006,
                22.87857275500005
              ],
              [
                90.94292048400007,
                22.862226285000077
              ],
              [
                90.92668110700004,
                22.813934825000047
              ],
              [
                90.88995373000006,
                22.811019285000043
              ],
              [
                90.98130274700009,
                22.753984409000054
              ],
              [
                90.98083090900008,
                22.715403601000048
              ],
              [
                91.00924427400008,
                22.70595740500005
              ],
              [
                91.01729429500006,
                22.68085687100006
              ],
              [
                90.98843637900006,
                22.63917748800003
              ],
              [
                91.01740593000005,
                22.56817560500008
              ],
              [
                91.07777730700008,
                22.493401703000075
              ],
              [
                91.09063097100005,
                22.522186118000036
              ],
              [
                91.13685875300007,
                22.55674611300003
              ],
              [
                91.09265338700004,
                22.520881830000064
              ],
              [
                91.08219468500005,
                22.485963385000048
              ],
              [
                91.13796295700007,
                22.443012830000043
              ],
              [
                91.20118090600005,
                22.509833772000036
              ],
              [
                91.17106906400005,
                22.520209736000027
              ],
              [
                91.16048737500006,
                22.500629380000078
              ],
              [
                91.11255832700004,
                22.48794207000003
              ],
              [
                91.15287508900008,
                22.500552208000045
              ],
              [
                91.15041211100004,
                22.54035042000004
              ],
              [
                91.16168392100008,
                22.52072879900004
              ],
              [
                91.22889490000006,
                22.525852024000073
              ],
              [
                91.28802259900004,
                22.618616692000046
              ],
              [
                91.26342555700006,
                22.635445411000035
              ],
              [
                91.28300263100004,
                22.635218274000067
              ],
              [
                91.26378939700004,
                22.683621119000065
              ],
              [
                91.21143509500007,
                22.704530633000047
              ],
              [
                91.19309698100005,
                22.732916617000058
              ],
              [
                91.25885320600008,
                22.697210203000054
              ],
              [
                91.29890875600006,
                22.74516096800005
              ],
              [
                91.38491751300006,
                22.757205138000074
              ],
              [
                91.31154431700008,
                22.81285187000003
              ],
              [
                91.33200322500005,
                22.820655491000025
              ],
              [
                91.31094011400006,
                22.844690597000067
              ],
              [
                91.35204246000006,
                22.85213237000005
              ],
              [
                91.32846079400008,
                22.88213361000004
              ],
              [
                91.35268998600009,
                22.898140428000033
              ],
              [
                91.34056275100005,
                22.913469838000026
              ],
              [
                91.27634696000007,
                22.899388355000042
              ],
              [
                91.26554945600003,
                22.881537524000066
              ],
              [
                91.24824829200008,
                22.89399074100004
              ],
              [
                91.25872434500008,
                23.054846974000043
              ],
              [
                91.18526597100004,
                23.060251503000075
              ],
              [
                91.15990228700008,
                23.084072286000037
              ],
              [
                91.07943563100008,
                23.071601783000062
              ],
              [
                91.04298890000007,
                23.090431274000025
              ],
              [
                91.03556227400009,
                23.114657007000062
              ],
              [
                90.96184522200008,
                23.131043962000035
              ]
            ]
          ]
        ]
      },
      "properties": {
        "id": "bgd-adm2-16705992b96773862439533",
        "name": "Noakhali",
        "level": "admin",
        "admin_level": "district",
        "status": "official",
        "confidence": "high",
        "source_url": "https://www.geoboundaries.org/api/current/gbOpen/BGD/ADM2/",
        "source_license": "CC-BY 4.0 (geoBoundaries gbOpen)",
        "retrieved_at": "2026-08-23T10:15:22Z"
      }
    },
    {
      "type": "Feature",
      "geometry": {
        "type": "Polygon",
        "coordinates": [
          [
            [
              89.35535144900007,
              23.885943858000076
            ],
            [
              89.36459926900005,
              23.91070432500004
            ],
            [
              89.38522362200007,
              23.90780982800004
            ],
            [
              89.46859452000007,
              23.83925245900008
            ],
            [
              89.57152584900007,
              23.808109212000033
            ],
            [
              89.67244046600007,
              23.80973846300003
            ],
            [
              89.73274126100006,
              23.83536815800005
            ],
            [
              89.70383132300003,
              23.877096608000045
            ],
            [
              89.69695822200003,
              23.866609003000065
            ],
            [
              89.68449839900006,
              23.925252751000073
            ],
            [
              89.69339573300005,
              23.987298002000045
            ],
            [
              89.72157552200008,
              24.01352505400007
            ],
            [
              89.68301767500003,
              24.034242948000042
            ],
            [
              89.68458844000008,
              24.05838873700003
            ],
            [
              89.65984263700005,
              24.075452281000025
            ],
            [
              89.53291984500004,
              24.13012760400005
            ],
            [
              89.52235264100005,
              24.197245837000025
            ],
            [
              89.50078105600005,
              24.21706886800007
            ],
            [
              89.46942615600005,
              24.20082914900007
            ],
            [
              89.46143130300004,
              24.22457178700006
            ],
            [
              89.47816598800006,
              24.229369517000066
            ],
            [
              89.44583837700009,
              24.233659979000038
            ],
            [
              89.46023062700004,
              24.262087918000077
            ],
            [
              89.42459760100007,
              24.250346961000048
            ],
            [
              89.41833472500008,
              24.321931650000067
            ],
            [
              89.36605397100004,
              24.35387085600007
            ],
            [
              89.31947888700006,
              24.35320559300004
            ],
            [
              89.23330847500006,
              24.26664001300003
            ],
            [
              89.21526572400006,
              24.211740235000036
            ],
            [
              89.17502766200005,
              24.200668946000064
            ],
            [
              89.15697102800004,
              24.170522918000074
            ],
            [
              89.08043374100004,
              24.16628916700006
            ],
            [
              89.04678336900008,
              24.139068145000067
            ],
            [
              89.02596295600006,
              24.169582766000076
            ],
            [
              88.99707364800008,
              24.144273979000047
            ],
            [
              89.01545117500007,
              24.144514985000058
            ],
            [
              89.00667774600004,
              24.118116670000063
            ],
            [
              89.07115755800004,
              23.97880606500007
            ],
            [
              89.16351631500004,
              23.949777031000053
            ],
            [
              89.17765569200003,
              23.98739226200007
            ],
            [
              89.21627636300008,
              23.988491423000028
            ],
            [
              89.21651407000007,
              23.971539918000076
            ],
            [
              89.23700408400003,
              23.972887293000042
            ],
            [
              89.26386936200004,
              23.878661211000065
            ],
            [
              89.27855751000004,
              23.90604184800003
            ],
            [
              89.31237811000005,
              23.87426227800006
            ],
            [
              89.35535144900007,
              23.885943858000076
            ]
          ]
        ]
      },
      "properties": {
        "id": "bgd-adm2-16705992b46384724638491",
        "name": "Pabna",
        "level": "admin",
        "admin_level": "district",
        "status": "official",
        "confidence": "high",
        "source_url": "https://www.geoboundaries.org/api/current/gbOpen/BGD/ADM2/",
        "source_license": "CC-BY 4.0 (geoBoundaries gbOpen)",
        "retrieved_at": "2026-08-23T10:15:22Z"
      }
    },
    {
      "type": "Feature",
      "geometry": {
        "type": "Polygon",
        "coordinates": [
          [
            [
              88.73495475900006,
              26.01468248300006
            ],
            [
              88.77879947700006,
              26.062351981000063
            ],
            [
              88.75766442900004,
              26.084643096000036
            ],
            [
              88.78958662300005,
              26.12471343900006
            ],
            [
              88.77578254100007,
              26.18056039000004
            ],
            [
              88.79724239600006,
              26.216345079000064
            ],
            [
              88.76291949600005,
              26.236121057000048
            ],
            [
              88.75655862000008,
              26.310574862000067
            ],
            [
              88.67942716300007,
              26.259009484000046
            ],
            [
              88.66566360100006,
              26.28485829600004
            ],
            [
              88.67391410900007,
              26.298595328000033
            ],
            [
              88.68619601100005,
              26.282120447000068
            ],
            [
              88.70938700300007,
              26.288866564000045
            ],
            [
              88.67507057900008,
              26.320171849000076
            ],
            [
              88.74645214500003,
              26.322474552000074
            ],
            [
              88.73382727000006,
              26.32858556700006
            ],
            [
              88.74581724800004,
              26.34717462100008
            ],
            [
              88.70271253200008,
              26.334494036000024
            ],
            [
              88.68103115800005,
              26.380220587000053
            ],
            [
              88.70224839400004,
              26.38855344500007
            ],
            [
              88.67029511400006,
              26.397792734000063
            ],
            [
              88.68735627800004,
              26.401072921000036
            ],
            [
              88.68568929300005,
              26.412675516000036
            ],
            [
              88.62372836800006,
              26.434861211000054
            ],
            [
              88.62285124800007,
              26.471157379000033
            ],
            [
              88.59395380700005,
              26.47083749600006
            ],
            [
              88.59254742600007,
              26.448741891000054
            ],
            [
              88.55995987000006,
              26.457110772000078
            ],
            [
              88.55646017600003,
              26.484872892000055
            ],
            [
              88.52645257500006,
              26.481489929000077
            ],
            [
              88.52135339000006,
              26.510592340000073
            ],
            [
              88.48969916600004,
              26.510441050000054
            ],
            [
              88.48352703900008,
              26.541068907000067
            ],
            [
              88.43725414800008,
              26.544142642000054
            ],
            [
              88.40920440700006,
              26.633963686000072
            ],
            [
              88.33116318300006,
              26.484631714000045
            ],
            [
              88.35488959400004,
              26.44711329100005
            ],
            [
              88.37114326300008,
              26.488264788000038
            ],
            [
              88.48520113700005,
              26.460349878000045
            ],
            [
              88.52321046600008,
              26.36159148400003
            ],
            [
              88.48354519000009,
              26.34967230500007
            ],
            [
              88.45764787400003,
              26.376757293000026
            ],
            [
              88.43554522400007,
              26.335864826000034
            ],
            [
              88.40458430500007,
              26.32994831900004
            ],
            [
              88.41495611300007,
              26.315185840000026
            ],
            [
              88.36383540700007,
              26.30007396600007
            ],
            [
              88.35127013200008,
              26.22181673800003
            ],
            [
              88.32305829700005,
              26.210343719000036
            ],
            [
              88.32991784700005,
              26.185585899000046
            ],
            [
              88.38397690600004,
              26.182145982000065
            ],
            [
              88.38560501000006,
              26.201169942000035
            ],
            [
              88.40981325200005,
              26.204046361000053
            ],
            [
              88.51666671700008,
              26.200981297000055
            ],
            [
              88.53422598200007,
              26.178541420000045
            ],
            [
              88.54800017500008,
              26.189181091000023
            ],
            [
              88.57267318000004,
              26.149626386000023
            ],
            [
              88.63837289600008,
              26.107907862000047
            ],
            [
              88.64653096600006,
              26.082673955000075
            ],
            [
              88.62675718200006,
              26.055931100000066
            ],
            [
              88.66466297000005,
              26.01588582200003
            ],
            [
              88.73495475900006,
              26.01468248300006
            ]
          ]
        ]
      },
      "properties": {
        "id": "bgd-adm2-16705992b66536058617583",
        "name": "Panchagarh",
        "level": "admin",
        "admin_level": "district",
        "status": "official",
        "confidence": "high",
        "source_url": "https://www.geoboundaries.org/api/current/gbOpen/BGD/ADM2/",
        "source_license": "CC-BY 4.0 (geoBoundaries gbOpen)",
        "retrieved_at": "2026-08-23T10:15:22Z"
      }
    },
    {
      "type": "Feature",
      "geometry": {
        "type": "MultiPolygon",
        "coordinates": [
          [
            [
              [
                90.47035529100003,
                21.774233928000058
              ],
              [
                90.47970316200008,
                21.77621502900007
              ],
              [
                90.47511532200008,
                21.781917571000065
              ],
              [
                90.47035529100003,
                21.774233928000058
              ]
            ]
          ],
          [
            [
              [
                90.37833961100006,
                21.78919527000005
              ],
              [
                90.39243603100005,
                21.796333709000066
              ],
              [
                90.39133592400003,
                21.80580243600008
              ],
              [
                90.37833961100006,
                21.78919527000005
              ]
            ]
          ],
          [
            [
              [
                90.48001689700004,
                21.801265783000076
              ],
              [
                90.47716847100008,
                21.814612534000048
              ],
              [
                90.46860678300004,
                21.818987510000056
              ],
              [
                90.46142522900004,
                21.80676890700005
              ],
              [
                90.48001689700004,
                21.801265783000076
              ]
            ]
          ],
          [
            [
              [
                90.38389401000006,
                21.83746928200003
              ],
              [
                90.36837021400004,
                21.854142038000077
              ],
              [
                90.36875876000005,
                21.83606954800007
              ],
              [
                90.38389401000006,
                21.83746928200003
              ]
            ]
          ],
          [
            [
              [
                90.43477582800006,
                21.831723213000032
              ],
              [
                90.45891876600007,
                21.839737326000034
              ],
              [
                90.45764847400005,
                21.85886400100003
              ],
              [
                90.43395316400006,
                21.847502107000025
              ],
              [
                90.43477582800006,
                21.831723213000032
              ]
            ]
          ],
          [
            [
              [
                90.54128665300004,
                21.853590798000027
              ],
              [
                90.49782338600005,
                21.858126170000048
              ],
              [
                90.47751717500006,
                21.81965284300003
              ],
              [
                90.49965874400004,
                21.81150784400006
              ],
              [
                90.54128665300004,
                21.853590798000027
              ]
            ]
          ],
          [
            [
              [
                90.41409142700007,
                21.858909992000065
              ],
              [
                90.43148297800008,
                21.860395346000075
              ],
              [
                90.43652870200003,
                21.86903523700005
              ],
              [
                90.41409142700007,
                21.858909992000065
              ]
            ]
          ],
          [
            [
              [
                90.54813846000008,
                21.857371407000073
              ],
              [
                90.52717350500006,
                21.88708059000004
              ],
              [
                90.50356291200006,
                21.866166704000022
              ],
              [
                90.54813846000008,
                21.857371407000073
              ]
            ]
          ],
          [
            [
              [
                90.46844922600008,
                21.84915507900007
              ],
              [
                90.48204738500004,
                21.857243340000025
              ],
              [
                90.48389392700005,
                21.888599682000063
              ],
              [
                90.46521924700005,
                21.863889189000076
              ],
              [
                90.46844922600008,
                21.84915507900007
              ]
            ]
          ],
          [
            [
              [
                90.40787358700004,
                21.887610410000036
              ],
              [
                90.41646983500004,
                21.884337851000055
              ],
              [
                90.41808219900008,
                21.89265236800003
              ],
              [
                90.40787358700004,
                21.887610410000036
              ]
            ]
          ],
          [
            [
              [
                90.09031418400008,
                21.873857025000063
              ],
              [
                90.10131747100007,
                21.885159334000036
              ],
              [
                90.10849587800004,
                21.89580617300004
              ],
              [
                90.09749998100006,
                21.88629013600007
              ],
              [
                90.09031418400008,
                21.873857025000063
              ]
            ]
          ],
          [
            [
              [
                90.49286511200006,
                21.87556956000003
              ],
              [
                90.51161862100008,
                21.891958025000065
              ],
              [
                90.50010683800008,
                21.910542925000073
              ],
              [
                90.48828282400007,
                21.891120631000035
              ],
              [
                90.49286511200006,
                21.87556956000003
              ]
            ]
          ],
          [
            [
              [
                90.42414597600003,
                21.882045215000062
              ],
              [
                90.45116736800009,
                21.890722267000058
              ],
              [
                90.45968619900003,
                21.911495095000078
              ],
              [
                90.42260084300005,
                21.896630449000043
              ],
              [
                90.42414597600003,
                21.882045215000062
              ]
            ]
          ],
          [
            [
              [
                90.47635447900007,
                21.908892328000036
              ],
              [
                90.48377203200005,
                21.913077663000024
              ],
              [
                90.48643825200008,
                21.921292892000054
              ],
              [
                90.47635447900007,
                21.908892328000036
              ]
            ]
          ],
          [
            [
              [
                90.10790745200006,
                21.915491560000078
              ],
              [
                90.11431813800004,
                21.904226567000023
              ],
              [
                90.11469182700006,
                21.925818737000043
              ],
              [
                90.10790745200006,
                21.915491560000078
              ]
            ]
          ],
          [
            [
              [
                90.14147027200005,
                21.93571544300005
              ],
              [
                90.14339156600005,
                21.929064522000033
              ],
              [
                90.14472515900007,
                21.930593325000075
              ],
              [
                90.14147027200005,
                21.93571544300005
              ]
            ]
          ],
          [
            [
              [
                90.61480636800007,
                21.943460877000064
              ],
              [
                90.60836293700004,
                21.953405118000035
              ],
              [
                90.60695238700004,
                21.923815512000033
              ],
              [
                90.61480636800007,
                21.943460877000064
              ]
            ]
          ],
          [
            [
              [
                90.54533607900004,
                21.985141170000077
              ],
              [
                90.54963624800007,
                21.983692619000067
              ],
              [
                90.55064379600003,
                21.98576883800007
              ],
              [
                90.54533607900004,
                21.985141170000077
              ]
            ]
          ],
          [
            [
              [
                90.60178566300004,
                21.967568065000023
              ],
              [
                90.56271172500004,
                21.985935690000076
              ],
              [
                90.51940036800005,
                21.944486307000034
              ],
              [
                90.51713369800007,
                21.891522671000075
              ],
              [
                90.57703409600003,
                21.883100897000077
              ],
              [
                90.60178566300004,
                21.967568065000023
              ]
            ]
          ],
          [
            [
              [
                90.30048640800004,
                21.953690644000062
              ],
              [
                90.29436187700009,
                21.990657440000064
              ],
              [
                90.25448544400007,
                21.95070842100006
              ],
              [
                90.22337309100004,
                21.980442883000023
              ],
              [
                90.17424308600005,
                21.975169978000054
              ],
              [
                90.15905220300004,
                21.98116153500007
              ],
              [
                90.13667938800006,
                21.956416836000074
              ],
              [
                90.14669617300007,
                21.928679045000024
              ],
              [
                90.11722974200006,
                21.92478247400004
              ],
              [
                90.11905641900006,
                21.903219222000075
              ],
              [
                90.14732758300005,
                21.89502103800004
              ],
              [
                90.14825675500003,
                21.901561634000075
              ],
              [
                90.15730898000004,
                21.911075550000078
              ],
              [
                90.17175434200004,
                21.90890971400006
              ],
              [
                90.17933376200006,
                21.926830153000026
              ],
              [
                90.19335668600007,
                21.93336384400004
              ],
              [
                90.19742271700005,
                21.94730657200006
              ],
              [
                90.19634059900005,
                21.933719720000056
              ],
              [
                90.17269950600007,
                21.906628870000077
              ],
              [
                90.16054005800004,
                21.91027765700005
              ],
              [
                90.14885856000006,
                21.89257378700006
              ],
              [
                90.11797076900007,
                21.899404236000066
              ],
              [
                90.08548137400004,
                21.83926677900007
              ],
              [
                90.15902743000004,
                21.80113306000004
              ],
              [
                90.21947528400005,
                21.806206880000047
              ],
              [
                90.25864861200006,
                21.844040886000073
              ],
              [
                90.30048640800004,
                21.953690644000062
              ]
            ]
          ],
          [
            [
              [
                90.55461216600008,
                21.997874489000026
              ],
              [
                90.56538671200008,
                22.000204131000032
              ],
              [
                90.56565295200005,
                22.009166954000023
              ],
              [
                90.55461216600008,
                21.997874489000026
              ]
            ]
          ],
          [
            [
              [
                90.58245144400007,
                22.022540718000073
              ],
              [
                90.56713710000008,
                21.992725569000072
              ],
              [
                90.58983180700005,
                21.986872900000037
              ],
              [
                90.59270089400007,
                21.996051863000048
              ],
              [
                90.58245144400007,
                22.022540718000073
              ]
            ]
          ],
          [
            [
              [
                90.34670377000003,
                22.040516867000065
              ],
              [
                90.34916673000004,
                22.051507435000076
              ],
              [
                90.34299542000008,
                22.044349365000073
              ],
              [
                90.34670377000003,
                22.040516867000065
              ]
            ]
          ],
          [
            [
              [
                90.36877707100007,
                22.049313106000056
              ],
              [
                90.37338278200008,
                22.045597694000037
              ],
              [
                90.37705273500006,
                22.05180414000006
              ],
              [
                90.36877707100007,
                22.049313106000056
              ]
            ]
          ],
          [
            [
              [
                90.38823130600008,
                22.03719669700007
              ],
              [
                90.38090363300006,
                22.05352814400004
              ],
              [
                90.33953529700005,
                21.991290115000027
              ],
              [
                90.35173190000006,
                21.999989234000054
              ],
              [
                90.38823130600008,
                22.03719669700007
              ]
            ]
          ],
          [
            [
              [
                90.49837684200008,
                21.960245378000025
              ],
              [
                90.46615550900003,
                22.054269737000027
              ],
              [
                90.41913988700009,
                22.032816742000023
              ],
              [
                90.35611086500006,
                21.979134016000046
              ],
              [
                90.30679809700007,
                21.883166422000045
              ],
              [
                90.31339421400008,
                21.854516571000033
              ],
              [
                90.34984572100007,
                21.849375645000066
              ],
              [
                90.37498896900007,
                21.868348231000027
              ],
              [
                90.35507937600005,
                21.915555124000036
              ],
              [
                90.38654975100008,
                21.862895087000027
              ],
              [
                90.40861419100008,
                21.894004788000075
              ],
              [
                90.46451766600006,
                21.91884551100003
              ],
              [
                90.49837684200008,
                21.960245378000025
              ]
            ]
          ],
          [
            [
              [
                90.46801098500003,
                22.05523789500006
              ],
              [
                90.46993907400008,
                22.056726429000037
              ],
              [
                90.46910737300004,
                22.05726664200006
              ],
              [
                90.46801098500003,
                22.05523789500006
              ]
            ]
          ],
          [
            [
              [
                90.39808317300003,
                22.053128714000025
              ],
              [
                90.39453394400005,
                22.044711281000048
              ],
              [
                90.40726647300005,
                22.058842982000044
              ],
              [
                90.39808317300003,
                22.053128714000025
              ]
            ]
          ],
          [
            [
              [
                90.44392851000003,
                22.061998046000042
              ],
              [
                90.44821328300009,
                22.058819253000024
              ],
              [
                90.44726645400004,
                22.063423166000064
              ],
              [
                90.44392851000003,
                22.061998046000042
              ]
            ]
          ],
          [
            [
              [
                90.48453534500004,
                22.032003684000074
              ],
              [
                90.47861945500006,
                22.04546676500007
              ],
              [
                90.47913327200007,
                22.06476716700007
              ],
              [
                90.47511157700006,
                22.050795401000073
              ],
              [
                90.48453534500004,
                22.032003684000074
              ]
            ]
          ],
          [
            [
              [
                90.45124899800004,
                22.06580267000004
              ],
              [
                90.46014972400008,
                22.062670343000036
              ],
              [
                90.45843586100005,
                22.067874148000044
              ],
              [
                90.45124899800004,
                22.06580267000004
              ]
            ]
          ],
          [
            [
              [
                90.39927737300007,
                22.055187914000044
              ],
              [
                90.42498522800008,
                22.077552479000076
              ],
              [
                90.38996932100008,
                22.083950249000054
              ],
              [
                90.34015653800003,
                22.02227441900004
              ],
              [
                90.34241702300005,
                22.002787910000052
              ],
              [
                90.36797900400006,
                22.049643812000056
              ],
              [
                90.38196817700003,
                22.054990090000047
              ],
              [
                90.39233253100008,
                22.047435938000035
              ],
              [
                90.39927737300007,
                22.055187914000044
              ]
            ]
          ],
          [
            [
              [
                90.49830587100007,
                22.138336237000033
              ],
              [
                90.50538002000008,
                22.136306624000042
              ],
              [
                90.50554675600006,
                22.139891572000067
              ],
              [
                90.49830587100007,
                22.138336237000033
              ]
            ]
          ],
          [
            [
              [
                90.39004124100006,
                22.13919751800006
              ],
              [
                90.39649381100008,
                22.13449681700007
              ],
              [
                90.39702778000003,
                22.141857939000033
              ],
              [
                90.39004124100006,
                22.13919751800006
              ]
            ]
          ],
          [
            [
              [
                90.58555077300008,
                22.18478458800007
              ],
              [
                90.48513491000006,
                22.073742034000077
              ],
              [
                90.48761165300004,
                22.025736556000027
              ],
              [
                90.50549214700004,
                22.02888533600003
              ],
              [
                90.48468709500008,
                22.013769583000055
              ],
              [
                90.50405231600007,
                21.958876282000062
              ],
              [
                90.57856315100008,
                22.051480535000053
              ],
              [
                90.58466499700006,
                22.140190234000045
              ],
              [
                90.57001567800006,
                22.151682417000075
              ],
              [
                90.58555077300008,
                22.18478458800007
              ]
            ]
          ],
          [
            [
              [
                90.53820723200005,
                22.189913819000026
              ],
              [
                90.54272466100008,
                22.179949691000047
              ],
              [
                90.54389626400007,
                22.20098037400004
              ],
              [
                90.53820723200005,
                22.189913819000026
              ]
            ]
          ],
          [
            [
              [
                90.56757541600007,
                22.20890687800005
              ],
              [
                90.57463483900005,
                22.209061382000073
              ],
              [
                90.57824433000008,
                22.228529450000053
              ],
              [
                90.56757541600007,
                22.20890687800005
              ]
            ]
          ],
          [
            [
              [
                90.56624141200007,
                22.196362588000056
              ],
              [
                90.58534068200004,
                22.21016153200003
              ],
              [
                90.58723149600007,
                22.238885844000038
              ],
              [
                90.57802224200003,
                22.234711795000067
              ],
              [
                90.57935446100004,
                22.22535821400004
              ],
              [
                90.57566226600005,
                22.20911760300004
              ],
              [
                90.56624141200007,
                22.196362588000056
              ]
            ]
          ],
          [
            [
              [
                90.62153596900004,
                22.24347691500003
              ],
              [
                90.58895909900008,
                22.24069600200005
              ],
              [
                90.59203505100004,
                22.227203787000064
              ],
              [
                90.58653085600008,
                22.206332729000053
              ],
              [
                90.57750847600005,
                22.19068489800003
              ],
              [
                90.62153596900004,
                22.24347691500003
              ]
            ]
          ],
          [
            [
              [
                90.64875877700007,
                22.28622672000006
              ],
              [
                90.64643767700005,
                22.305118535000076
              ],
              [
                90.63546261900007,
                22.285084007000023
              ],
              [
                90.61336148500004,
                22.259952089000024
              ],
              [
                90.64875877700007,
                22.28622672000006
              ]
            ]
          ],
          [
            [
              [
                90.66286927400006,
                22.41312940100005
              ],
              [
                90.66040478000008,
                22.40947319600008
              ],
              [
                90.66087803500005,
                22.40772181500006
              ],
              [
                90.66286927400006,
                22.41312940100005
              ]
            ]
          ],
          [
            [
              [
                90.60857609300007,
                22.472425643000065
              ],
              [
                90.60903176600004,
                22.483410092000042
              ],
              [
                90.60105745100003,
                22.466070632000026
              ],
              [
                90.60857609300007,
                22.472425643000065
              ]
            ]
          ],
          [
            [
              [
                90.14741514900004,
                21.974765986000023
              ],
              [
                90.15882494300007,
                21.98422139300004
              ],
              [
                90.17263115600008,
                21.97737077100004
              ],
              [
                90.21385485700006,
                21.985784292000062
              ],
              [
                90.22695699100007,
                21.98033773700007
              ],
              [
                90.25677807900007,
                21.95362953500006
              ],
              [
                90.28381289000004,
                21.992739863000054
              ],
              [
                90.27171791800004,
                22.02125394500007
              ],
              [
                90.30755060500007,
                21.982251146000067
              ],
              [
                90.33163931000007,
                22.04688801700007
              ],
              [
                90.37768346900003,
                22.08288281800003
              ],
              [
                90.37468832000008,
                22.114155781000022
              ],
              [
                90.40123335300007,
                22.17516054500004
              ],
              [
                90.43672279300006,
                22.191126009000072
              ],
              [
                90.40420360500008,
                22.169533311000066
              ],
              [
                90.40509221300005,
                22.142814955000063
              ],
              [
                90.38722074600008,
                22.11909827900007
              ],
              [
                90.39108874100003,
                22.089161836000073
              ],
              [
                90.43204098200005,
                22.077871936000065
              ],
              [
                90.49714451500006,
                22.15470332600006
              ],
              [
                90.48388267600006,
                22.206428231000075
              ],
              [
                90.50102099600008,
                22.216654728000037
              ],
              [
                90.48506644400004,
                22.205408928000054
              ],
              [
                90.50342188300004,
                22.166492078000033
              ],
              [
                90.58983742300006,
                22.261287287000073
              ],
              [
                90.61573203900008,
                22.324496044000057
              ],
              [
                90.63083601400007,
                22.31199321400004
              ],
              [
                90.61762335700007,
                22.274045036000075
              ],
              [
                90.64334700500007,
                22.313921366000045
              ],
              [
                90.66069081600006,
                22.31746716200007
              ],
              [
                90.65694384400007,
                22.38368738500003
              ],
              [
                90.64315273100004,
                22.380971674000023
              ],
              [
                90.62223362800006,
                22.44672416000003
              ],
              [
                90.63981281500008,
                22.418212356000026
              ],
              [
                90.64456302100007,
                22.45190434500006
              ],
              [
                90.61754032000005,
                22.47580519400003
              ],
              [
                90.59093390500004,
                22.43099081300005
              ],
              [
                90.61590288800005,
                22.404219
              ],
              [
                90.58746802900004,
                22.423814221000043
              ],
              [
                90.58929849400005,
                22.44943057100005
              ],
              [
                90.60501309800009,
                22.477894310000067
              ],
              [
                90.59559948700007,
                22.488157828000055
              ],
              [
                90.58765308000005,
                22.50818970000006
              ],
              [
                90.60947047700006,
                22.48716957700003
              ],
              [
                90.57771899500005,
                22.54285447700005
              ],
              [
                90.53937144400004,
                22.563341197000057
              ],
              [
                90.51546616800005,
                22.55967935800004
              ],
              [
                90.52872329200005,
                22.547250751000036
              ],
              [
                90.51239357400004,
                22.534085469000047
              ],
              [
                90.50119377600004,
                22.54685895700004
              ],
              [
                90.45717520100004,
                22.535725163000052
              ],
              [
                90.42722016400006,
                22.460445723000078
              ],
              [
                90.36427318000005,
                22.504340096000078
              ],
              [
                90.33496979900008,
                22.468037905000074
              ],
              [
                90.31564656400008,
                22.483778562000055
              ],
              [
                90.27242222800004,
                22.474509984000065
              ],
              [
                90.19512455400007,
                22.41400311800004
              ],
              [
                90.17574970200008,
                22.324105076000023
              ],
              [
                90.13827050800006,
                22.343101454000077
              ],
              [
                90.15939239000005,
                22.32159944600005
              ],
              [
                90.14794252200005,
                22.27301426100007
              ],
              [
                90.17906711400008,
                22.23558672300004
              ],
              [
                90.22495844100007,
                22.217121960000043
              ],
              [
                90.24590459600006,
                22.26171725200004
              ],
              [
                90.29012238000007,
                22.25769775200007
              ],
              [
                90.28696922200004,
                22.235040265000066
              ],
              [
                90.33400045300004,
                22.263478415000066
              ],
              [
                90.32839675100007,
                22.24538857400006
              ],
              [
                90.35957341400007,
                22.231713639000077
              ],
              [
                90.35100998000007,
                22.196417315000076
              ],
              [
                90.37191497200007,
                22.19774017700007
              ],
              [
                90.33647590800007,
                22.164984228000037
              ],
              [
                90.34649497400005,
                22.110147175000066
              ],
              [
                90.27910774800006,
                22.06441185700004
              ],
              [
                90.27637298900004,
                22.030885735000027
              ],
              [
                90.24760510500005,
                22.02016057000003
              ],
              [
                90.22115757900008,
                22.034519310000064
              ],
              [
                90.23392488500008,
                22.060299421000025
              ],
              [
                90.19686808100005,
                22.09137331200003
              ],
              [
                90.18657946200005,
                22.06622450900005
              ],
              [
                90.21130046700006,
                22.049064686000065
              ],
              [
                90.20234203800004,
                22.021791049000058
              ],
              [
                90.17857082200004,
                22.021414657000037
              ],
              [
                90.19117240200006,
                21.984693119000042
              ],
              [
                90.16059890900004,
                21.987544573000037
              ],
              [
                90.14741514900004,
                21.974765986000023
              ]
            ]
          ],
          [
            [
              [
                90.58623413900006,
                22.547357748000024
              ],
              [
                90.56847443400005,
                22.56965796000003
              ],
              [
                90.55252329500007,
                22.586584869000035
              ],
              [
                90.58623413900006,
                22.547357748000024
              ]
            ]
          ],
          [
            [
              [
                90.53799536600008,
                22.58987191700004
              ],
              [
                90.54069378600008,
                22.57615617600004
              ],
              [
                90.54866880900005,
                22.569930043000056
              ],
              [
                90.53799536600008,
                22.58987191700004
              ]
            ]
          ],
          [
            [
              [
                90.55434603800006,
                22.59263991200004
              ],
              [
                90.55036426200007,
                22.58735732200006
              ],
              [
                90.55715644500003,
                22.58902207700004
              ],
              [
                90.55434603800006,
                22.59263991200004
              ]
            ]
          ]
        ]
      },
      "properties": {
        "id": "bgd-adm2-16705992b49808088196813",
        "name": "Patuakhali",
        "level": "admin",
        "admin_level": "district",
        "status": "official",
        "confidence": "high",
        "source_url": "https://www.geoboundaries.org/api/current/gbOpen/BGD/ADM2/",
        "source_license": "CC-BY 4.0 (geoBoundaries gbOpen)",
        "retrieved_at": "2026-08-23T10:15:23Z"
      }
    },
    {
      "type": "Feature",
      "geometry": {
        "type": "MultiPolygon",
        "coordinates": [
          [
            [
              [
                89.88899723100008,
                22.158961042000044
              ],
              [
                89.89092844900006,
                22.158267821000038
              ],
              [
                89.88774280300004,
                22.16523912100007
              ],
              [
                89.88899723100008,
                22.158961042000044
              ]
            ]
          ],
          [
            [
              [
                89.85785879200006,
                22.269324685000072
              ],
              [
                89.90719307400008,
                22.15876038400006
              ],
              [
                89.95742463300007,
                22.171291704000055
              ],
              [
                89.96682129700008,
                22.220157723000057
              ],
              [
                89.99082026700006,
                22.198733193000066
              ],
              [
                89.99777313000004,
                22.228692102000025
              ],
              [
                90.01871028200009,
                22.230504130000043
              ],
              [
                90.02398617100005,
                22.29310643900004
              ],
              [
                90.05316826400008,
                22.31496478200006
              ],
              [
                90.05585841000004,
                22.35680638200006
              ],
              [
                90.01900351900008,
                22.371828962000052
              ],
              [
                90.03878818900006,
                22.40228146100003
              ],
              [
                90.02728753200006,
                22.44417019800005
              ],
              [
                90.05997683400005,
                22.443174949000024
              ],
              [
                90.06359368400007,
                22.465234362000047
              ],
              [
                90.07721845000003,
                22.439943279000033
              ],
              [
                90.10070764900007,
                22.444663382000044
              ],
              [
                90.13399019900004,
                22.48690442900005
              ],
              [
                90.11685182600007,
                22.502995604000034
              ],
              [
                90.07908221900004,
                22.487553905000027
              ],
              [
                90.06287993900008,
                22.505082655000024
              ],
              [
                90.05602765000003,
                22.580119084000046
              ],
              [
                90.10219198300007,
                22.59608198600006
              ],
              [
                90.09720685600007,
                22.655608855000025
              ],
              [
                90.13822838800007,
                22.673614878000024
              ],
              [
                90.18876782800004,
                22.74450445900004
              ],
              [
                90.07672675900005,
                22.78482019000006
              ],
              [
                90.05444488400008,
                22.826900047000038
              ],
              [
                90.02774382900003,
                22.81754601700004
              ],
              [
                90.03474983700005,
                22.865680164000025
              ],
              [
                90.01837247000003,
                22.87104325300004
              ],
              [
                89.96206016200006,
                22.852928957000074
              ],
              [
                89.93851943500005,
                22.864730320000035
              ],
              [
                89.94485049900004,
                22.82649610900006
              ],
              [
                89.91399540500004,
                22.79959383000005
              ],
              [
                89.93825779700006,
                22.784943284000065
              ],
              [
                89.90444802400003,
                22.772301648000052
              ],
              [
                89.93138333800005,
                22.75238187900004
              ],
              [
                89.93200057200005,
                22.724181672000043
              ],
              [
                89.86143917800007,
                22.699226150000072
              ],
              [
                89.93688224300007,
                22.680218146000072
              ],
              [
                89.89010838100006,
                22.66318461700007
              ],
              [
                89.92697483500007,
                22.641820695000035
              ],
              [
                89.91998355400005,
                22.606683505000035
              ],
              [
                89.96236277200006,
                22.593198323000024
              ],
              [
                89.92339242100007,
                22.510298973000033
              ],
              [
                89.96962125800007,
                22.501441726000053
              ],
              [
                89.88210450400004,
                22.497196661000032
              ],
              [
                89.89483048900007,
                22.475730017000046
              ],
              [
                89.94455517300008,
                22.466380749000052
              ],
              [
                89.87101846000007,
                22.418956640000033
              ],
              [
                89.90162875300007,
                22.373009359000037
              ],
              [
                89.85785879200006,
                22.269324685000072
              ]
            ]
          ]
        ]
      },
      "properties": {
        "id": "bgd-adm2-16705992b46028667424095",
        "name": "Pirojpur",
        "level": "admin",
        "admin_level": "district",
        "status": "official",
        "confidence": "high",
        "source_url": "https://www.geoboundaries.org/api/current/gbOpen/BGD/ADM2/",
        "source_license": "CC-BY 4.0 (geoBoundaries gbOpen)",
        "retrieved_at": "2026-08-23T10:15:23Z"
      }
    },
    {
      "type": "Feature",
      "geometry": {
        "type": "Polygon",
        "coordinates": [
          [
            [
              89.86490040800004,
              23.718870982000055
            ],
            [
              89.78090544700007,
              23.79770057500008
            ],
            [
              89.77094028600004,
              23.83329234000007
            ],
            [
              89.66615656900007,
              23.80920618700003
            ],
            [
              89.52252710800008,
              23.816794480000056
            ],
            [
              89.36459926900005,
              23.91070432500004
            ],
            [
              89.33019636800003,
              23.778542491000053
            ],
            [
              89.31107153700003,
              23.77616417400003
            ],
            [
              89.32305393900003,
              23.76641496900004
            ],
            [
              89.29815841000004,
              23.736022302000038
            ],
            [
              89.34914661800008,
              23.671099783000045
            ],
            [
              89.41177662700005,
              23.681678216000023
            ],
            [
              89.43974888900004,
              23.640336454000078
            ],
            [
              89.48078229300006,
              23.62664930400007
            ],
            [
              89.47101338700008,
              23.596658715000046
            ],
            [
              89.49731996600008,
              23.579061368000055
            ],
            [
              89.52044255700008,
              23.586951622000072
            ],
            [
              89.54610889500003,
              23.559928463000062
            ],
            [
              89.54847169200008,
              23.59133120100006
            ],
            [
              89.59373457500004,
              23.594646966000028
            ],
            [
              89.59629975200005,
              23.608551556000066
            ],
            [
              89.61923734500004,
              23.588934033000044
            ],
            [
              89.65955312200003,
              23.60980908500005
            ],
            [
              89.66975538300005,
              23.58517966900007
            ],
            [
              89.71199814800008,
              23.596800809000058
            ],
            [
              89.74170080800008,
              23.583402672000034
            ],
            [
              89.75465347400007,
              23.597688126000037
            ],
            [
              89.72843241500004,
              23.618984933000036
            ],
            [
              89.72130629400004,
              23.672598340000036
            ],
            [
              89.78983683900003,
              23.682885739000028
            ],
            [
              89.79136366600005,
              23.71171559100003
            ],
            [
              89.81250538900008,
              23.721957462000034
            ],
            [
              89.84636995600005,
              23.701068342000042
            ],
            [
              89.86490040800004,
              23.718870982000055
            ]
          ]
        ]
      },
      "properties": {
        "id": "bgd-adm2-16705992b48875454234518",
        "name": "Rajbari",
        "level": "admin",
        "admin_level": "district",
        "status": "official",
        "confidence": "high",
        "source_url": "https://www.geoboundaries.org/api/current/gbOpen/BGD/ADM2/",
        "source_license": "CC-BY 4.0 (geoBoundaries gbOpen)",
        "retrieved_at": "2026-08-23T10:15:23Z"
      }
    },
    {
      "type": "Feature",
      "geometry": {
        "type": "Polygon",
        "coordinates": [
          [
            [
              88.86070847200006,
              24.111825336000038
            ],
            [
              88.90110937500003,
              24.152244143000075
            ],
            [
              88.86053740100004,
              24.16600047000003
            ],
            [
              88.87439778900006,
              24.234762384000078
            ],
            [
              88.89600242000006,
              24.22891333700005
            ],
            [
              88.91762955900003,
              24.250964871000065
            ],
            [
              88.90267689700005,
              24.290282872000034
            ],
            [
              88.84680558100007,
              24.319578127000057
            ],
            [
              88.86173438600008,
              24.363622117000034
            ],
            [
              88.89348165900003,
              24.363747095000065
            ],
            [
              88.89277912300008,
              24.477136518000066
            ],
            [
              88.92839772800005,
              24.510897931000045
            ],
            [
              88.87951531900006,
              24.520798332000027
            ],
            [
              88.96310199000004,
              24.551866222000058
            ],
            [
              88.96329111800009,
              24.583600881000052
            ],
            [
              88.93371563000005,
              24.588365183000064
            ],
            [
              88.90957551600007,
              24.643229012000063
            ],
            [
              88.82206376300007,
              24.65303266600006
            ],
            [
              88.79859743900005,
              24.686494782000068
            ],
            [
              88.77065850100007,
              24.667631416000063
            ],
            [
              88.74266559700004,
              24.683464881000077
            ],
            [
              88.73534555900005,
              24.663774751000062
            ],
            [
              88.70142465500004,
              24.661916401000042
            ],
            [
              88.70606342100007,
              24.62844353500003
            ],
            [
              88.68267188300007,
              24.637004110000078
            ],
            [
              88.63881940500005,
              24.617170329000032
            ],
            [
              88.62037986900003,
              24.701792153000042
            ],
            [
              88.57834019300003,
              24.67623505000006
            ],
            [
              88.58146765400005,
              24.698956895000038
            ],
            [
              88.50212462900004,
              24.718722368000044
            ],
            [
              88.48284295400003,
              24.681251019000058
            ],
            [
              88.45532179500003,
              24.67789080700004
            ],
            [
              88.51125528300008,
              24.681774719000032
            ],
            [
              88.49107829300004,
              24.656717311000023
            ],
            [
              88.43530285600008,
              24.666755196000054
            ],
            [
              88.42263880100006,
              24.615881741000067
            ],
            [
              88.35943506300003,
              24.602946901000053
            ],
            [
              88.30052402200005,
              24.56492922700005
            ],
            [
              88.30524750800004,
              24.481450549000044
            ],
            [
              88.33089025100008,
              24.447629712000037
            ],
            [
              88.29168668900007,
              24.416361798000025
            ],
            [
              88.32827026200005,
              24.38497740400004
            ],
            [
              88.44632884500004,
              24.378668444000027
            ],
            [
              88.52710991700008,
              24.34446661800007
            ],
            [
              88.55505209000006,
              24.293409159000078
            ],
            [
              88.56758096300007,
              24.326709357000027
            ],
            [
              88.62850371100006,
              24.305189538000036
            ],
            [
              88.70457039000007,
              24.312783194000076
            ],
            [
              88.73540466900005,
              24.27656534500005
            ],
            [
              88.73342434600005,
              24.193875496000032
            ],
            [
              88.75721523200008,
              24.161818364000055
            ],
            [
              88.79677512300003,
              24.128154677000055
            ],
            [
              88.86070847200006,
              24.111825336000038
            ]
          ]
        ]
      },
      "properties": {
        "id": "bgd-adm2-16705992b51815672792645",
        "name": "Rajshahi",
        "level": "admin",
        "admin_level": "district",
        "status": "official",
        "confidence": "high",
        "source_url": "https://www.geoboundaries.org/api/current/gbOpen/BGD/ADM2/",
        "source_license": "CC-BY 4.0 (geoBoundaries gbOpen)",
        "retrieved_at": "2026-08-23T10:15:23Z"
      }
    },
    {
      "type": "Feature",
      "geometry": {
        "type": "Polygon",
        "coordinates": [
          [
            [
              92.61390871200007,
              21.851907425000036
            ],
            [
              92.63434331600007,
              21.875444790000074
            ],
            [
              92.61030045500007,
              21.92919189400004
            ],
            [
              92.60263767700008,
              22.061859346000062
            ],
            [
              92.56250646200004,
              22.12827338200003
            ],
            [
              92.57820468300008,
              22.14360471300006
            ],
            [
              92.60548351400007,
              22.123314808000032
            ],
            [
              92.60928229300004,
              22.16421067700003
            ],
            [
              92.55205249200009,
              22.409032668000066
            ],
            [
              92.55117937800009,
              22.51373307700004
            ],
            [
              92.52177235200008,
              22.560250577000033
            ],
            [
              92.53916654200003,
              22.589653548000058
            ],
            [
              92.51653139700005,
              22.722387294000043
            ],
            [
              92.47386904000007,
              22.74634919400006
            ],
            [
              92.44938998100008,
              22.894675638000024
            ],
            [
              92.43418385100006,
              22.88566686400003
            ],
            [
              92.41927195000005,
              22.919355454000026
            ],
            [
              92.40133469300008,
              22.911998609000022
            ],
            [
              92.37170160100004,
              22.936213062000036
            ],
            [
              92.39224714600005,
              23.05650287800006
            ],
            [
              92.35786294600007,
              23.10353033100006
            ],
            [
              92.36801900200004,
              23.127539426000055
            ],
            [
              92.34670988100004,
              23.235788661000072
            ],
            [
              92.40402787000005,
              23.240623326000048
            ],
            [
              92.36424933900008,
              23.323262853000074
            ],
            [
              92.37904694000008,
              23.362105530000065
            ],
            [
              92.35611133400005,
              23.372747231000062
            ],
            [
              92.35734352600008,
              23.41062095700005
            ],
            [
              92.31701984200004,
              23.471813247000057
            ],
            [
              92.30809759100003,
              23.577762085000074
            ],
            [
              92.27293703800007,
              23.641729103000046
            ],
            [
              92.28926337700005,
              23.701976638000076
            ],
            [
              92.26599351200008,
              23.724725686000056
            ],
            [
              92.24108405300007,
              23.720514456000046
            ],
            [
              92.23317579400003,
              23.66763626200003
            ],
            [
              92.21146221200007,
              23.65315287900006
            ],
            [
              92.20696833100004,
              23.70065122400007
            ],
            [
              92.17767999700004,
              23.70766967000003
            ],
            [
              92.16235094400008,
              23.739712375000067
            ],
            [
              92.09969839900003,
              23.67678697100007
            ],
            [
              92.08306730100009,
              23.680126173000076
            ],
            [
              92.07379211600005,
              23.647587696000073
            ],
            [
              92.11564762000006,
              23.555993744000034
            ],
            [
              92.13680683000007,
              23.42969836000003
            ],
            [
              92.04839068000007,
              23.365665487000058
            ],
            [
              92.12507025200006,
              23.31899217800003
            ],
            [
              92.13393026100005,
              23.205070575000036
            ],
            [
              92.18107987600007,
              23.101950214000055
            ],
            [
              92.07174376800003,
              23.072688518000064
            ],
            [
              92.11831295400003,
              22.958614526000076
            ],
            [
              92.07006533600008,
              22.933491340000046
            ],
            [
              92.05376659500007,
              22.894319044000042
            ],
            [
              92.01887368200005,
              22.88401069200006
            ],
            [
              91.97985207900007,
              22.833059338000055
            ],
            [
              91.97616306100008,
              22.785388615000045
            ],
            [
              92.00141374600008,
              22.72681304400004
            ],
            [
              91.96664272400005,
              22.717791636000072
            ],
            [
              91.96253936400007,
              22.691037583000025
            ],
            [
              91.92755144400007,
              22.68870978600006
            ],
            [
              91.94125540300007,
              22.607260589000077
            ],
            [
              91.98087115200008,
              22.483238804000052
            ],
            [
              92.01616703000008,
              22.49922605300003
            ],
            [
              92.02808098100007,
              22.527747729000055
            ],
            [
              92.01285788000007,
              22.604944646000035
            ],
            [
              92.03744750700008,
              22.623250072000076
            ],
            [
              92.04525686000005,
              22.607096960000035
            ],
            [
              92.08104980600007,
              22.608992684000043
            ],
            [
              92.14044756700008,
              22.449512052000046
            ],
            [
              92.09914376700004,
              22.40066513200003
            ],
            [
              92.12039049600008,
              22.366677292000077
            ],
            [
              92.14011555300004,
              22.367311277000056
            ],
            [
              92.13294790300006,
              22.349518227000033
            ],
            [
              92.20825753200006,
              22.330458148000048
            ],
            [
              92.28089496200005,
              22.35569106500003
            ],
            [
              92.36193291900008,
              22.340862961000028
            ],
            [
              92.46372095900006,
              22.254163548000065
            ],
            [
              92.52400980900006,
              22.024696176000077
            ],
            [
              92.61390871200007,
              21.851907425000036
            ]
          ]
        ]
      },
      "properties": {
        "id": "bgd-adm2-16705992b35610473312733",
        "name": "Rangamati",
        "level": "admin",
        "admin_level": "district",
        "status": "official",
        "confidence": "high",
        "source_url": "https://www.geoboundaries.org/api/current/gbOpen/BGD/ADM2/",
        "source_license": "CC-BY 4.0 (geoBoundaries gbOpen)",
        "retrieved_at": "2026-08-23T10:15:23Z"
      }
    },
    {
      "type": "Feature",
      "geometry": {
        "type": "Polygon",
        "coordinates": [
          [
            [
              89.25677936100004,
              25.310788210000055
            ],
            [
              89.34275789700007,
              25.30429620800004
            ],
            [
              89.33021164700006,
              25.321927463000065
            ],
            [
              89.34630712000006,
              25.327789904000042
            ],
            [
              89.34316744000006,
              25.366869508000036
            ],
            [
              89.37836448200005,
              25.409822837000036
            ],
            [
              89.38033928300007,
              25.443749570000023
            ],
            [
              89.44210362500007,
              25.48832137000005
            ],
            [
              89.43792003100003,
              25.538456644000064
            ],
            [
              89.40257546400005,
              25.53430566000003
            ],
            [
              89.41288008100008,
              25.588346647000037
            ],
            [
              89.47101061300003,
              25.59872455900006
            ],
            [
              89.49405947900004,
              25.576160577000053
            ],
            [
              89.49706760000004,
              25.622222197000042
            ],
            [
              89.52186015700005,
              25.62298493800006
            ],
            [
              89.53589048800006,
              25.64899424300006
            ],
            [
              89.51868565300003,
              25.644158770000047
            ],
            [
              89.51522883900003,
              25.706949085000076
            ],
            [
              89.48495018500006,
              25.72769848400003
            ],
            [
              89.50041676000006,
              25.745887482000057
            ],
            [
              89.46294133000004,
              25.786171713000044
            ],
            [
              89.38571699300007,
              25.798071124000046
            ],
            [
              89.28149218100003,
              25.89641830200003
            ],
            [
              89.23464013400007,
              25.90478435700004
            ],
            [
              89.20044633600008,
              25.945656877000033
            ],
            [
              89.11123285600007,
              25.96690376300006
            ],
            [
              89.09423389100004,
              25.936148466000077
            ],
            [
              89.11625827200004,
              25.885970562000068
            ],
            [
              89.09050324400005,
              25.826800864000063
            ],
            [
              88.94302101600005,
              25.80646801300003
            ],
            [
              88.96183220500006,
              25.784327245000043
            ],
            [
              88.93038308000007,
              25.71145845800004
            ],
            [
              88.94104290000007,
              25.683212945000037
            ],
            [
              88.99791162200006,
              25.658147607000046
            ],
            [
              89.01582941300006,
              25.602648591000047
            ],
            [
              89.10323369300005,
              25.57023302700003
            ],
            [
              89.10458868100005,
              25.474425835000034
            ],
            [
              89.14850615800003,
              25.433946251000066
            ],
            [
              89.13770132000008,
              25.412138997000056
            ],
            [
              89.20205253400007,
              25.394102402000044
            ],
            [
              89.20968890200004,
              25.364473935000035
            ],
            [
              89.24617064200004,
              25.352427060000025
            ],
            [
              89.22127029200004,
              25.332348614000068
            ],
            [
              89.24543403800004,
              25.33414889200003
            ],
            [
              89.23781893100005,
              25.319137531000024
            ],
            [
              89.26319750000005,
              25.323186856000063
            ],
            [
              89.25677936100004,
              25.310788210000055
            ]
          ]
        ]
      },
      "properties": {
        "id": "bgd-adm2-16705992b34260815515495",
        "name": "Rangpur",
        "level": "admin",
        "admin_level": "district",
        "status": "official",
        "confidence": "high",
        "source_url": "https://www.geoboundaries.org/api/current/gbOpen/BGD/ADM2/",
        "source_license": "CC-BY 4.0 (geoBoundaries gbOpen)",
        "retrieved_at": "2026-08-23T10:15:23Z"
      }
    },
    {
      "type": "Feature",
      "geometry": {
        "type": "MultiPolygon",
        "coordinates": [
          [
            [
              [
                89.24622997900008,
                21.689139599000043
              ],
              [
                89.22415209700006,
                21.698599280000053
              ],
              [
                89.21100571600005,
                21.652702195000074
              ],
              [
                89.29191324600004,
                21.68306616800004
              ],
              [
                89.24622997900008,
                21.689139599000043
              ]
            ]
          ],
          [
            [
              [
                89.27571773900007,
                21.755517859000065
              ],
              [
                89.22138918100006,
                21.747084080000036
              ],
              [
                89.23656327600008,
                21.695941486000038
              ],
              [
                89.28018809300005,
                21.705638565000072
              ],
              [
                89.27571773900007,
                21.755517859000065
              ]
            ]
          ],
          [
            [
              [
                89.21205330800007,
                21.821773274000066
              ],
              [
                89.18454890600003,
                21.81663193600008
              ],
              [
                89.21863643400008,
                21.752228286000047
              ],
              [
                89.26198507700008,
                21.761462772000073
              ],
              [
                89.28660910900004,
                21.754782283000054
              ],
              [
                89.28179020900006,
                21.792799270000046
              ],
              [
                89.25783524300005,
                21.794518634000042
              ],
              [
                89.21205330800007,
                21.821773274000066
              ]
            ]
          ],
          [
            [
              [
                89.28117802700007,
                21.794138774000032
              ],
              [
                89.25866598200008,
                21.832506512000066
              ],
              [
                89.25206144500004,
                21.817609109000045
              ],
              [
                89.23364865900004,
                21.816500690000055
              ],
              [
                89.28117802700007,
                21.794138774000032
              ]
            ]
          ],
          [
            [
              [
                89.14409326900005,
                21.753949265000074
              ],
              [
                89.07701968900005,
                21.81157648900006
              ],
              [
                89.08361590600003,
                21.85697993100007
              ],
              [
                89.05901614900006,
                21.919913101000077
              ],
              [
                89.03725871900008,
                21.920188344000053
              ],
              [
                89.06059545100004,
                21.853313014000037
              ],
              [
                89.04493248400007,
                21.786726816000055
              ],
              [
                89.10710892800006,
                21.722632383000075
              ],
              [
                89.13576405000003,
                21.721971549000045
              ],
              [
                89.14409326900005,
                21.753949265000074
              ]
            ]
          ],
          [
            [
              [
                89.29748752500007,
                21.81854015500005
              ],
              [
                89.32303257600006,
                21.878979138000034
              ],
              [
                89.35981695100008,
                21.900065580000046
              ],
              [
                89.30635731400008,
                21.998039681000023
              ],
              [
                89.29978700600003,
                21.99233097000007
              ],
              [
                89.28879125400005,
                21.988282387000027
              ],
              [
                89.30154868200003,
                21.982959314000027
              ],
              [
                89.30348783000005,
                21.972832892000042
              ],
              [
                89.29869264300004,
                21.965900477000048
              ],
              [
                89.29341089300004,
                21.96338806800003
              ],
              [
                89.29822240800007,
                21.955894788000023
              ],
              [
                89.29000943200003,
                21.940513214000077
              ],
              [
                89.29692363300006,
                21.93074277900007
              ],
              [
                89.31851682300004,
                21.920794369000077
              ],
              [
                89.32114788200005,
                21.91698064600007
              ],
              [
                89.29118073900008,
                21.879804206000074
              ],
              [
                89.30563263200008,
                21.87293391000003
              ],
              [
                89.30811222800008,
                21.868546045000073
              ],
              [
                89.29406828200007,
                21.839420008000047
              ],
              [
                89.28113563200003,
                21.834966145000067
              ],
              [
                89.29748752500007,
                21.81854015500005
              ]
            ]
          ],
          [
            [
              [
                89.19491090900004,
                22.002581365000026
              ],
              [
                89.16499238900008,
                22.020700073000057
              ],
              [
                89.17129881300008,
                21.995703518000028
              ],
              [
                89.14278872100004,
                21.938308867000046
              ],
              [
                89.17695758800005,
                21.92627823600003
              ],
              [
                89.16449507000004,
                21.94465241100005
              ],
              [
                89.16511353900006,
                21.94865564400004
              ],
              [
                89.16918178900005,
                21.954985674000056
              ],
              [
                89.18093196400008,
                21.925628993000032
              ],
              [
                89.21071457000005,
                21.91836469200007
              ],
              [
                89.19397661200009,
                21.828982513000028
              ],
              [
                89.24920239000005,
                21.818199736000054
              ],
              [
                89.25337883100008,
                21.822377835000054
              ],
              [
                89.25462554400008,
                21.834557724000035
              ],
              [
                89.25895703100008,
                21.840104516000054
              ],
              [
                89.25578652400009,
                21.846334613000067
              ],
              [
                89.25692945900005,
                21.850812572000052
              ],
              [
                89.25400196500004,
                21.854558449000024
              ],
              [
                89.25726094500004,
                21.85934691700004
              ],
              [
                89.25079477700007,
                21.858263473000022
              ],
              [
                89.23963856600005,
                21.866045909000036
              ],
              [
                89.25842560200005,
                21.860405497000045
              ],
              [
                89.26306473400007,
                21.835567947000072
              ],
              [
                89.26894925900007,
                21.88315106400006
              ],
              [
                89.23169392300008,
                21.876655865000032
              ],
              [
                89.22857798400008,
                21.878547516000026
              ],
              [
                89.22937431200006,
                21.886673819000066
              ],
              [
                89.26941741300004,
                21.88429823100006
              ],
              [
                89.28504241800005,
                21.905366635000064
              ],
              [
                89.21071426800006,
                21.935157677000063
              ],
              [
                89.20463111800007,
                21.962328816000024
              ],
              [
                89.24272692900007,
                21.985589336000032
              ],
              [
                89.19491090900004,
                22.002581365000026
              ]
            ]
          ],
          [
            [
              [
                89.11943724200006,
                22.04032535300007
              ],
              [
                89.12855153000004,
                22.07275501400005
              ],
              [
                89.10480531300004,
                22.04525244200005
              ],
              [
                89.09574630900005,
                22.049322068000038
              ],
              [
                89.09353394900006,
                22.040652932000057
              ],
              [
                89.09573415100004,
                22.021630884000047
              ],
              [
                89.09080622900007,
                22.01423372900007
              ],
              [
                89.09715396100006,
                21.940245381000068
              ],
              [
                89.11551539500005,
                21.95207407600003
              ],
              [
                89.10646412600005,
                21.959159053000064
              ],
              [
                89.10616494600004,
                21.975875476000056
              ],
              [
                89.11882591600005,
                21.979486063000024
              ],
              [
                89.11437377600004,
                21.987827476000064
              ],
              [
                89.11539135000004,
                21.99072493500006
              ],
              [
                89.13021215600008,
                21.998121637000054
              ],
              [
                89.115608,
                22.029680935000044
              ],
              [
                89.11943724200006,
                22.04032535300007
              ]
            ]
          ],
          [
            [
              [
                89.16308255400008,
                21.995162394000033
              ],
              [
                89.15118991800006,
                22.050312833000078
              ],
              [
                89.17350489000006,
                22.062253240000075
              ],
              [
                89.14949235100005,
                22.07666933200005
              ],
              [
                89.11750260300005,
                22.031968525000025
              ],
              [
                89.13338327300005,
                22.007769402000065
              ],
              [
                89.13059957000007,
                21.996394547000023
              ],
              [
                89.11601889300005,
                21.98793402700005
              ],
              [
                89.12085021000007,
                21.97900203200004
              ],
              [
                89.10777864600004,
                21.975706400000036
              ],
              [
                89.11693451900004,
                21.951074428000027
              ],
              [
                89.09743994000007,
                21.938035342000035
              ],
              [
                89.09222521100008,
                21.948452618000033
              ],
              [
                89.08439204500007,
                21.926842468000075
              ],
              [
                89.12949476700004,
                21.944973813000047
              ],
              [
                89.08372469800008,
                21.924318295000035
              ],
              [
                89.07980212000007,
                21.90366664800007
              ],
              [
                89.11614782500004,
                21.817116705000046
              ],
              [
                89.11448994500006,
                21.84126119600006
              ],
              [
                89.11774200700006,
                21.845570919000068
              ],
              [
                89.12997285400007,
                21.848518607000074
              ],
              [
                89.11872699300005,
                21.875873470000045
              ],
              [
                89.12777937200008,
                21.888469047000058
              ],
              [
                89.13245033800007,
                21.84944212000005
              ],
              [
                89.11848973800005,
                21.81731527200003
              ],
              [
                89.09909054900004,
                21.81372397900003
              ],
              [
                89.15172760000007,
                21.794928052000046
              ],
              [
                89.17922646300008,
                21.838790071000062
              ],
              [
                89.16252415200006,
                21.849260795000077
              ],
              [
                89.16252893400008,
                21.862344740000026
              ],
              [
                89.15149288600009,
                21.859807596000053
              ],
              [
                89.14971442900008,
                21.865965033000066
              ],
              [
                89.15445213200007,
                21.87250128200003
              ],
              [
                89.14324285000004,
                21.872737830000062
              ],
              [
                89.14221803200007,
                21.87513188400004
              ],
              [
                89.15557768400004,
                21.87346014900004
              ],
              [
                89.18234548600003,
                21.834235687000046
              ],
              [
                89.20113582900007,
                21.912681452000072
              ],
              [
                89.13938521600005,
                21.922390990000054
              ],
              [
                89.13286561100006,
                21.962872637000032
              ],
              [
                89.16308255400008,
                21.995162394000033
              ]
            ]
          ],
          [
            [
              [
                89.29562478700007,
                22.085320155000034
              ],
              [
                89.22550665500006,
                22.09598466600005
              ],
              [
                89.25361242200006,
                22.060369003000062
              ],
              [
                89.21934211800004,
                22.00820206000003
              ],
              [
                89.25077437000004,
                21.981012390000046
              ],
              [
                89.20990473800003,
                21.952047811000057
              ],
              [
                89.23604259400008,
                21.941675192000048
              ],
              [
                89.23039518600007,
                21.950191447000066
              ],
              [
                89.26118018400007,
                21.965829996000025
              ],
              [
                89.25571257100006,
                21.97298461200006
              ],
              [
                89.26304717500005,
                21.99763568000003
              ],
              [
                89.26247137600006,
                21.965822248000052
              ],
              [
                89.23196070700004,
                21.949170577000075
              ],
              [
                89.26006850300007,
                21.916570728000067
              ],
              [
                89.27900926100006,
                21.919979987000033
              ],
              [
                89.26869703900007,
                21.929086385000062
              ],
              [
                89.26918374100006,
                21.93936747600003
              ],
              [
                89.26121315000006,
                21.94393305600005
              ],
              [
                89.27068639800007,
                21.939205324000056
              ],
              [
                89.27065840000006,
                21.928727235000053
              ],
              [
                89.29442495000006,
                21.910459251000077
              ],
              [
                89.27779810400006,
                21.875297268000054
              ],
              [
                89.29307468400003,
                21.84137309500005
              ],
              [
                89.30643035800006,
                21.869778934000067
              ],
              [
                89.28980881100006,
                21.880512569000075
              ],
              [
                89.31949011700004,
                21.91845287800004
              ],
              [
                89.29910628600004,
                21.92745036900004
              ],
              [
                89.28874774400003,
                21.939501010000072
              ],
              [
                89.29224352400007,
                21.96290310100005
              ],
              [
                89.30217027600008,
                21.972460566000052
              ],
              [
                89.28722166900008,
                21.988168013000063
              ],
              [
                89.30560736900009,
                22.00060559900004
              ],
              [
                89.27727103900008,
                22.05930528400006
              ],
              [
                89.29562478700007,
                22.085320155000034
              ]
            ]
          ],
          [
            [
              [
                88.99199568100005,
                22.916067352000027
              ],
              [
                88.89532435100006,
                22.913248236000072
              ],
              [
                88.90979343100008,
                22.879802134000045
              ],
              [
                88.94608466400007,
                22.880080406000047
              ],
              [
                88.96850688700005,
                22.844144968000023
              ],
              [
                88.95813702800007,
                22.79638930300007
              ],
              [
                88.91098367300003,
                22.75786114300007
              ],
              [
                88.92791871900005,
                22.718121702000076
              ],
              [
                88.96231911100006,
                22.695107756000027
              ],
              [
                88.92853964400007,
                22.651648631000057
              ],
              [
                88.93474818700008,
                22.61823111600006
              ],
              [
                88.96075926100008,
                22.61603238600003
              ],
              [
                88.93846731700006,
                22.560352782000052
              ],
              [
                88.96143808400006,
                22.55001806100006
              ],
              [
                88.99713455300008,
                22.46958305000004
              ],
              [
                89.00219969000005,
                22.428903844000047
              ],
              [
                88.97348866700008,
                22.408833728000047
              ],
              [
                88.99084084900005,
                22.390700374000062
              ],
              [
                88.98550925000006,
                22.32621046400004
              ],
              [
                89.02533835800006,
                22.29571647800003
              ],
              [
                88.99518773000005,
                22.287393020000025
              ],
              [
                89.07275053300003,
                22.19881109800008
              ],
              [
                89.07538072800008,
                22.149159850000046
              ],
              [
                89.10214049900009,
                22.154946347000077
              ],
              [
                89.04829095700006,
                22.098228670000026
              ],
              [
                89.05389611800007,
                22.06893991900006
              ],
              [
                89.08781377300005,
                22.056395816000077
              ],
              [
                89.09698051000004,
                22.09419587600007
              ],
              [
                89.07965108800005,
                22.097844812000062
              ],
              [
                89.07716924300007,
                22.100116342000035
              ],
              [
                89.07664381500007,
                22.102325497000038
              ],
              [
                89.08226538800005,
                22.114329629000054
              ],
              [
                89.09437905300007,
                22.11132126800004
              ],
              [
                89.09424086000007,
                22.11915441700006
              ],
              [
                89.08658897100008,
                22.11843088100005
              ],
              [
                89.08419086000004,
                22.12228556100007
              ],
              [
                89.08533223300003,
                22.124956895000025
              ],
              [
                89.09216559700008,
                22.12646583000003
              ],
              [
                89.08501291100004,
                22.12246463100007
              ],
              [
                89.09461345900007,
                22.12001835600006
              ],
              [
                89.09539375300005,
                22.110596007000026
              ],
              [
                89.07719815000007,
                22.102193123000063
              ],
              [
                89.09834486400007,
                22.09415118100003
              ],
              [
                89.09081165500004,
                22.058901297000034
              ],
              [
                89.08734279400005,
                22.054280985000048
              ],
              [
                89.06768099400006,
                22.054420578000077
              ],
              [
                89.08962170800004,
                22.018569589000037
              ],
              [
                89.09389386800007,
                22.050326432000077
              ],
              [
                89.10378921100005,
                22.047341878000054
              ],
              [
                89.11920005000007,
                22.070170947000065
              ],
              [
                89.12909487600007,
                22.073747110000056
              ],
              [
                89.13893156300009,
                22.068007375000036
              ],
              [
                89.14809179400004,
                22.077930452000032
              ],
              [
                89.11580230000004,
                22.120520370000065
              ],
              [
                89.11990500200005,
                22.129837121000037
              ],
              [
                89.14053706500005,
                22.129539686000044
              ],
              [
                89.12976892700004,
                22.13580993100004
              ],
              [
                89.12579852700009,
                22.15112262100007
              ],
              [
                89.10703404100008,
                22.15632177300006
              ],
              [
                89.08517358000006,
                22.180733694000025
              ],
              [
                89.12633602000005,
                22.154086585000073
              ],
              [
                89.14381324800007,
                22.13022286000006
              ],
              [
                89.13803404100008,
                22.123896758000058
              ],
              [
                89.11937616200004,
                22.126001425000027
              ],
              [
                89.13123810300004,
                22.101617616000055
              ],
              [
                89.17608218500004,
                22.082636816000047
              ],
              [
                89.17856495900008,
                22.101298891000056
              ],
              [
                89.19180525900003,
                22.120053177000045
              ],
              [
                89.17631650800007,
                22.121226973000034
              ],
              [
                89.17153755800007,
                22.123548769000024
              ],
              [
                89.16668999800004,
                22.13060774300004
              ],
              [
                89.16589632700004,
                22.147141757000043
              ],
              [
                89.14375693300008,
                22.15186746100005
              ],
              [
                89.13888064300005,
                22.16420163400005
              ],
              [
                89.16036891700008,
                22.207959670000037
              ],
              [
                89.14316548500005,
                22.15585444900006
              ],
              [
                89.16429547000007,
                22.151383117000023
              ],
              [
                89.19409344200005,
                22.118500779000044
              ],
              [
                89.17772114300004,
                22.08081570400003
              ],
              [
                89.15033741100007,
                22.08492416100006
              ],
              [
                89.17865357300008,
                22.06486737700004
              ],
              [
                89.15490592500004,
                22.037933896000027
              ],
              [
                89.20695944700003,
                22.002752152000028
              ],
              [
                89.24538255300007,
                22.059212735000074
              ],
              [
                89.19147138000005,
                22.13370083600006
              ],
              [
                89.19153634200006,
                22.154910634000032
              ],
              [
                89.20546455900006,
                22.147160280000037
              ],
              [
                89.20999307200003,
                22.16456538400007
              ],
              [
                89.21971853200006,
                22.17162249200004
              ],
              [
                89.18051632400005,
                22.165874334000023
              ],
              [
                89.19913338300006,
                22.178261879000047
              ],
              [
                89.19409454600003,
                22.18866825200007
              ],
              [
                89.19965222100006,
                22.215936192000072
              ],
              [
                89.19108522200008,
                22.219166879000056
              ],
              [
                89.19156947200008,
                22.228152222000062
              ],
              [
                89.18291517500006,
                22.22813072200006
              ],
              [
                89.18215349300004,
                22.231528940000032
              ],
              [
                89.19289736800005,
                22.229563565000035
              ],
              [
                89.20214666500004,
                22.214902218000077
              ],
              [
                89.19834579300004,
                22.182396338000046
              ],
              [
                89.22207122100008,
                22.17260572300006
              ],
              [
                89.20854050100007,
                22.145580755000026
              ],
              [
                89.19190584200004,
                22.150864462000072
              ],
              [
                89.20440408200005,
                22.128408147000073
              ],
              [
                89.22431845100004,
                22.134219622000046
              ],
              [
                89.21059354700003,
                22.138795535000042
              ],
              [
                89.21280283500005,
                22.148840017000055
              ],
              [
                89.22633529300003,
                22.157797768000023
              ],
              [
                89.24230363900006,
                22.161199193000073
              ],
              [
                89.22362318400008,
                22.199953203000064
              ],
              [
                89.25259002500007,
                22.22491377500006
              ],
              [
                89.22727791600005,
                22.19986923700003
              ],
              [
                89.24607395700008,
                22.16039345400003
              ],
              [
                89.21354031100003,
                22.144773816000054
              ],
              [
                89.22707337200006,
                22.134184980000043
              ],
              [
                89.20772554000007,
                22.126795379000043
              ],
              [
                89.21852372000006,
                22.097463764000054
              ],
              [
                89.26446417700004,
                22.112553423000065
              ],
              [
                89.25729132400005,
                22.16386539800004
              ],
              [
                89.26090077300006,
                22.167976708000026
              ],
              [
                89.26548478500007,
                22.137131269000065
              ],
              [
                89.31164688600006,
                22.18748473200003
              ],
              [
                89.29200238100003,
                22.25661436400003
              ],
              [
                89.31437548900004,
                22.28366429500005
              ],
              [
                89.28083511000006,
                22.28819870800004
              ],
              [
                89.25102147700005,
                22.33939785900003
              ],
              [
                89.27298120200004,
                22.346112835000042
              ],
              [
                89.26510074700008,
                22.375925231000053
              ],
              [
                89.24017713800004,
                22.37424250400005
              ],
              [
                89.25493138600007,
                22.400236606000078
              ],
              [
                89.24465038900007,
                22.44635209000006
              ],
              [
                89.28512069600004,
                22.47729533100005
              ],
              [
                89.25581231100006,
                22.49593532700004
              ],
              [
                89.23417499900006,
                22.55212246600007
              ],
              [
                89.26491787500004,
                22.59509306900003
              ],
              [
                89.24321965400009,
                22.610356995000075
              ],
              [
                89.25995089100007,
                22.621288668000034
              ],
              [
                89.24317786900008,
                22.637768906000076
              ],
              [
                89.25093792600006,
                22.65710656300007
              ],
              [
                89.26394558800007,
                22.631616996000048
              ],
              [
                89.28621536700007,
                22.620725634000053
              ],
              [
                89.27635461500006,
                22.63139286200004
              ],
              [
                89.30169869200006,
                22.64695354400004
              ],
              [
                89.26229616400008,
                22.668849005000027
              ],
              [
                89.25987421500008,
                22.717460625000058
              ],
              [
                89.30057883900008,
                22.682966347000047
              ],
              [
                89.30565129800004,
                22.713692378000076
              ],
              [
                89.33160318000006,
                22.729366930000026
              ],
              [
                89.29869686300003,
                22.787954391000028
              ],
              [
                89.24804054400005,
                22.811441756000022
              ],
              [
                89.25284739100005,
                22.83704209600006
              ],
              [
                89.14434988300007,
                22.797461930000054
              ],
              [
                89.15847953800005,
                22.824877057000037
              ],
              [
                89.12542551300004,
                22.841682169000023
              ],
              [
                89.11052119300007,
                22.893563116000053
              ],
              [
                89.14158676200003,
                22.898411277000037
              ],
              [
                89.11473558600005,
                22.94401257800007
              ],
              [
                89.10142481700007,
                22.922709508000025
              ],
              [
                89.01281522600004,
                22.94681714400008
              ],
              [
                88.98569975100008,
                22.941594079000026
              ],
              [
                88.99199568100005,
                22.916067352000027
              ]
            ]
          ]
        ]
      },
      "properties": {
        "id": "bgd-adm2-16705992b60176987344662",
        "name": "Satkhira",
        "level": "admin",
        "admin_level": "district",
        "status": "official",
        "confidence": "high",
        "source_url": "https://www.geoboundaries.org/api/current/gbOpen/BGD/ADM2/",
        "source_license": "CC-BY 4.0 (geoBoundaries gbOpen)",
        "retrieved_at": "2026-08-23T10:15:23Z"
      }
    },
    {
      "type": "Feature",
      "geometry": {
        "type": "MultiPolygon",
        "coordinates": [
          [
            [
              [
                90.45317061500003,
                23.004085261000057
              ],
              [
                90.45665477600005,
                23.006061454000076
              ],
              [
                90.45173571100008,
                23.006324543000062
              ],
              [
                90.45317061500003,
                23.004085261000057
              ]
            ]
          ],
          [
            [
              [
                90.45622677500006,
                23.01045570200006
              ],
              [
                90.45913023800006,
                23.01379358400004
              ],
              [
                90.45251361300006,
                23.011900395000055
              ],
              [
                90.45622677500006,
                23.01045570200006
              ]
            ]
          ],
          [
            [
              [
                90.48921747700007,
                23.013951890000044
              ],
              [
                90.47770735000006,
                23.016276412000025
              ],
              [
                90.47571411400008,
                23.007582789000026
              ],
              [
                90.48921747700007,
                23.013951890000044
              ]
            ]
          ],
          [
            [
              [
                90.53240223600005,
                23.071282920000044
              ],
              [
                90.53675294800007,
                23.074095018000037
              ],
              [
                90.53536319000006,
                23.075390346000063
              ],
              [
                90.53240223600005,
                23.071282920000044
              ]
            ]
          ],
          [
            [
              [
                90.52242425300005,
                23.07212243500004
              ],
              [
                90.52518921200004,
                23.076428303000057
              ],
              [
                90.52764182400006,
                23.082586396000067
              ],
              [
                90.52242425300005,
                23.07212243500004
              ]
            ]
          ],
          [
            [
              [
                90.54132320800005,
                23.086891256000058
              ],
              [
                90.55344041700005,
                23.10601753900005
              ],
              [
                90.51561990800008,
                23.08038078800007
              ],
              [
                90.54132320800005,
                23.086891256000058
              ]
            ]
          ],
          [
            [
              [
                90.51725667600004,
                23.317599424000036
              ],
              [
                90.52088348800004,
                23.31854320700006
              ],
              [
                90.51680640200004,
                23.318138368000064
              ],
              [
                90.51725667600004,
                23.317599424000036
              ]
            ]
          ],
          [
            [
              [
                90.51882928300006,
                23.322732254000073
              ],
              [
                90.51404028300004,
                23.32227042200003
              ],
              [
                90.52277355600006,
                23.322121846000073
              ],
              [
                90.51882928300006,
                23.322732254000073
              ]
            ]
          ],
          [
            [
              [
                90.51408830600008,
                23.317908500000044
              ],
              [
                90.50350046400007,
                23.323857734000057
              ],
              [
                90.49961414200004,
                23.322675572000037
              ],
              [
                90.51408830600008,
                23.317908500000044
              ]
            ]
          ],
          [
            [
              [
                90.56165168300004,
                23.32558465900007
              ],
              [
                90.56642539400008,
                23.328292008000062
              ],
              [
                90.56321591100004,
                23.328303578000032
              ],
              [
                90.56165168300004,
                23.32558465900007
              ]
            ]
          ],
          [
            [
              [
                90.57144562900004,
                23.32827377800004
              ],
              [
                90.57810704000008,
                23.324521038000057
              ],
              [
                90.58371857800006,
                23.329471111000032
              ],
              [
                90.57144562900004,
                23.32827377800004
              ]
            ]
          ],
          [
            [
              [
                90.55661681600003,
                23.334541196000032
              ],
              [
                90.53002485700006,
                23.325025271000072
              ],
              [
                90.57247827900005,
                23.333575667000048
              ],
              [
                90.55661681600003,
                23.334541196000032
              ]
            ]
          ],
          [
            [
              [
                90.48260458300007,
                23.065629976000025
              ],
              [
                90.60776348400003,
                23.213533254000026
              ],
              [
                90.48996469100007,
                23.32456569200008
              ],
              [
                90.53479234700006,
                23.33916696600005
              ],
              [
                90.59067372200008,
                23.335945844000037
              ],
              [
                90.58350024300006,
                23.350299325000037
              ],
              [
                90.49890514700007,
                23.40429431900003
              ],
              [
                90.43196059800005,
                23.416314328000055
              ],
              [
                90.40391808100009,
                23.400051091000023
              ],
              [
                90.30174126700007,
                23.451610884000047
              ],
              [
                90.22075072300004,
                23.411625360000073
              ],
              [
                90.26445689600007,
                23.379252662000056
              ],
              [
                90.23270308800005,
                23.36202177800004
              ],
              [
                90.24837520600005,
                23.349388110000064
              ],
              [
                90.22790126500007,
                23.332691676000024
              ],
              [
                90.24401662200006,
                23.316839165000033
              ],
              [
                90.22782386600005,
                23.26283011000004
              ],
              [
                90.24719003800004,
                23.216533947000073
              ],
              [
                90.28377365800009,
                23.197198141000058
              ],
              [
                90.29240534800005,
                23.14540547200005
              ],
              [
                90.35450269300009,
                23.138947441000028
              ],
              [
                90.33616433500003,
                23.069609076000063
              ],
              [
                90.42164464500007,
                23.03991833500004
              ],
              [
                90.41207008400005,
                23.006801960000075
              ],
              [
                90.49121665300004,
                23.034287479000056
              ],
              [
                90.48260458300007,
                23.065629976000025
              ]
            ]
          ]
        ]
      },
      "properties": {
        "id": "bgd-adm2-16705992b92388810566131",
        "name": "Shariatpur",
        "level": "admin",
        "admin_level": "district",
        "status": "official",
        "confidence": "high",
        "source_url": "https://www.geoboundaries.org/api/current/gbOpen/BGD/ADM2/",
        "source_license": "CC-BY 4.0 (geoBoundaries gbOpen)",
        "retrieved_at": "2026-08-23T10:15:23Z"
      }
    },
    {
      "type": "Feature",
      "geometry": {
        "type": "Polygon",
        "coordinates": [
          [
            [
              90.15453803500003,
              24.90486090400003
            ],
            [
              90.23574023600008,
              24.886181374000046
            ],
            [
              90.24557909500004,
              24.925411263000058
            ],
            [
              90.23209551600007,
              24.944562629000075
            ],
            [
              90.25777237600005,
              24.945517238000036
            ],
            [
              90.22641519900003,
              24.97121331900007
            ],
            [
              90.23731247600006,
              25.052537209000036
            ],
            [
              90.27947579600004,
              25.056075710000073
            ],
            [
              90.28430061700004,
              25.07873608400007
            ],
            [
              90.30484343500007,
              25.079078001000028
            ],
            [
              90.26243001000006,
              25.098281057000065
            ],
            [
              90.26421526100006,
              25.196392522000053
            ],
            [
              90.11226631400007,
              25.225474890000044
            ],
            [
              89.98070445800005,
              25.28097665200005
            ],
            [
              89.96658936100005,
              25.303816033000032
            ],
            [
              89.93498345500007,
              25.289389538000023
            ],
            [
              89.93129014700008,
              25.260688467000023
            ],
            [
              89.90490625900009,
              25.264369136000028
            ],
            [
              89.88468928100008,
              25.18705662800005
            ],
            [
              89.91044998700005,
              25.17168517600004
            ],
            [
              89.89480130700008,
              25.113264755000046
            ],
            [
              89.92522019500007,
              25.06276858800004
            ],
            [
              89.90493327500008,
              25.033808931000067
            ],
            [
              89.88185827500007,
              25.035043753000025
            ],
            [
              89.90393713400005,
              24.958015963000037
            ],
            [
              89.93768677100007,
              24.959541553000065
            ],
            [
              89.94786767900007,
              24.929545414000074
            ],
            [
              89.98138258800003,
              24.916900010000063
            ],
            [
              90.15453803500003,
              24.90486090400003
            ]
          ]
        ]
      },
      "properties": {
        "id": "bgd-adm2-16705992b90842308963557",
        "name": "Sherpur",
        "level": "admin",
        "admin_level": "district",
        "status": "official",
        "confidence": "high",
        "source_url": "https://www.geoboundaries.org/api/current/gbOpen/BGD/ADM2/",
        "source_license": "CC-BY 4.0 (geoBoundaries gbOpen)",
        "retrieved_at": "2026-08-23T10:15:23Z"
      }
    },
    {
      "type": "Feature",
      "geometry": {
        "type": "Polygon",
        "coordinates": [
          [
            [
              89.33903402300007,
              24.559464771000023
            ],
            [
              89.28323346900004,
              24.48491677000004
            ],
            [
              89.28115982700007,
              24.456458783000073
            ],
            [
              89.24820543200008,
              24.43263870800007
            ],
            [
              89.28528906900004,
              24.42028737800007
            ],
            [
              89.29297533300007,
              24.365071387000057
            ],
            [
              89.36605397100004,
              24.35387085600007
            ],
            [
              89.41833472500008,
              24.321931650000067
            ],
            [
              89.42459760100007,
              24.250346961000048
            ],
            [
              89.46023062700004,
              24.262087918000077
            ],
            [
              89.44583837700009,
              24.233659979000038
            ],
            [
              89.47816598800006,
              24.229369517000066
            ],
            [
              89.46143130300004,
              24.22457178700006
            ],
            [
              89.46942615600005,
              24.20082914900007
            ],
            [
              89.50078105600005,
              24.21706886800007
            ],
            [
              89.52235264100005,
              24.197245837000025
            ],
            [
              89.53291984500004,
              24.13012760400005
            ],
            [
              89.68145858500009,
              24.061916667000048
            ],
            [
              89.68301767500003,
              24.034242948000042
            ],
            [
              89.72450019400009,
              24.014088082000058
            ],
            [
              89.81679597800007,
              24.063369728000055
            ],
            [
              89.82089924800005,
              24.139321383000038
            ],
            [
              89.77997927400008,
              24.16647438600006
            ],
            [
              89.79854838900008,
              24.175161279000065
            ],
            [
              89.78867199300004,
              24.284146685000053
            ],
            [
              89.75135694000005,
              24.35251046600007
            ],
            [
              89.76599230600004,
              24.375834874000077
            ],
            [
              89.74238331600009,
              24.470648539000024
            ],
            [
              89.75815605000008,
              24.499551874000076
            ],
            [
              89.73411044200003,
              24.517930456000045
            ],
            [
              89.78948672700005,
              24.57430832600005
            ],
            [
              89.76502849500008,
              24.613836238000033
            ],
            [
              89.78502642500007,
              24.62580588800006
            ],
            [
              89.78327505300007,
              24.669170613000063
            ],
            [
              89.79919054800007,
              24.68026989200007
            ],
            [
              89.77364162600009,
              24.716554796000025
            ],
            [
              89.79094094100003,
              24.73529025700003
            ],
            [
              89.77770643800005,
              24.76789158300005
            ],
            [
              89.74257774500006,
              24.77484142700007
            ],
            [
              89.73488443500008,
              24.761097480000046
            ],
            [
              89.67952589900005,
              24.783863437000036
            ],
            [
              89.62403203300005,
              24.685465845000067
            ],
            [
              89.55518871300006,
              24.705067082000028
            ],
            [
              89.54940939600004,
              24.61755936900005
            ],
            [
              89.60245187600003,
              24.60524033200005
            ],
            [
              89.59143598600008,
              24.55391687300005
            ],
            [
              89.54650034100007,
              24.547585428000048
            ],
            [
              89.53072669100004,
              24.563461955000037
            ],
            [
              89.51996301800006,
              24.53633299100005
            ],
            [
              89.50848384900007,
              24.556764205000036
            ],
            [
              89.45966432300008,
              24.542390083000043
            ],
            [
              89.42493597400005,
              24.560938029000056
            ],
            [
              89.33903402300007,
              24.559464771000023
            ]
          ]
        ]
      },
      "properties": {
        "id": "bgd-adm2-16705992b55394931042500",
        "name": "Sirajganj",
        "level": "admin",
        "admin_level": "district",
        "status": "official",
        "confidence": "high",
        "source_url": "https://www.geoboundaries.org/api/current/gbOpen/BGD/ADM2/",
        "source_license": "CC-BY 4.0 (geoBoundaries gbOpen)",
        "retrieved_at": "2026-08-23T10:15:23Z"
      }
    },
    {
      "type": "Feature",
      "geometry": {
        "type": "Polygon",
        "coordinates": [
          [
            [
              91.64913400700004,
              24.675005690000035
            ],
            [
              91.64386581800005,
              24.69782809000003
            ],
            [
              91.67207098500006,
              24.71913526700007
            ],
            [
              91.65956656200007,
              24.74254531400004
            ],
            [
              91.67746783000007,
              24.758117296000023
            ],
            [
              91.63616371300003,
              24.780445876000044
            ],
            [
              91.67513912200008,
              24.786706905000074
            ],
            [
              91.65729624000005,
              24.84681076100003
            ],
            [
              91.67376050300004,
              24.871867295000072
            ],
            [
              91.69779041200007,
              24.866769515000044
            ],
            [
              91.67697026100006,
              24.88978446400006
            ],
            [
              91.69485751400003,
              24.90140828600005
            ],
            [
              91.68108440600008,
              24.904775571000073
            ],
            [
              91.69080459600008,
              24.938263762000076
            ],
            [
              91.71371286100003,
              24.946557211000027
            ],
            [
              91.70363244900005,
              24.980858021000074
            ],
            [
              91.66602346700006,
              24.998643780000066
            ],
            [
              91.69663251500003,
              24.997739116000048
            ],
            [
              91.66803016400007,
              25.023019025000053
            ],
            [
              91.68748494700009,
              25.057974775000048
            ],
            [
              91.73499063600008,
              25.06536378900006
            ],
            [
              91.71276525700006,
              25.146964148000052
            ],
            [
              91.62692184500008,
              25.12552581700004
            ],
            [
              91.60048554800005,
              25.146186407000073
            ],
            [
              91.60935705300005,
              25.177136227000062
            ],
            [
              91.47055101300003,
              25.133748268000033
            ],
            [
              91.46854994700004,
              25.15192257600006
            ],
            [
              91.28647689400003,
              25.18547644000006
            ],
            [
              91.26794715300008,
              25.20736202200004
            ],
            [
              91.06957432200005,
              25.19852065500004
            ],
            [
              90.96484836000008,
              25.17187864600004
            ],
            [
              90.94742263700005,
              25.113832652000042
            ],
            [
              90.97466440600004,
              25.074280415000032
            ],
            [
              90.92777883200006,
              25.077988128000072
            ],
            [
              90.93286427100008,
              25.04486070300004
            ],
            [
              90.96502914700005,
              25.035700588000054
            ],
            [
              90.93404784100005,
              25.019939097000076
            ],
            [
              90.94365821000008,
              24.97592475400006
            ],
            [
              90.97317249500009,
              24.95842353000006
            ],
            [
              90.94913873600007,
              24.93967626500006
            ],
            [
              90.95329294400005,
              24.919156861000033
            ],
            [
              90.99286753400008,
              24.914100639000026
            ],
            [
              91.01762001500003,
              24.885246590000065
            ],
            [
              91.04447440000007,
              24.908138613000062
            ],
            [
              91.09844576500006,
              24.889586636000047
            ],
            [
              91.13040431300004,
              24.84059514300003
            ],
            [
              91.11248704800005,
              24.817060713000046
            ],
            [
              91.13041131000006,
              24.792843744000038
            ],
            [
              91.15279936700006,
              24.809328066000035
            ],
            [
              91.15295528000007,
              24.837460409000073
            ],
            [
              91.17068783700006,
              24.82696161000007
            ],
            [
              91.17120756600008,
              24.77993630900005
            ],
            [
              91.13522539800005,
              24.757196401000044
            ],
            [
              91.15933704100007,
              24.74810679600006
            ],
            [
              91.14132690600007,
              24.72420917900007
            ],
            [
              91.20684386900007,
              24.708984920000034
            ],
            [
              91.22527540400006,
              24.727513266000074
            ],
            [
              91.21972071600004,
              24.70238752100005
            ],
            [
              91.24087651700006,
              24.692093535000026
            ],
            [
              91.22605044900007,
              24.650568061000058
            ],
            [
              91.17825978900004,
              24.630293420000044
            ],
            [
              91.20615705500006,
              24.57695418000003
            ],
            [
              91.23396119200004,
              24.56896290700007
            ],
            [
              91.26512199800004,
              24.579745047000074
            ],
            [
              91.27267171400007,
              24.605655652000053
            ],
            [
              91.29305296000007,
              24.59665100600006
            ],
            [
              91.30508490600005,
              24.654400055000053
            ],
            [
              91.35060446600005,
              24.667451854000035
            ],
            [
              91.35261550800004,
              24.689846540000076
            ],
            [
              91.38005663400008,
              24.69532618200003
            ],
            [
              91.40029419500007,
              24.670658997000032
            ],
            [
              91.42879665900006,
              24.68223415400007
            ],
            [
              91.44180216200004,
              24.651176924000026
            ],
            [
              91.48422410000006,
              24.671004878000076
            ],
            [
              91.53707978900007,
              24.648225812000078
            ],
            [
              91.55999469800008,
              24.664649476000022
            ],
            [
              91.57641289300005,
              24.645325720000073
            ],
            [
              91.57987566300005,
              24.67495237600008
            ],
            [
              91.59097091100006,
              24.65889121300006
            ],
            [
              91.61406378200007,
              24.675269369000034
            ],
            [
              91.62713690500004,
              24.656218358000046
            ],
            [
              91.64913400700004,
              24.675005690000035
            ]
          ]
        ]
      },
      "properties": {
        "id": "bgd-adm2-16705992b61059366245275",
        "name": "Sunamganj",
        "level": "admin",
        "admin_level": "district",
        "status": "official",
        "confidence": "high",
        "source_url": "https://www.geoboundaries.org/api/current/gbOpen/BGD/ADM2/",
        "source_license": "CC-BY 4.0 (geoBoundaries gbOpen)",
        "retrieved_at": "2026-08-23T10:15:23Z"
      }
    },
    {
      "type": "Feature",
      "geometry": {
        "type": "Polygon",
        "coordinates": [
          [
            [
              91.63158637100008,
              24.63073261900007
            ],
            [
              91.72711480900006,
              24.593442726000035
            ],
            [
              91.78363535700004,
              24.643299452000065
            ],
            [
              91.82819651600005,
              24.65358984200003
            ],
            [
              91.89017719300006,
              24.64608265000004
            ],
            [
              91.93107667900006,
              24.66177169100007
            ],
            [
              91.96666440800004,
              24.638923098000078
            ],
            [
              92.02897664400007,
              24.652332388000048
            ],
            [
              92.02571998900004,
              24.69716126700007
            ],
            [
              92.04880442300004,
              24.697278899000025
            ],
            [
              92.05769518400007,
              24.728627221000067
            ],
            [
              92.08047012700007,
              24.723547410000037
            ],
            [
              92.07826755100007,
              24.76642853100003
            ],
            [
              92.19408133200005,
              24.768444613000042
            ],
            [
              92.19594453000008,
              24.802919974000076
            ],
            [
              92.24354921600008,
              24.81951795200007
            ],
            [
              92.25487375600005,
              24.838576665000062
            ],
            [
              92.23485021900007,
              24.861504711000066
            ],
            [
              92.24803461900007,
              24.885006926000074
            ],
            [
              92.23474997200003,
              24.90394574000004
            ],
            [
              92.30065525200007,
              24.91567087100003
            ],
            [
              92.40154664800008,
              24.849867454000048
            ],
            [
              92.48949308700008,
              24.872661493000066
            ],
            [
              92.48763854800006,
              24.94667352600004
            ],
            [
              92.44957274700005,
              24.938727263000033
            ],
            [
              92.46777410600004,
              24.963510043000042
            ],
            [
              92.41943229600008,
              24.967567213000052
            ],
            [
              92.42521962000006,
              25.02965947900003
            ],
            [
              92.34140744900003,
              25.048663457000032
            ],
            [
              92.34848138700005,
              25.073637172000076
            ],
            [
              92.33446350600008,
              25.07861259300006
            ],
            [
              92.31054726300005,
              25.06916861800005
            ],
            [
              92.22773677700008,
              25.09369934700004
            ],
            [
              92.19609127700005,
              25.10816496700005
            ],
            [
              92.21953292600006,
              25.116109866000045
            ],
            [
              92.19141800300008,
              25.135369780000076
            ],
            [
              92.18382413600006,
              25.11819564700005
            ],
            [
              92.15949223900003,
              25.126710409000054
            ],
            [
              92.13283405500005,
              25.160271132000048
            ],
            [
              92.07376461200005,
              25.185059033000073
            ],
            [
              91.77446938300005,
              25.163280668000027
            ],
            [
              91.75595150000004,
              25.177601303000074
            ],
            [
              91.74757284000003,
              25.140272124000035
            ],
            [
              91.70363969100003,
              25.160084958000027
            ],
            [
              91.72790502500004,
              25.12911865500007
            ],
            [
              91.71850192700003,
              25.092722759000026
            ],
            [
              91.73499063600008,
              25.06536378900006
            ],
            [
              91.68748494700009,
              25.057974775000048
            ],
            [
              91.66803016400007,
              25.023019025000053
            ],
            [
              91.69663251500003,
              24.997739116000048
            ],
            [
              91.66602346700006,
              24.998643780000066
            ],
            [
              91.70363244900005,
              24.980858021000074
            ],
            [
              91.71371286100003,
              24.946557211000027
            ],
            [
              91.69080459600008,
              24.938263762000076
            ],
            [
              91.68108440600008,
              24.904775571000073
            ],
            [
              91.69485751400003,
              24.90140828600005
            ],
            [
              91.67697026100006,
              24.88978446400006
            ],
            [
              91.69779041200007,
              24.866769515000044
            ],
            [
              91.67376050300004,
              24.871867295000072
            ],
            [
              91.65729624000005,
              24.84681076100003
            ],
            [
              91.67513912200008,
              24.786706905000074
            ],
            [
              91.63604230100003,
              24.779860316000054
            ],
            [
              91.67746783000007,
              24.758117296000023
            ],
            [
              91.63158637100008,
              24.63073261900007
            ]
          ]
        ]
      },
      "properties": {
        "id": "bgd-adm2-16705992b47932115867008",
        "name": "Sylhet",
        "level": "admin",
        "admin_level": "district",
        "status": "official",
        "confidence": "high",
        "source_url": "https://www.geoboundaries.org/api/current/gbOpen/BGD/ADM2/",
        "source_license": "CC-BY 4.0 (geoBoundaries gbOpen)",
        "retrieved_at": "2026-08-23T10:15:23Z"
      }
    },
    {
      "type": "Feature",
      "geometry": {
        "type": "Polygon",
        "coordinates": [
          [
            [
              90.14755261800008,
              24.03354300500007
            ],
            [
              90.17699828500008,
              24.074798878000024
            ],
            [
              90.17335882300006,
              24.108020187000022
            ],
            [
              90.20092563800006,
              24.093779900000072
            ],
            [
              90.23016844100005,
              24.105604721000077
            ],
            [
              90.22600646000006,
              24.162638839000067
            ],
            [
              90.28983488400007,
              24.22576491500007
            ],
            [
              90.30083286100006,
              24.269356221000066
            ],
            [
              90.23345023300004,
              24.335198435000052
            ],
            [
              90.24901177300006,
              24.415266544000076
            ],
            [
              90.20964571600007,
              24.459644669000056
            ],
            [
              90.24359089500007,
              24.481272241000056
            ],
            [
              90.17433851800007,
              24.517844405000062
            ],
            [
              90.12473847800004,
              24.596311159000038
            ],
            [
              90.14807439900005,
              24.634630894000054
            ],
            [
              90.13280304000006,
              24.734222858000066
            ],
            [
              90.09037812300005,
              24.73719304900004
            ],
            [
              90.09803112400004,
              24.75631179800007
            ],
            [
              90.07577902900005,
              24.787873767000065
            ],
            [
              90.02664769500007,
              24.773976529000038
            ],
            [
              89.98133648200007,
              24.724894531000075
            ],
            [
              89.93576731500008,
              24.757187522000038
            ],
            [
              89.90742631500007,
              24.734482267000033
            ],
            [
              89.88035181800007,
              24.74155111500005
            ],
            [
              89.89940953800004,
              24.681494885000063
            ],
            [
              89.84237902800004,
              24.644508511000026
            ],
            [
              89.85329697700007,
              24.619958152000038
            ],
            [
              89.82706030700007,
              24.608595619000027
            ],
            [
              89.81153920400004,
              24.566675298000064
            ],
            [
              89.77313986700005,
              24.564547361000052
            ],
            [
              89.76992513800008,
              24.540015330000074
            ],
            [
              89.73433221800008,
              24.51911682000008
            ],
            [
              89.75815605000008,
              24.499551874000076
            ],
            [
              89.74238331600009,
              24.470648539000024
            ],
            [
              89.76599230600004,
              24.375834874000077
            ],
            [
              89.75166983300005,
              24.350679763000073
            ],
            [
              89.79015876600005,
              24.276016567000056
            ],
            [
              89.79854838900008,
              24.175161279000065
            ],
            [
              89.77997927400008,
              24.16647438600006
            ],
            [
              89.82060090300007,
              24.13997981600005
            ],
            [
              89.82495604500008,
              24.08763367800003
            ],
            [
              89.78431655400004,
              24.040793045000044
            ],
            [
              89.76421783800004,
              23.97851507100006
            ],
            [
              89.82113140500007,
              23.982355640000037
            ],
            [
              89.85538670200003,
              23.963593686000024
            ],
            [
              89.87641446300006,
              23.994183814000053
            ],
            [
              89.89242538400003,
              23.969915169000046
            ],
            [
              89.90704651800007,
              23.99862790800006
            ],
            [
              89.94722805900005,
              24.004325531000063
            ],
            [
              89.94844231300004,
              24.028268421000064
            ],
            [
              89.96687262900008,
              24.01439702400006
            ],
            [
              89.97211045700004,
              24.036035017000074
            ],
            [
              89.99020583000004,
              23.99909722500007
            ],
            [
              90.00851531800004,
              24.002914039000075
            ],
            [
              90.01652791400005,
              24.044324378000056
            ],
            [
              90.02470298500003,
              24.02104077100006
            ],
            [
              90.07508097600004,
              24.04115458800004
            ],
            [
              90.10817527800003,
              24.017570036000052
            ],
            [
              90.14755261800008,
              24.03354300500007
            ]
          ]
        ]
      },
      "properties": {
        "id": "bgd-adm2-16705992b55867939933107",
        "name": "Tangail",
        "level": "admin",
        "admin_level": "district",
        "status": "official",
        "confidence": "high",
        "source_url": "https://www.geoboundaries.org/api/current/gbOpen/BGD/ADM2/",
        "source_license": "CC-BY 4.0 (geoBoundaries gbOpen)",
        "retrieved_at": "2026-08-23T10:15:23Z"
      }
    },
    {
      "type": "Feature",
      "geometry": {
        "type": "Polygon",
        "coordinates": [
          [
            [
              88.61593919000006,
              26.062894653000058
            ],
            [
              88.64651982700008,
              26.08445693300007
            ],
            [
              88.62197199500008,
              26.130643537000026
            ],
            [
              88.57267318000004,
              26.149626386000023
            ],
            [
              88.54800017500008,
              26.189181091000023
            ],
            [
              88.52206551800003,
              26.18028242500003
            ],
            [
              88.51666671700008,
              26.200981297000055
            ],
            [
              88.38671741600007,
              26.20146002000007
            ],
            [
              88.37015691800008,
              26.17900878300003
            ],
            [
              88.31706218500005,
              26.204959819000067
            ],
            [
              88.24176708500005,
              26.189178195000068
            ],
            [
              88.17714860200005,
              26.14806658200007
            ],
            [
              88.15841274800005,
              26.080786278000062
            ],
            [
              88.18229257500008,
              26.07207097500003
            ],
            [
              88.16949265100004,
              26.04533211100005
            ],
            [
              88.18278918700008,
              26.026728500000047
            ],
            [
              88.13962495800007,
              26.013021767000055
            ],
            [
              88.12231612700003,
              25.94846307800003
            ],
            [
              88.08578273300003,
              25.91567729800005
            ],
            [
              88.11381686900006,
              25.85457499000006
            ],
            [
              88.10109057100004,
              25.829097493000063
            ],
            [
              88.11441552100007,
              25.798023079000075
            ],
            [
              88.15214725000004,
              25.775763563000055
            ],
            [
              88.18370135600009,
              25.801783792000037
            ],
            [
              88.20909048300007,
              25.787207460000047
            ],
            [
              88.25957849100007,
              25.81392443200008
            ],
            [
              88.26845996100008,
              25.78079801000007
            ],
            [
              88.37393183700004,
              25.717307310000024
            ],
            [
              88.37143231900006,
              25.69664602100005
            ],
            [
              88.40165327200003,
              25.672669143000064
            ],
            [
              88.42777734100008,
              25.66973037500003
            ],
            [
              88.43411900200005,
              25.718073445000073
            ],
            [
              88.40052414400003,
              25.73119142300004
            ],
            [
              88.38665074100004,
              25.762681576000034
            ],
            [
              88.38627162100005,
              25.839755660000037
            ],
            [
              88.40846274300009,
              25.86844927100003
            ],
            [
              88.42244090300005,
              25.855510781000078
            ],
            [
              88.42214578600004,
              25.871018184000036
            ],
            [
              88.48426228700004,
              25.865602141000068
            ],
            [
              88.47998997200006,
              25.902705815000047
            ],
            [
              88.50182586600005,
              25.905614452000066
            ],
            [
              88.49566890000006,
              25.927918374000058
            ],
            [
              88.50766812600006,
              25.91784463500005
            ],
            [
              88.51190271200005,
              25.941331398000045
            ],
            [
              88.53687209000003,
              25.951893707000067
            ],
            [
              88.54586474100006,
              26.019188119000034
            ],
            [
              88.58933332600003,
              26.02039592400007
            ],
            [
              88.61593919000006,
              26.062894653000058
            ]
          ]
        ]
      },
      "properties": {
        "id": "bgd-adm2-16705992b44482388014877",
        "name": "Thakurgaon",
        "level": "admin",
        "admin_level": "district",
        "status": "official",
        "confidence": "high",
        "source_url": "https://www.geoboundaries.org/api/current/gbOpen/BGD/ADM2/",
        "source_license": "CC-BY 4.0 (geoBoundaries gbOpen)",
        "retrieved_at": "2026-08-23T10:15:23Z"
      }
    }
  ],
  "generated_at": "2026-08-23T10:15:23Z"
}
