{
  "type": "FeatureCollection",
  "features": [
    {
      "type": "Feature",
      "geometry": {
        "type": "Point",
        "coordinates": [
          90.39269,
          23.86933
        ]
      },
      "properties": {
        "id": "osm-node-141466267",
        "name": "Uttara",
        "name_bn": "উত্তরা",
        "level": "place",
        "place": "suburb",
        "status": "official",
        "confidence": "high",
        "source_url": "https://www.openstreetmap.org/node/141466267",
        "source_license": "ODbL (OpenStreetMap contributors)",
        "retrieved_at": "2026-08-23T10:14:09Z"
      }
    },
    {
      "type": "Feature",
      "geometry": {
        "type": "Point",
        "coordinates": [
          90.32896,
          23.89699
        ]
      },
      "properties": {
        "id": "osm-node-141466268",
        "name": "Ashulia",
        "name_bn": "আশুলিয়া",
        "level": "place",
        "place": "suburb",
        "status": "official",
        "confidence": "high",
        "source_url": "https://www.openstreetmap.org/node/141466268",
        "source_license": "ODbL (OpenStreetMap contributors)",
        "retrieved_at": "2026-08-23T10:14:09Z"
      }
    },
    {
      "type": "Feature",
      "geometry": {
        "type": "Point",
        "coordinates": [
          90.41961,
          23.80287
        ]
      },
      "properties": {
        "id": "osm-node-264032548",
        "name": "Baridhara",
        "name_bn": "বারিধারা",
        "level": "place",
        "place": "suburb",
        "status": "official",
        "confidence": "high",
        "source_url": "https://www.openstreetmap.org/node/264032548",
        "source_license": "ODbL (OpenStreetMap contributors)",
        "retrieved_at": "2026-08-23T10:14:09Z"
      }
    },
    {
      "type": "Feature",
      "geometry": {
        "type": "Point",
        "coordinates": [
          90.43682,
          23.81893
        ]
      },
      "properties": {
        "id": "osm-node-264889126",
        "name": "Bashundhara Residential Area",
        "name_bn": "বসুন্ধরা আবাসিক এলাকা",
        "level": "place",
        "place": "suburb",
        "status": "official",
        "confidence": "high",
        "source_url": "https://www.openstreetmap.org/node/264889126",
        "source_license": "ODbL (OpenStreetMap contributors)",
        "retrieved_at": "2026-08-23T10:14:09Z"
      }
    },
    {
      "type": "Feature",
      "geometry": {
        "type": "Point",
        "coordinates": [
          90.40349,
          23.85968
        ]
      },
      "properties": {
        "id": "osm-node-266875778",
        "name": "Sector 2",
        "name_bn": "সেক্টর ২",
        "level": "place",
        "place": "quarter",
        "status": "official",
        "confidence": "high",
        "source_url": "https://www.openstreetmap.org/node/266875778",
        "source_license": "ODbL (OpenStreetMap contributors)",
        "retrieved_at": "2026-08-23T10:14:09Z"
      }
    },
    {
      "type": "Feature",
      "geometry": {
        "type": "Point",
        "coordinates": [
          90.40976,
          23.77332
        ]
      },
      "properties": {
        "id": "osm-node-364769764",
        "name": "Niketan",
        "name_bn": "নিকেতন",
        "level": "place",
        "place": "suburb",
        "status": "official",
        "confidence": "high",
        "source_url": "https://www.openstreetmap.org/node/364769764",
        "source_license": "ODbL (OpenStreetMap contributors)",
        "retrieved_at": "2026-08-23T10:14:09Z"
      }
    },
    {
      "type": "Feature",
      "geometry": {
        "type": "Point",
        "coordinates": [
          90.34373,
          23.78277
        ]
      },
      "properties": {
        "id": "osm-node-379839732",
        "name": "Gabtali",
        "name_bn": "গাবতলী",
        "level": "place",
        "place": "suburb",
        "status": "official",
        "confidence": "high",
        "source_url": "https://www.openstreetmap.org/node/379839732",
        "source_license": "ODbL (OpenStreetMap contributors)",
        "retrieved_at": "2026-08-23T10:14:09Z"
      }
    },
    {
      "type": "Feature",
      "geometry": {
        "type": "Point",
        "coordinates": [
          90.35357,
          23.76654
        ]
      },
      "properties": {
        "id": "osm-node-387550966",
        "name": "Prominent Housing",
        "name_bn": "প্রমিনেন্ট হাউজিং",
        "level": "place",
        "place": "neighbourhood",
        "status": "official",
        "confidence": "high",
        "source_url": "https://www.openstreetmap.org/node/387550966",
        "source_license": "ODbL (OpenStreetMap contributors)",
        "retrieved_at": "2026-08-23T10:14:09Z"
      }
    },
    {
      "type": "Feature",
      "geometry": {
        "type": "Point",
        "coordinates": [
          90.35746,
          23.77358
        ]
      },
      "properties": {
        "id": "osm-node-387552183",
        "name": "Adabar",
        "name_bn": "আদাবর",
        "level": "place",
        "place": "suburb",
        "status": "official",
        "confidence": "high",
        "source_url": "https://www.openstreetmap.org/node/387552183",
        "source_license": "ODbL (OpenStreetMap contributors)",
        "retrieved_at": "2026-08-23T10:14:09Z"
      }
    },
    {
      "type": "Feature",
      "geometry": {
        "type": "Point",
        "coordinates": [
          90.36916,
          23.7567
        ]
      },
      "properties": {
        "id": "osm-node-387552378",
        "name": "Lalmatia",
        "name_bn": "লালমাটিয়া",
        "level": "place",
        "place": "suburb",
        "status": "official",
        "confidence": "high",
        "source_url": "https://www.openstreetmap.org/node/387552378",
        "source_license": "ODbL (OpenStreetMap contributors)",
        "retrieved_at": "2026-08-23T10:14:09Z"
      }
    },
    {
      "type": "Feature",
      "geometry": {
        "type": "Point",
        "coordinates": [
          90.41767,
          23.72716
        ]
      },
      "properties": {
        "id": "osm-node-387807673",
        "name": "Dilkusha",
        "name_bn": "দিলকুশা",
        "level": "place",
        "place": "quarter",
        "status": "official",
        "confidence": "high",
        "source_url": "https://www.openstreetmap.org/node/387807673",
        "source_license": "ODbL (OpenStreetMap contributors)",
        "retrieved_at": "2026-08-23T10:14:09Z"
      }
    },
    {
      "type": "Feature",
      "geometry": {
        "type": "Point",
        "coordinates": [
          90.40912,
          23.86262
        ]
      },
      "properties": {
        "id": "osm-node-391700671",
        "name": "South Azampur",
        "name_bn": "দক্ষিণ আজমপুর",
        "level": "place",
        "place": "quarter",
        "status": "official",
        "confidence": "high",
        "source_url": "https://www.openstreetmap.org/node/391700671",
        "source_license": "ODbL (OpenStreetMap contributors)",
        "retrieved_at": "2026-08-23T10:14:09Z"
      }
    },
    {
      "type": "Feature",
      "geometry": {
        "type": "Point",
        "coordinates": [
          90.40691,
          23.87764
        ]
      },
      "properties": {
        "id": "osm-node-391701399",
        "name": "Goaltek",
        "name_bn": "গোয়ালটেক",
        "level": "place",
        "place": "neighbourhood",
        "status": "official",
        "confidence": "high",
        "source_url": "https://www.openstreetmap.org/node/391701399",
        "source_license": "ODbL (OpenStreetMap contributors)",
        "retrieved_at": "2026-08-23T10:14:09Z"
      }
    },
    {
      "type": "Feature",
      "geometry": {
        "type": "Point",
        "coordinates": [
          90.40383,
          23.87773
        ]
      },
      "properties": {
        "id": "osm-node-391702460",
        "name": "Sector 8",
        "name_bn": "সেক্টর ৮",
        "level": "place",
        "place": "quarter",
        "status": "official",
        "confidence": "high",
        "source_url": "https://www.openstreetmap.org/node/391702460",
        "source_license": "ODbL (OpenStreetMap contributors)",
        "retrieved_at": "2026-08-23T10:14:09Z"
      }
    },
    {
      "type": "Feature",
      "geometry": {
        "type": "Point",
        "coordinates": [
          90.39818,
          23.87744
        ]
      },
      "properties": {
        "id": "osm-node-391703052",
        "name": "Sector 9",
        "name_bn": "সেক্টর ৯",
        "level": "place",
        "place": "quarter",
        "status": "official",
        "confidence": "high",
        "source_url": "https://www.openstreetmap.org/node/391703052",
        "source_license": "ODbL (OpenStreetMap contributors)",
        "retrieved_at": "2026-08-23T10:14:09Z"
      }
    },
    {
      "type": "Feature",
      "geometry": {
        "type": "Point",
        "coordinates": [
          90.39047,
          23.87739
        ]
      },
      "properties": {
        "id": "osm-node-391703509",
        "name": "Sector 11",
        "name_bn": "সেক্টর ১১",
        "level": "place",
        "place": "quarter",
        "status": "official",
        "confidence": "high",
        "source_url": "https://www.openstreetmap.org/node/391703509",
        "source_license": "ODbL (OpenStreetMap contributors)",
        "retrieved_at": "2026-08-23T10:14:09Z"
      }
    },
    {
      "type": "Feature",
      "geometry": {
        "type": "Point",
        "coordinates": [
          90.38756,
          23.87134
        ]
      },
      "properties": {
        "id": "osm-node-391703977",
        "name": "Sector 13",
        "name_bn": "সেক্টর ১৩",
        "level": "place",
        "place": "quarter",
        "status": "official",
        "confidence": "high",
        "source_url": "https://www.openstreetmap.org/node/391703977",
        "source_license": "ODbL (OpenStreetMap contributors)",
        "retrieved_at": "2026-08-23T10:14:09Z"
      }
    },
    {
      "type": "Feature",
      "geometry": {
        "type": "Point",
        "coordinates": [
          90.38159,
          23.87166
        ]
      },
      "properties": {
        "id": "osm-node-391704335",
        "name": "Sector 12",
        "name_bn": "সেক্টর ১২",
        "level": "place",
        "place": "quarter",
        "status": "official",
        "confidence": "high",
        "source_url": "https://www.openstreetmap.org/node/391704335",
        "source_license": "ODbL (OpenStreetMap contributors)",
        "retrieved_at": "2026-08-23T10:14:09Z"
      }
    },
    {
      "type": "Feature",
      "geometry": {
        "type": "Point",
        "coordinates": [
          90.38947,
          23.8672
        ]
      },
      "properties": {
        "id": "osm-node-391704900",
        "name": "Sector 14",
        "name_bn": "সেক্টর ১৪",
        "level": "place",
        "place": "quarter",
        "status": "official",
        "confidence": "high",
        "source_url": "https://www.openstreetmap.org/node/391704900",
        "source_license": "ODbL (OpenStreetMap contributors)",
        "retrieved_at": "2026-08-23T10:14:09Z"
      }
    },
    {
      "type": "Feature",
      "geometry": {
        "type": "Point",
        "coordinates": [
          90.39031,
          23.8635
        ]
      },
      "properties": {
        "id": "osm-node-391705481",
        "name": "Sector 5",
        "name_bn": "সেক্টর ৫",
        "level": "place",
        "place": "quarter",
        "status": "official",
        "confidence": "high",
        "source_url": "https://www.openstreetmap.org/node/391705481",
        "source_license": "ODbL (OpenStreetMap contributors)",
        "retrieved_at": "2026-08-23T10:14:09Z"
      }
    },
    {
      "type": "Feature",
      "geometry": {
        "type": "Point",
        "coordinates": [
          90.39734,
          23.86996
        ]
      },
      "properties": {
        "id": "osm-node-391706301",
        "name": "Sector 7",
        "name_bn": "সেক্টর ৭",
        "level": "place",
        "place": "quarter",
        "status": "official",
        "confidence": "high",
        "source_url": "https://www.openstreetmap.org/node/391706301",
        "source_license": "ODbL (OpenStreetMap contributors)",
        "retrieved_at": "2026-08-23T10:14:09Z"
      }
    },
    {
      "type": "Feature",
      "geometry": {
        "type": "Point",
        "coordinates": [
          90.39615,
          23.86418
        ]
      },
      "properties": {
        "id": "osm-node-391707225",
        "name": "Sector 3",
        "name_bn": "সেক্টর ৩",
        "level": "place",
        "place": "quarter",
        "status": "official",
        "confidence": "high",
        "source_url": "https://www.openstreetmap.org/node/391707225",
        "source_license": "ODbL (OpenStreetMap contributors)",
        "retrieved_at": "2026-08-23T10:14:09Z"
      }
    },
    {
      "type": "Feature",
      "geometry": {
        "type": "Point",
        "coordinates": [
          90.4028,
          23.8642
        ]
      },
      "properties": {
        "id": "osm-node-391708467",
        "name": "Sector 4",
        "name_bn": "সেক্টর ৪",
        "level": "place",
        "place": "quarter",
        "status": "official",
        "confidence": "high",
        "source_url": "https://www.openstreetmap.org/node/391708467",
        "source_license": "ODbL (OpenStreetMap contributors)",
        "retrieved_at": "2026-08-23T10:14:09Z"
      }
    },
    {
      "type": "Feature",
      "geometry": {
        "type": "Point",
        "coordinates": [
          90.40113,
          23.85807
        ]
      },
      "properties": {
        "id": "osm-node-391709102",
        "name": "Sector 1",
        "name_bn": "সেক্টর ১",
        "level": "place",
        "place": "quarter",
        "status": "official",
        "confidence": "high",
        "source_url": "https://www.openstreetmap.org/node/391709102",
        "source_license": "ODbL (OpenStreetMap contributors)",
        "retrieved_at": "2026-08-23T10:14:09Z"
      }
    },
    {
      "type": "Feature",
      "geometry": {
        "type": "Point",
        "coordinates": [
          90.38783,
          23.86053
        ]
      },
      "properties": {
        "id": "osm-node-391710839",
        "name": "Dholipara",
        "name_bn": "ধলিপাড়া",
        "level": "place",
        "place": "quarter",
        "status": "official",
        "confidence": "high",
        "source_url": "https://www.openstreetmap.org/node/391710839",
        "source_license": "ODbL (OpenStreetMap contributors)",
        "retrieved_at": "2026-08-23T10:14:09Z"
      }
    },
    {
      "type": "Feature",
      "geometry": {
        "type": "Point",
        "coordinates": [
          90.37765,
          23.8064
        ]
      },
      "properties": {
        "id": "osm-node-392523363",
        "name": "Mirpur 13",
        "name_bn": "মিরপুর ১৩",
        "level": "place",
        "place": "quarter",
        "status": "official",
        "confidence": "high",
        "source_url": "https://www.openstreetmap.org/node/392523363",
        "source_license": "ODbL (OpenStreetMap contributors)",
        "retrieved_at": "2026-08-23T10:14:09Z"
      }
    },
    {
      "type": "Feature",
      "geometry": {
        "type": "Point",
        "coordinates": [
          90.35235,
          23.80192
        ]
      },
      "properties": {
        "id": "osm-node-392523377",
        "name": "Mirpur 1",
        "name_bn": "মিরপুর ১",
        "level": "place",
        "place": "quarter",
        "status": "official",
        "confidence": "high",
        "source_url": "https://www.openstreetmap.org/node/392523377",
        "source_license": "ODbL (OpenStreetMap contributors)",
        "retrieved_at": "2026-08-23T10:14:09Z"
      }
    },
    {
      "type": "Feature",
      "geometry": {
        "type": "Point",
        "coordinates": [
          90.35852,
          23.80504
        ]
      },
      "properties": {
        "id": "osm-node-392523379",
        "name": "Mirpur 2",
        "name_bn": "মিরপুর ২",
        "level": "place",
        "place": "quarter",
        "status": "official",
        "confidence": "high",
        "source_url": "https://www.openstreetmap.org/node/392523379",
        "source_license": "ODbL (OpenStreetMap contributors)",
        "retrieved_at": "2026-08-23T10:14:09Z"
      }
    },
    {
      "type": "Feature",
      "geometry": {
        "type": "Point",
        "coordinates": [
          90.36305,
          23.81834
        ]
      },
      "properties": {
        "id": "osm-node-392523449",
        "name": "Mirpur 7",
        "name_bn": "মিরপুর ৭",
        "level": "place",
        "place": "quarter",
        "status": "official",
        "confidence": "high",
        "source_url": "https://www.openstreetmap.org/node/392523449",
        "source_license": "ODbL (OpenStreetMap contributors)",
        "retrieved_at": "2026-08-23T10:14:09Z"
      }
    },
    {
      "type": "Feature",
      "geometry": {
        "type": "Point",
        "coordinates": [
          90.41034,
          23.71304
        ]
      },
      "properties": {
        "id": "osm-node-393920339",
        "name": "Ray Shaheb Bazar",
        "name_bn": "রায় সাহেব বাজার",
        "level": "place",
        "place": "quarter",
        "status": "official",
        "confidence": "high",
        "source_url": "https://www.openstreetmap.org/node/393920339",
        "source_license": "ODbL (OpenStreetMap contributors)",
        "retrieved_at": "2026-08-23T10:14:09Z"
      }
    },
    {
      "type": "Feature",
      "geometry": {
        "type": "Point",
        "coordinates": [
          90.40881,
          23.71016
        ]
      },
      "properties": {
        "id": "osm-node-393920647",
        "name": "Shakhari Bazar",
        "name_bn": "শাঁখারিবাজার",
        "level": "place",
        "place": "quarter",
        "status": "official",
        "confidence": "high",
        "source_url": "https://www.openstreetmap.org/node/393920647",
        "source_license": "ODbL (OpenStreetMap contributors)",
        "retrieved_at": "2026-08-23T10:14:09Z"
      }
    },
    {
      "type": "Feature",
      "geometry": {
        "type": "Point",
        "coordinates": [
          90.4026,
          23.70993
        ]
      },
      "properties": {
        "id": "osm-node-393921009",
        "name": "Babu bazar",
        "name_bn": "বাবু বাজার",
        "level": "place",
        "place": "suburb",
        "status": "official",
        "confidence": "high",
        "source_url": "https://www.openstreetmap.org/node/393921009",
        "source_license": "ODbL (OpenStreetMap contributors)",
        "retrieved_at": "2026-08-23T10:14:09Z"
      }
    },
    {
      "type": "Feature",
      "geometry": {
        "type": "Point",
        "coordinates": [
          90.40788,
          23.71215
        ]
      },
      "properties": {
        "id": "osm-node-393921256",
        "name": "Tanti bazar",
        "name_bn": "তাঁতি বাজার",
        "level": "place",
        "place": "suburb",
        "status": "official",
        "confidence": "high",
        "source_url": "https://www.openstreetmap.org/node/393921256",
        "source_license": "ODbL (OpenStreetMap contributors)",
        "retrieved_at": "2026-08-23T10:14:09Z"
      }
    },
    {
      "type": "Feature",
      "geometry": {
        "type": "Point",
        "coordinates": [
          90.40683,
          23.71027
        ]
      },
      "properties": {
        "id": "osm-node-394216065",
        "name": "Islampur",
        "name_bn": "ইসলামপুর",
        "level": "place",
        "place": "suburb",
        "status": "official",
        "confidence": "high",
        "source_url": "https://www.openstreetmap.org/node/394216065",
        "source_license": "ODbL (OpenStreetMap contributors)",
        "retrieved_at": "2026-08-23T10:14:09Z"
      }
    },
    {
      "type": "Feature",
      "geometry": {
        "type": "Point",
        "coordinates": [
          90.42386,
          23.69665
        ]
      },
      "properties": {
        "id": "osm-node-396674646",
        "name": "Faridabad",
        "name_bn": "ফরিদাবাদ",
        "level": "place",
        "place": "suburb",
        "status": "official",
        "confidence": "high",
        "source_url": "https://www.openstreetmap.org/node/396674646",
        "source_license": "ODbL (OpenStreetMap contributors)",
        "retrieved_at": "2026-08-23T10:14:09Z"
      }
    },
    {
      "type": "Feature",
      "geometry": {
        "type": "Point",
        "coordinates": [
          90.4259,
          23.69721
        ]
      },
      "properties": {
        "id": "osm-node-396676228",
        "name": "Bangladesh Bank Colony",
        "name_bn": "বাংলাদেশ ব্যাংক কলোনী",
        "level": "place",
        "place": "neighbourhood",
        "status": "official",
        "confidence": "high",
        "source_url": "https://www.openstreetmap.org/node/396676228",
        "source_license": "ODbL (OpenStreetMap contributors)",
        "retrieved_at": "2026-08-23T10:14:09Z"
      }
    },
    {
      "type": "Feature",
      "geometry": {
        "type": "Point",
        "coordinates": [
          90.42464,
          23.71044
        ]
      },
      "properties": {
        "id": "osm-node-396686487",
        "name": "Dayaganj",
        "name_bn": "দয়াগঞ্জ",
        "level": "place",
        "place": "suburb",
        "status": "official",
        "confidence": "high",
        "source_url": "https://www.openstreetmap.org/node/396686487",
        "source_license": "ODbL (OpenStreetMap contributors)",
        "retrieved_at": "2026-08-23T10:14:09Z"
      }
    },
    {
      "type": "Feature",
      "geometry": {
        "type": "Point",
        "coordinates": [
          90.41608,
          23.70311
        ]
      },
      "properties": {
        "id": "osm-node-396693325",
        "name": "Farashganj",
        "name_bn": "ফরাশগঞ্জ",
        "level": "place",
        "place": "suburb",
        "status": "official",
        "confidence": "high",
        "source_url": "https://www.openstreetmap.org/node/396693325",
        "source_license": "ODbL (OpenStreetMap contributors)",
        "retrieved_at": "2026-08-23T10:14:09Z"
      }
    },
    {
      "type": "Feature",
      "geometry": {
        "type": "Point",
        "coordinates": [
          90.41688,
          23.70469
        ]
      },
      "properties": {
        "id": "osm-node-396694530",
        "name": "Dailpotti",
        "name_bn": "ডালপট্টি",
        "level": "place",
        "place": "neighbourhood",
        "status": "official",
        "confidence": "high",
        "source_url": "https://www.openstreetmap.org/node/396694530",
        "source_license": "ODbL (OpenStreetMap contributors)",
        "retrieved_at": "2026-08-23T10:14:09Z"
      }
    },
    {
      "type": "Feature",
      "geometry": {
        "type": "Point",
        "coordinates": [
          90.41358,
          23.70396
        ]
      },
      "properties": {
        "id": "osm-node-396698366",
        "name": "Shayam Bazar",
        "name_bn": "শ্যামবাজার",
        "level": "place",
        "place": "quarter",
        "status": "official",
        "confidence": "high",
        "source_url": "https://www.openstreetmap.org/node/396698366",
        "source_license": "ODbL (OpenStreetMap contributors)",
        "retrieved_at": "2026-08-23T10:14:09Z"
      }
    },
    {
      "type": "Feature",
      "geometry": {
        "type": "Point",
        "coordinates": [
          90.41217,
          23.70629
        ]
      },
      "properties": {
        "id": "osm-node-396699842",
        "name": "Bangla Bazar",
        "name_bn": "বাংলাবাজার",
        "level": "place",
        "place": "suburb",
        "status": "official",
        "confidence": "high",
        "source_url": "https://www.openstreetmap.org/node/396699842",
        "source_license": "ODbL (OpenStreetMap contributors)",
        "retrieved_at": "2026-08-23T10:14:09Z"
      }
    },
    {
      "type": "Feature",
      "geometry": {
        "type": "Point",
        "coordinates": [
          90.41555,
          23.70822
        ]
      },
      "properties": {
        "id": "osm-node-396703556",
        "name": "Lakshmibazar",
        "name_bn": "লক্ষ্মীবাজার",
        "level": "place",
        "place": "suburb",
        "status": "official",
        "confidence": "high",
        "source_url": "https://www.openstreetmap.org/node/396703556",
        "source_license": "ODbL (OpenStreetMap contributors)",
        "retrieved_at": "2026-08-23T10:14:09Z"
      }
    },
    {
      "type": "Feature",
      "geometry": {
        "type": "Point",
        "coordinates": [
          90.41673,
          23.70677
        ]
      },
      "properties": {
        "id": "osm-node-396706056",
        "name": "Shingtola",
        "name_bn": "শিংটোলা",
        "level": "place",
        "place": "quarter",
        "status": "official",
        "confidence": "high",
        "source_url": "https://www.openstreetmap.org/node/396706056",
        "source_license": "ODbL (OpenStreetMap contributors)",
        "retrieved_at": "2026-08-23T10:14:09Z"
      }
    },
    {
      "type": "Feature",
      "geometry": {
        "type": "Point",
        "coordinates": [
          90.41882,
          23.7065
        ]
      },
      "properties": {
        "id": "osm-node-396707096",
        "name": "Kulutola",
        "name_bn": "কুলুটোলা",
        "level": "place",
        "place": "neighbourhood",
        "status": "official",
        "confidence": "high",
        "source_url": "https://www.openstreetmap.org/node/396707096",
        "source_license": "ODbL (OpenStreetMap contributors)",
        "retrieved_at": "2026-08-23T10:14:09Z"
      }
    },
    {
      "type": "Feature",
      "geometry": {
        "type": "Point",
        "coordinates": [
          90.40825,
          23.72181
        ]
      },
      "properties": {
        "id": "osm-node-401838006",
        "name": "Siddik Bazar",
        "name_bn": "সিদ্দিক বাজার",
        "level": "place",
        "place": "quarter",
        "status": "official",
        "confidence": "high",
        "source_url": "https://www.openstreetmap.org/node/401838006",
        "source_license": "ODbL (OpenStreetMap contributors)",
        "retrieved_at": "2026-08-23T10:14:09Z"
      }
    },
    {
      "type": "Feature",
      "geometry": {
        "type": "Point",
        "coordinates": [
          90.43381,
          23.7094
        ]
      },
      "properties": {
        "id": "osm-node-590055605",
        "name": "Jatrabari",
        "name_bn": "যাত্রাবাড়ী",
        "level": "place",
        "place": "suburb",
        "status": "official",
        "confidence": "high",
        "source_url": "https://www.openstreetmap.org/node/590055605",
        "source_license": "ODbL (OpenStreetMap contributors)",
        "retrieved_at": "2026-08-23T10:14:09Z"
      }
    },
    {
      "type": "Feature",
      "geometry": {
        "type": "Point",
        "coordinates": [
          90.43128,
          23.76171
        ]
      },
      "properties": {
        "id": "osm-node-642560699",
        "name": "Banasree",
        "name_bn": "বনশ্রী",
        "level": "place",
        "place": "suburb",
        "status": "official",
        "confidence": "high",
        "source_url": "https://www.openstreetmap.org/node/642560699",
        "source_license": "ODbL (OpenStreetMap contributors)",
        "retrieved_at": "2026-08-23T10:14:09Z"
      }
    },
    {
      "type": "Feature",
      "geometry": {
        "type": "Point",
        "coordinates": [
          90.52561,
          23.70215
        ]
      },
      "properties": {
        "id": "osm-node-821928816",
        "name": "Katchpur",
        "name_bn": "কাঁচপুর",
        "level": "place",
        "place": "village",
        "status": "official",
        "confidence": "high",
        "source_url": "https://www.openstreetmap.org/node/821928816",
        "source_license": "ODbL (OpenStreetMap contributors)",
        "retrieved_at": "2026-08-23T10:14:09Z"
      }
    },
    {
      "type": "Feature",
      "geometry": {
        "type": "Point",
        "coordinates": [
          90.50233,
          23.62496
        ]
      },
      "properties": {
        "id": "osm-node-825618800",
        "name": "Mission Para",
        "name_bn": "মিশন পারা",
        "level": "place",
        "place": "village",
        "status": "official",
        "confidence": "high",
        "source_url": "https://www.openstreetmap.org/node/825618800",
        "source_license": "ODbL (OpenStreetMap contributors)",
        "retrieved_at": "2026-08-23T10:14:09Z"
      }
    },
    {
      "type": "Feature",
      "geometry": {
        "type": "Point",
        "coordinates": [
          90.51997,
          23.63186
        ]
      },
      "properties": {
        "id": "osm-node-826125224",
        "name": "Nobigonj",
        "name_bn": "নবীগঞ্জ",
        "level": "place",
        "place": "village",
        "status": "official",
        "confidence": "high",
        "source_url": "https://www.openstreetmap.org/node/826125224",
        "source_license": "ODbL (OpenStreetMap contributors)",
        "retrieved_at": "2026-08-23T10:14:09Z"
      }
    },
    {
      "type": "Feature",
      "geometry": {
        "type": "Point",
        "coordinates": [
          90.4169,
          23.78055
        ]
      },
      "properties": {
        "id": "osm-node-1575361828",
        "name": "Gulshan 1",
        "name_bn": "গুলশান ১",
        "level": "place",
        "place": "quarter",
        "status": "official",
        "confidence": "high",
        "source_url": "https://www.openstreetmap.org/node/1575361828",
        "source_license": "ODbL (OpenStreetMap contributors)",
        "retrieved_at": "2026-08-23T10:14:09Z"
      }
    },
    {
      "type": "Feature",
      "geometry": {
        "type": "Point",
        "coordinates": [
          90.42328,
          23.75065
        ]
      },
      "properties": {
        "id": "osm-node-2822082507",
        "name": "Khilgaon",
        "name_bn": "খিলগাঁও",
        "level": "place",
        "place": "suburb",
        "status": "official",
        "confidence": "high",
        "source_url": "https://www.openstreetmap.org/node/2822082507",
        "source_license": "ODbL (OpenStreetMap contributors)",
        "retrieved_at": "2026-08-23T10:14:09Z"
      }
    },
    {
      "type": "Feature",
      "geometry": {
        "type": "Point",
        "coordinates": [
          90.38934,
          23.72708
        ]
      },
      "properties": {
        "id": "osm-node-3006696194",
        "name": "Polashi",
        "name_bn": "পলাশী",
        "level": "place",
        "place": "neighbourhood",
        "status": "official",
        "confidence": "high",
        "source_url": "https://www.openstreetmap.org/node/3006696194",
        "source_license": "ODbL (OpenStreetMap contributors)",
        "retrieved_at": "2026-08-23T10:14:09Z"
      }
    },
    {
      "type": "Feature",
      "geometry": {
        "type": "Point",
        "coordinates": [
          90.41175,
          23.75306
        ]
      },
      "properties": {
        "id": "osm-node-3093677117",
        "name": "T&T Colony",
        "name_bn": "টিএন্ডটি কলোনী",
        "level": "place",
        "place": "quarter",
        "status": "official",
        "confidence": "high",
        "source_url": "https://www.openstreetmap.org/node/3093677117",
        "source_license": "ODbL (OpenStreetMap contributors)",
        "retrieved_at": "2026-08-23T10:14:09Z"
      }
    },
    {
      "type": "Feature",
      "geometry": {
        "type": "Point",
        "coordinates": [
          90.41838,
          23.89203
        ]
      },
      "properties": {
        "id": "osm-node-3104950871",
        "name": "Miraspur",
        "name_bn": "মিরাসপাড়া",
        "level": "place",
        "place": "neighbourhood",
        "status": "official",
        "confidence": "high",
        "source_url": "https://www.openstreetmap.org/node/3104950871",
        "source_license": "ODbL (OpenStreetMap contributors)",
        "retrieved_at": "2026-08-23T10:14:09Z"
      }
    },
    {
      "type": "Feature",
      "geometry": {
        "type": "Point",
        "coordinates": [
          90.4098,
          23.88798
        ]
      },
      "properties": {
        "id": "osm-node-3104950872",
        "name": "East Arishpur",
        "name_bn": "পূর্ব আর্শিপুর",
        "level": "place",
        "place": "neighbourhood",
        "status": "official",
        "confidence": "high",
        "source_url": "https://www.openstreetmap.org/node/3104950872",
        "source_license": "ODbL (OpenStreetMap contributors)",
        "retrieved_at": "2026-08-23T10:14:09Z"
      }
    },
    {
      "type": "Feature",
      "geometry": {
        "type": "Point",
        "coordinates": [
          90.40541,
          23.88851
        ]
      },
      "properties": {
        "id": "osm-node-3104950873",
        "name": "Purbo Arichpur",
        "name_bn": "পূর্ব আরিচপুর",
        "level": "place",
        "place": "neighbourhood",
        "status": "official",
        "confidence": "high",
        "source_url": "https://www.openstreetmap.org/node/3104950873",
        "source_license": "ODbL (OpenStreetMap contributors)",
        "retrieved_at": "2026-08-23T10:14:09Z"
      }
    },
    {
      "type": "Feature",
      "geometry": {
        "type": "Point",
        "coordinates": [
          90.36396,
          23.73904
        ]
      },
      "properties": {
        "id": "osm-node-3298693542",
        "name": "Sonatangor",
        "name_bn": "সনাতনগড়",
        "level": "place",
        "place": "quarter",
        "status": "official",
        "confidence": "high",
        "source_url": "https://www.openstreetmap.org/node/3298693542",
        "source_license": "ODbL (OpenStreetMap contributors)",
        "retrieved_at": "2026-08-23T10:14:09Z"
      }
    },
    {
      "type": "Feature",
      "geometry": {
        "type": "Point",
        "coordinates": [
          90.36182,
          23.73014
        ]
      },
      "properties": {
        "id": "osm-node-3313809466",
        "name": "Bhuiyan Estate",
        "name_bn": "ভূঁইয়া এস্টেট",
        "level": "place",
        "place": "neighbourhood",
        "status": "official",
        "confidence": "high",
        "source_url": "https://www.openstreetmap.org/node/3313809466",
        "source_license": "ODbL (OpenStreetMap contributors)",
        "retrieved_at": "2026-08-23T10:14:09Z"
      }
    },
    {
      "type": "Feature",
      "geometry": {
        "type": "Point",
        "coordinates": [
          90.36838,
          23.72952
        ]
      },
      "properties": {
        "id": "osm-node-3313837648",
        "name": "Bottola",
        "name_bn": "বটতলা",
        "level": "place",
        "place": "neighbourhood",
        "status": "official",
        "confidence": "high",
        "source_url": "https://www.openstreetmap.org/node/3313837648",
        "source_license": "ODbL (OpenStreetMap contributors)",
        "retrieved_at": "2026-08-23T10:14:09Z"
      }
    },
    {
      "type": "Feature",
      "geometry": {
        "type": "Point",
        "coordinates": [
          90.36688,
          23.73176
        ]
      },
      "properties": {
        "id": "osm-node-3313848052",
        "name": "Nobipur",
        "name_bn": "নবীপুর",
        "level": "place",
        "place": "neighbourhood",
        "status": "official",
        "confidence": "high",
        "source_url": "https://www.openstreetmap.org/node/3313848052",
        "source_license": "ODbL (OpenStreetMap contributors)",
        "retrieved_at": "2026-08-23T10:14:09Z"
      }
    },
    {
      "type": "Feature",
      "geometry": {
        "type": "Point",
        "coordinates": [
          90.35987,
          23.73252
        ]
      },
      "properties": {
        "id": "osm-node-3313863536",
        "name": "Jhau Chor",
        "name_bn": "ঝাউ চর",
        "level": "place",
        "place": "quarter",
        "status": "official",
        "confidence": "high",
        "source_url": "https://www.openstreetmap.org/node/3313863536",
        "source_license": "ODbL (OpenStreetMap contributors)",
        "retrieved_at": "2026-08-23T10:14:09Z"
      }
    },
    {
      "type": "Feature",
      "geometry": {
        "type": "Point",
        "coordinates": [
          90.36866,
          23.73919
        ]
      },
      "properties": {
        "id": "osm-node-3313905928",
        "name": "Maneshwar",
        "name_bn": "মনেশ্বর",
        "level": "place",
        "place": "quarter",
        "status": "official",
        "confidence": "high",
        "source_url": "https://www.openstreetmap.org/node/3313905928",
        "source_license": "ODbL (OpenStreetMap contributors)",
        "retrieved_at": "2026-08-23T10:14:09Z"
      }
    },
    {
      "type": "Feature",
      "geometry": {
        "type": "Point",
        "coordinates": [
          90.36442,
          23.73443
        ]
      },
      "properties": {
        "id": "osm-node-3313941306",
        "name": "Gazmahal",
        "name_bn": "গজমহল",
        "level": "place",
        "place": "quarter",
        "status": "official",
        "confidence": "high",
        "source_url": "https://www.openstreetmap.org/node/3313941306",
        "source_license": "ODbL (OpenStreetMap contributors)",
        "retrieved_at": "2026-08-23T10:14:09Z"
      }
    },
    {
      "type": "Feature",
      "geometry": {
        "type": "Point",
        "coordinates": [
          90.35762,
          23.74026
        ]
      },
      "properties": {
        "id": "osm-node-3313941307",
        "name": "Sikdar Estate",
        "name_bn": "শিকদার এস্টেট",
        "level": "place",
        "place": "neighbourhood",
        "status": "official",
        "confidence": "high",
        "source_url": "https://www.openstreetmap.org/node/3313941307",
        "source_license": "ODbL (OpenStreetMap contributors)",
        "retrieved_at": "2026-08-23T10:14:09Z"
      }
    },
    {
      "type": "Feature",
      "geometry": {
        "type": "Point",
        "coordinates": [
          90.36416,
          23.7432
        ]
      },
      "properties": {
        "id": "osm-node-3313951250",
        "name": "Nimtola",
        "name_bn": "নিমতলা",
        "level": "place",
        "place": "neighbourhood",
        "status": "official",
        "confidence": "high",
        "source_url": "https://www.openstreetmap.org/node/3313951250",
        "source_license": "ODbL (OpenStreetMap contributors)",
        "retrieved_at": "2026-08-23T10:14:09Z"
      }
    },
    {
      "type": "Feature",
      "geometry": {
        "type": "Point",
        "coordinates": [
          90.36774,
          23.73548
        ]
      },
      "properties": {
        "id": "osm-node-3313961085",
        "name": "Hazaribagh Tannery Area",
        "name_bn": "হাজারীবাগ ট্যানারি এলাকা",
        "level": "place",
        "place": "neighbourhood",
        "status": "official",
        "confidence": "high",
        "source_url": "https://www.openstreetmap.org/node/3313961085",
        "source_license": "ODbL (OpenStreetMap contributors)",
        "retrieved_at": "2026-08-23T10:14:09Z"
      }
    },
    {
      "type": "Feature",
      "geometry": {
        "type": "Point",
        "coordinates": [
          90.37955,
          23.709
        ]
      },
      "properties": {
        "id": "osm-node-3314087803",
        "name": "Noorbagh",
        "name_bn": "নূরবাগ",
        "level": "place",
        "place": "quarter",
        "status": "official",
        "confidence": "high",
        "source_url": "https://www.openstreetmap.org/node/3314087803",
        "source_license": "ODbL (OpenStreetMap contributors)",
        "retrieved_at": "2026-08-23T10:14:09Z"
      }
    },
    {
      "type": "Feature",
      "geometry": {
        "type": "Point",
        "coordinates": [
          90.36364,
          23.73539
        ]
      },
      "properties": {
        "id": "osm-node-3332768487",
        "name": "Shikaritola Slum",
        "name_bn": "শিকারিতলা বস্তি",
        "level": "place",
        "place": "neighbourhood",
        "status": "official",
        "confidence": "high",
        "source_url": "https://www.openstreetmap.org/node/3332768487",
        "source_license": "ODbL (OpenStreetMap contributors)",
        "retrieved_at": "2026-08-23T10:14:09Z"
      }
    },
    {
      "type": "Feature",
      "geometry": {
        "type": "Point",
        "coordinates": [
          90.36841,
          23.73198
        ]
      },
      "properties": {
        "id": "osm-node-3374308396",
        "name": "Hazaribagh",
        "name_bn": "হাজারীবাগ",
        "level": "place",
        "place": "suburb",
        "status": "official",
        "confidence": "high",
        "source_url": "https://www.openstreetmap.org/node/3374308396",
        "source_license": "ODbL (OpenStreetMap contributors)",
        "retrieved_at": "2026-08-23T10:14:09Z"
      }
    },
    {
      "type": "Feature",
      "geometry": {
        "type": "Point",
        "coordinates": [
          90.45128,
          23.72801
        ]
      },
      "properties": {
        "id": "osm-node-3396191063",
        "name": "Green Model Town",
        "name_bn": "গ্রীন মডেল টাউন",
        "level": "place",
        "place": "suburb",
        "status": "official",
        "confidence": "high",
        "source_url": "https://www.openstreetmap.org/node/3396191063",
        "source_license": "ODbL (OpenStreetMap contributors)",
        "retrieved_at": "2026-08-23T10:14:09Z"
      }
    },
    {
      "type": "Feature",
      "geometry": {
        "type": "Point",
        "coordinates": [
          90.41142,
          23.73176
        ]
      },
      "properties": {
        "id": "osm-node-3396195793",
        "name": "Paltan",
        "name_bn": "পল্টন",
        "level": "place",
        "place": "suburb",
        "status": "official",
        "confidence": "high",
        "source_url": "https://www.openstreetmap.org/node/3396195793",
        "source_license": "ODbL (OpenStreetMap contributors)",
        "retrieved_at": "2026-08-23T10:14:09Z"
      }
    },
    {
      "type": "Feature",
      "geometry": {
        "type": "Point",
        "coordinates": [
          90.36133,
          23.78068
        ]
      },
      "properties": {
        "id": "osm-node-3808575870",
        "name": "Kallyanpur",
        "name_bn": "কল্যাণপুর",
        "level": "place",
        "place": "suburb",
        "status": "official",
        "confidence": "high",
        "source_url": "https://www.openstreetmap.org/node/3808575870",
        "source_license": "ODbL (OpenStreetMap contributors)",
        "retrieved_at": "2026-08-23T10:14:09Z"
      }
    },
    {
      "type": "Feature",
      "geometry": {
        "type": "Point",
        "coordinates": [
          90.29585,
          24.02738
        ]
      },
      "properties": {
        "id": "osm-node-3977928803",
        "name": "Mouchak",
        "name_bn": "মৌচাক",
        "level": "place",
        "place": "village",
        "status": "official",
        "confidence": "high",
        "source_url": "https://www.openstreetmap.org/node/3977928803",
        "source_license": "ODbL (OpenStreetMap contributors)",
        "retrieved_at": "2026-08-23T10:14:09Z"
      }
    },
    {
      "type": "Feature",
      "geometry": {
        "type": "Point",
        "coordinates": [
          90.31711,
          23.98795
        ]
      },
      "properties": {
        "id": "osm-node-3977978772",
        "name": "Kashimpur",
        "name_bn": "কাশিমপুর",
        "level": "place",
        "place": "village",
        "status": "official",
        "confidence": "high",
        "source_url": "https://www.openstreetmap.org/node/3977978772",
        "source_license": "ODbL (OpenStreetMap contributors)",
        "retrieved_at": "2026-08-23T10:14:09Z"
      }
    },
    {
      "type": "Feature",
      "geometry": {
        "type": "Point",
        "coordinates": [
          90.419,
          23.76275
        ]
      },
      "properties": {
        "id": "osm-node-4009099573",
        "name": "Polashbagh",
        "name_bn": "পলাশবাগ",
        "level": "place",
        "place": "neighbourhood",
        "status": "official",
        "confidence": "high",
        "source_url": "https://www.openstreetmap.org/node/4009099573",
        "source_license": "ODbL (OpenStreetMap contributors)",
        "retrieved_at": "2026-08-23T10:14:09Z"
      }
    },
    {
      "type": "Feature",
      "geometry": {
        "type": "Point",
        "coordinates": [
          90.37214,
          23.81792
        ]
      },
      "properties": {
        "id": "osm-node-4310456538",
        "name": "Mirpur 11",
        "name_bn": "মিরপুর ১১",
        "level": "place",
        "place": "quarter",
        "status": "official",
        "confidence": "high",
        "source_url": "https://www.openstreetmap.org/node/4310456538",
        "source_license": "ODbL (OpenStreetMap contributors)",
        "retrieved_at": "2026-08-23T10:14:09Z"
      }
    },
    {
      "type": "Feature",
      "geometry": {
        "type": "Point",
        "coordinates": [
          90.38518,
          23.83377
        ]
      },
      "properties": {
        "id": "osm-node-4362144964",
        "name": "Taltola",
        "name_bn": "তালতলা",
        "level": "place",
        "place": "neighbourhood",
        "status": "official",
        "confidence": "high",
        "source_url": "https://www.openstreetmap.org/node/4362144964",
        "source_license": "ODbL (OpenStreetMap contributors)",
        "retrieved_at": "2026-08-23T10:14:09Z"
      }
    },
    {
      "type": "Feature",
      "geometry": {
        "type": "Point",
        "coordinates": [
          90.37012,
          23.73701
        ]
      },
      "properties": {
        "id": "osm-node-4408556637",
        "name": "Nijhum Residential Area",
        "name_bn": "নিঝুম আবাসিক এলাকা",
        "level": "place",
        "place": "neighbourhood",
        "status": "official",
        "confidence": "high",
        "source_url": "https://www.openstreetmap.org/node/4408556637",
        "source_license": "ODbL (OpenStreetMap contributors)",
        "retrieved_at": "2026-08-23T10:14:09Z"
      }
    },
    {
      "type": "Feature",
      "geometry": {
        "type": "Point",
        "coordinates": [
          90.37286,
          23.7901
        ]
      },
      "properties": {
        "id": "osm-node-4421025500",
        "name": "West Shewrapara",
        "name_bn": "পশ্চিম শেওড়াপাড়া",
        "level": "place",
        "place": "quarter",
        "status": "official",
        "confidence": "high",
        "source_url": "https://www.openstreetmap.org/node/4421025500",
        "source_license": "ODbL (OpenStreetMap contributors)",
        "retrieved_at": "2026-08-23T10:14:09Z"
      }
    },
    {
      "type": "Feature",
      "geometry": {
        "type": "Point",
        "coordinates": [
          90.42506,
          23.72182
        ]
      },
      "properties": {
        "id": "osm-node-4422610156",
        "name": "Gopibag",
        "name_bn": "গোপীবাগ",
        "level": "place",
        "place": "suburb",
        "status": "official",
        "confidence": "high",
        "source_url": "https://www.openstreetmap.org/node/4422610156",
        "source_license": "ODbL (OpenStreetMap contributors)",
        "retrieved_at": "2026-08-23T10:14:09Z"
      }
    },
    {
      "type": "Feature",
      "geometry": {
        "type": "Point",
        "coordinates": [
          90.36972,
          23.82538
        ]
      },
      "properties": {
        "id": "osm-node-4423517137",
        "name": "Mirpur 12",
        "name_bn": "মিরপুর ১২",
        "level": "place",
        "place": "quarter",
        "status": "official",
        "confidence": "high",
        "source_url": "https://www.openstreetmap.org/node/4423517137",
        "source_license": "ODbL (OpenStreetMap contributors)",
        "retrieved_at": "2026-08-23T10:14:09Z"
      }
    },
    {
      "type": "Feature",
      "geometry": {
        "type": "Point",
        "coordinates": [
          90.37604,
          23.79923
        ]
      },
      "properties": {
        "id": "osm-node-4468158721",
        "name": "East Kazipara",
        "name_bn": "পূর্ব কাজীপাড়া",
        "level": "place",
        "place": "quarter",
        "status": "official",
        "confidence": "high",
        "source_url": "https://www.openstreetmap.org/node/4468158721",
        "source_license": "ODbL (OpenStreetMap contributors)",
        "retrieved_at": "2026-08-23T10:14:09Z"
      }
    },
    {
      "type": "Feature",
      "geometry": {
        "type": "Point",
        "coordinates": [
          90.36543,
          23.7744
        ]
      },
      "properties": {
        "id": "osm-node-4594967589",
        "name": "Shyamoli",
        "name_bn": "শ্যামলী",
        "level": "place",
        "place": "suburb",
        "status": "official",
        "confidence": "high",
        "source_url": "https://www.openstreetmap.org/node/4594967589",
        "source_license": "ODbL (OpenStreetMap contributors)",
        "retrieved_at": "2026-08-23T10:14:09Z"
      }
    },
    {
      "type": "Feature",
      "geometry": {
        "type": "Point",
        "coordinates": [
          90.37765,
          23.88317
        ]
      },
      "properties": {
        "id": "osm-node-4881246278",
        "name": "Dhorongartek",
        "name_bn": "ধরাংগারটেক",
        "level": "place",
        "place": "quarter",
        "status": "official",
        "confidence": "high",
        "source_url": "https://www.openstreetmap.org/node/4881246278",
        "source_license": "ODbL (OpenStreetMap contributors)",
        "retrieved_at": "2026-08-23T10:14:09Z"
      }
    },
    {
      "type": "Feature",
      "geometry": {
        "type": "Point",
        "coordinates": [
          90.4172,
          23.73312
        ]
      },
      "properties": {
        "id": "osm-node-4907143421",
        "name": "Fakirapool",
        "name_bn": "ফকিরাপুল",
        "level": "place",
        "place": "suburb",
        "status": "official",
        "confidence": "high",
        "source_url": "https://www.openstreetmap.org/node/4907143421",
        "source_license": "ODbL (OpenStreetMap contributors)",
        "retrieved_at": "2026-08-23T10:14:09Z"
      }
    },
    {
      "type": "Feature",
      "geometry": {
        "type": "Point",
        "coordinates": [
          90.36324,
          23.76367
        ]
      },
      "properties": {
        "id": "osm-node-4914582442",
        "name": "Mohammadpur",
        "name_bn": "মোহাম্মদপুর",
        "level": "place",
        "place": "suburb",
        "status": "official",
        "confidence": "high",
        "source_url": "https://www.openstreetmap.org/node/4914582442",
        "source_license": "ODbL (OpenStreetMap contributors)",
        "retrieved_at": "2026-08-23T10:14:09Z"
      }
    },
    {
      "type": "Feature",
      "geometry": {
        "type": "Point",
        "coordinates": [
          90.4228,
          23.85986
        ]
      },
      "properties": {
        "id": "osm-node-4954685546",
        "name": "Dokkhin Khan",
        "name_bn": "দক্ষিণ খান",
        "level": "place",
        "place": "suburb",
        "status": "official",
        "confidence": "high",
        "source_url": "https://www.openstreetmap.org/node/4954685546",
        "source_license": "ODbL (OpenStreetMap contributors)",
        "retrieved_at": "2026-08-23T10:14:09Z"
      }
    },
    {
      "type": "Feature",
      "geometry": {
        "type": "Point",
        "coordinates": [
          90.37509,
          23.78372
        ]
      },
      "properties": {
        "id": "osm-node-5054370483",
        "name": "Taltola",
        "name_bn": "তালতলা",
        "level": "place",
        "place": "neighbourhood",
        "status": "official",
        "confidence": "high",
        "source_url": "https://www.openstreetmap.org/node/5054370483",
        "source_license": "ODbL (OpenStreetMap contributors)",
        "retrieved_at": "2026-08-23T10:14:09Z"
      }
    },
    {
      "type": "Feature",
      "geometry": {
        "type": "Point",
        "coordinates": [
          90.40463,
          23.77947
        ]
      },
      "properties": {
        "id": "osm-node-5118172307",
        "name": "Mohakhali",
        "name_bn": "মহাখালী",
        "level": "place",
        "place": "suburb",
        "status": "official",
        "confidence": "high",
        "source_url": "https://www.openstreetmap.org/node/5118172307",
        "source_license": "ODbL (OpenStreetMap contributors)",
        "retrieved_at": "2026-08-23T10:14:09Z"
      }
    },
    {
      "type": "Feature",
      "geometry": {
        "type": "Point",
        "coordinates": [
          90.48079,
          23.69344
        ]
      },
      "properties": {
        "id": "osm-node-5131850021",
        "name": "Signboard",
        "name_bn": "সাইনবোর্ড",
        "level": "place",
        "place": "quarter",
        "status": "official",
        "confidence": "high",
        "source_url": "https://www.openstreetmap.org/node/5131850021",
        "source_license": "ODbL (OpenStreetMap contributors)",
        "retrieved_at": "2026-08-23T10:14:09Z"
      }
    },
    {
      "type": "Feature",
      "geometry": {
        "type": "Point",
        "coordinates": [
          90.37459,
          23.74791
        ]
      },
      "properties": {
        "id": "osm-node-5162463804",
        "name": "Dhanmondi",
        "name_bn": "ধানমন্ডি",
        "level": "place",
        "place": "suburb",
        "status": "official",
        "confidence": "high",
        "source_url": "https://www.openstreetmap.org/node/5162463804",
        "source_license": "ODbL (OpenStreetMap contributors)",
        "retrieved_at": "2026-08-23T10:14:09Z"
      }
    },
    {
      "type": "Feature",
      "geometry": {
        "type": "Point",
        "coordinates": [
          90.42627,
          23.7808
        ]
      },
      "properties": {
        "id": "osm-node-5162877236",
        "name": "Middle Badda",
        "name_bn": "মধ্য বাড্ডা",
        "level": "place",
        "place": "quarter",
        "status": "official",
        "confidence": "high",
        "source_url": "https://www.openstreetmap.org/node/5162877236",
        "source_license": "ODbL (OpenStreetMap contributors)",
        "retrieved_at": "2026-08-23T10:14:09Z"
      }
    },
    {
      "type": "Feature",
      "geometry": {
        "type": "Point",
        "coordinates": [
          90.42176,
          23.77509
        ]
      },
      "properties": {
        "id": "osm-node-5162877237",
        "name": "South Badda",
        "name_bn": "দক্ষিণ বাড্ডা",
        "level": "place",
        "place": "quarter",
        "status": "official",
        "confidence": "high",
        "source_url": "https://www.openstreetmap.org/node/5162877237",
        "source_license": "ODbL (OpenStreetMap contributors)",
        "retrieved_at": "2026-08-23T10:14:09Z"
      }
    },
    {
      "type": "Feature",
      "geometry": {
        "type": "Point",
        "coordinates": [
          90.4077,
          23.79032
        ]
      },
      "properties": {
        "id": "osm-node-5166963838",
        "name": "Banani",
        "name_bn": "বনানী",
        "level": "place",
        "place": "suburb",
        "status": "official",
        "confidence": "high",
        "source_url": "https://www.openstreetmap.org/node/5166963838",
        "source_license": "ODbL (OpenStreetMap contributors)",
        "retrieved_at": "2026-08-23T10:14:09Z"
      }
    },
    {
      "type": "Feature",
      "geometry": {
        "type": "Point",
        "coordinates": [
          90.43051,
          23.78422
        ]
      },
      "properties": {
        "id": "osm-node-5167233263",
        "name": "Badda",
        "name_bn": "বাড্ডা",
        "level": "place",
        "place": "suburb",
        "status": "official",
        "confidence": "high",
        "source_url": "https://www.openstreetmap.org/node/5167233263",
        "source_license": "ODbL (OpenStreetMap contributors)",
        "retrieved_at": "2026-08-23T10:14:09Z"
      }
    },
    {
      "type": "Feature",
      "geometry": {
        "type": "Point",
        "coordinates": [
          90.39368,
          23.8197
        ]
      },
      "properties": {
        "id": "osm-node-5185291301",
        "name": "Matikata",
        "name_bn": "মাটিকাটা",
        "level": "place",
        "place": "suburb",
        "status": "official",
        "confidence": "high",
        "source_url": "https://www.openstreetmap.org/node/5185291301",
        "source_license": "ODbL (OpenStreetMap contributors)",
        "retrieved_at": "2026-08-23T10:14:09Z"
      }
    },
    {
      "type": "Feature",
      "geometry": {
        "type": "Point",
        "coordinates": [
          90.39342,
          23.76985
        ]
      },
      "properties": {
        "id": "osm-node-5219237982",
        "name": "West Nakhalpara",
        "name_bn": "পশ্চিম নাখালপাড়া",
        "level": "place",
        "place": "quarter",
        "status": "official",
        "confidence": "high",
        "source_url": "https://www.openstreetmap.org/node/5219237982",
        "source_license": "ODbL (OpenStreetMap contributors)",
        "retrieved_at": "2026-08-23T10:14:09Z"
      }
    },
    {
      "type": "Feature",
      "geometry": {
        "type": "Point",
        "coordinates": [
          90.39864,
          23.77108
        ]
      },
      "properties": {
        "id": "osm-node-5219237983",
        "name": "East Nakhalpara",
        "name_bn": "পূর্ব নাখালপাড়া",
        "level": "place",
        "place": "quarter",
        "status": "official",
        "confidence": "high",
        "source_url": "https://www.openstreetmap.org/node/5219237983",
        "source_license": "ODbL (OpenStreetMap contributors)",
        "retrieved_at": "2026-08-23T10:14:09Z"
      }
    },
    {
      "type": "Feature",
      "geometry": {
        "type": "Point",
        "coordinates": [
          90.32586,
          23.73391
        ]
      },
      "properties": {
        "id": "osm-node-5219243567",
        "name": "Modhu City",
        "name_bn": "মধু সিটি",
        "level": "place",
        "place": "neighbourhood",
        "status": "official",
        "confidence": "high",
        "source_url": "https://www.openstreetmap.org/node/5219243567",
        "source_license": "ODbL (OpenStreetMap contributors)",
        "retrieved_at": "2026-08-23T10:14:09Z"
      }
    },
    {
      "type": "Feature",
      "geometry": {
        "type": "Point",
        "coordinates": [
          90.3424,
          23.821
        ]
      },
      "properties": {
        "id": "osm-node-5660209443",
        "name": "Goran Chatbari",
        "name_bn": "গোড়ান চটবাড়ী",
        "level": "place",
        "place": "quarter",
        "status": "official",
        "confidence": "high",
        "source_url": "https://www.openstreetmap.org/node/5660209443",
        "source_license": "ODbL (OpenStreetMap contributors)",
        "retrieved_at": "2026-08-23T10:14:09Z"
      }
    },
    {
      "type": "Feature",
      "geometry": {
        "type": "Point",
        "coordinates": [
          90.38252,
          23.94521
        ]
      },
      "properties": {
        "id": "osm-node-6046778831",
        "name": "Board Bazar",
        "name_bn": "বোর্ড বাজার",
        "level": "place",
        "place": "suburb",
        "status": "official",
        "confidence": "high",
        "source_url": "https://www.openstreetmap.org/node/6046778831",
        "source_license": "ODbL (OpenStreetMap contributors)",
        "retrieved_at": "2026-08-23T10:14:09Z"
      }
    },
    {
      "type": "Feature",
      "geometry": {
        "type": "Point",
        "coordinates": [
          90.47548,
          23.69496
        ]
      },
      "properties": {
        "id": "osm-node-6070046201",
        "name": "Matuail Newtown",
        "name_bn": "মাতুয়াইল নিউটাউন",
        "level": "place",
        "place": "quarter",
        "status": "official",
        "confidence": "high",
        "source_url": "https://www.openstreetmap.org/node/6070046201",
        "source_license": "ODbL (OpenStreetMap contributors)",
        "retrieved_at": "2026-08-23T10:14:09Z"
      }
    },
    {
      "type": "Feature",
      "geometry": {
        "type": "Point",
        "coordinates": [
          90.47879,
          23.69555
        ]
      },
      "properties": {
        "id": "osm-node-6074037576",
        "name": "Mahmudnagar",
        "name_bn": "মাহমুদনগর",
        "level": "place",
        "place": "neighbourhood",
        "status": "official",
        "confidence": "high",
        "source_url": "https://www.openstreetmap.org/node/6074037576",
        "source_license": "ODbL (OpenStreetMap contributors)",
        "retrieved_at": "2026-08-23T10:14:09Z"
      }
    },
    {
      "type": "Feature",
      "geometry": {
        "type": "Point",
        "coordinates": [
          90.57674,
          23.61714
        ]
      },
      "properties": {
        "id": "osm-node-6162865807",
        "name": "Mugar Chor",
        "name_bn": "মুগার চর",
        "level": "place",
        "place": "village",
        "status": "official",
        "confidence": "high",
        "source_url": "https://www.openstreetmap.org/node/6162865807",
        "source_license": "ODbL (OpenStreetMap contributors)",
        "retrieved_at": "2026-08-23T10:14:09Z"
      }
    },
    {
      "type": "Feature",
      "geometry": {
        "type": "Point",
        "coordinates": [
          90.5724,
          23.6193
        ]
      },
      "properties": {
        "id": "osm-node-6162865808",
        "name": "Menikhali",
        "name_bn": "মেনিখালী",
        "level": "place",
        "place": "village",
        "status": "official",
        "confidence": "high",
        "source_url": "https://www.openstreetmap.org/node/6162865808",
        "source_license": "ODbL (OpenStreetMap contributors)",
        "retrieved_at": "2026-08-23T10:14:09Z"
      }
    },
    {
      "type": "Feature",
      "geometry": {
        "type": "Point",
        "coordinates": [
          90.57449,
          23.62366
        ]
      },
      "properties": {
        "id": "osm-node-6162865809",
        "name": "Chowdhuri Gao",
        "name_bn": "চৌধুরীগাঁও",
        "level": "place",
        "place": "village",
        "status": "official",
        "confidence": "high",
        "source_url": "https://www.openstreetmap.org/node/6162865809",
        "source_license": "ODbL (OpenStreetMap contributors)",
        "retrieved_at": "2026-08-23T10:14:09Z"
      }
    },
    {
      "type": "Feature",
      "geometry": {
        "type": "Point",
        "coordinates": [
          90.55614,
          23.61547
        ]
      },
      "properties": {
        "id": "osm-node-6162919836",
        "name": "Mirkundi",
        "name_bn": null,
        "level": "place",
        "place": "village",
        "status": "official",
        "confidence": "high",
        "source_url": "https://www.openstreetmap.org/node/6162919836",
        "source_license": "ODbL (OpenStreetMap contributors)",
        "retrieved_at": "2026-08-23T10:14:09Z"
      }
    },
    {
      "type": "Feature",
      "geometry": {
        "type": "Point",
        "coordinates": [
          90.55205,
          23.61684
        ]
      },
      "properties": {
        "id": "osm-node-6162919837",
        "name": "Bibijhora",
        "name_bn": "বিবি জোহরা",
        "level": "place",
        "place": "village",
        "status": "official",
        "confidence": "high",
        "source_url": "https://www.openstreetmap.org/node/6162919837",
        "source_license": "ODbL (OpenStreetMap contributors)",
        "retrieved_at": "2026-08-23T10:14:09Z"
      }
    },
    {
      "type": "Feature",
      "geometry": {
        "type": "Point",
        "coordinates": [
          90.58494,
          23.70284
        ]
      },
      "properties": {
        "id": "osm-node-6163506015",
        "name": "Nanakhi Bazar",
        "name_bn": "নানাখি বাজার",
        "level": "place",
        "place": "neighbourhood",
        "status": "official",
        "confidence": "high",
        "source_url": "https://www.openstreetmap.org/node/6163506015",
        "source_license": "ODbL (OpenStreetMap contributors)",
        "retrieved_at": "2026-08-23T10:14:09Z"
      }
    },
    {
      "type": "Feature",
      "geometry": {
        "type": "Point",
        "coordinates": [
          90.55407,
          23.71481
        ]
      },
      "properties": {
        "id": "osm-node-6165175450",
        "name": "Chengail",
        "name_bn": "চেঙ্গাইল",
        "level": "place",
        "place": "suburb",
        "status": "official",
        "confidence": "high",
        "source_url": "https://www.openstreetmap.org/node/6165175450",
        "source_license": "ODbL (OpenStreetMap contributors)",
        "retrieved_at": "2026-08-23T10:14:09Z"
      }
    },
    {
      "type": "Feature",
      "geometry": {
        "type": "Point",
        "coordinates": [
          90.54703,
          23.69225
        ]
      },
      "properties": {
        "id": "osm-node-6165175451",
        "name": "Madanpur",
        "name_bn": "মদনপুর",
        "level": "place",
        "place": "village",
        "status": "official",
        "confidence": "high",
        "source_url": "https://www.openstreetmap.org/node/6165175451",
        "source_license": "ODbL (OpenStreetMap contributors)",
        "retrieved_at": "2026-08-23T10:14:09Z"
      }
    },
    {
      "type": "Feature",
      "geometry": {
        "type": "Point",
        "coordinates": [
          90.5163,
          23.6013
        ]
      },
      "properties": {
        "id": "osm-node-6177715123",
        "name": "Kalagachhia",
        "name_bn": "কলাগাছিয়া",
        "level": "place",
        "place": "village",
        "status": "official",
        "confidence": "high",
        "source_url": "https://www.openstreetmap.org/node/6177715123",
        "source_license": "ODbL (OpenStreetMap contributors)",
        "retrieved_at": "2026-08-23T10:14:09Z"
      }
    },
    {
      "type": "Feature",
      "geometry": {
        "type": "Point",
        "coordinates": [
          90.3686,
          23.71611
        ]
      },
      "properties": {
        "id": "osm-node-6348457685",
        "name": "Kamrangirchor",
        "name_bn": "কামরাঙ্গীরচর",
        "level": "place",
        "place": "suburb",
        "status": "official",
        "confidence": "high",
        "source_url": "https://www.openstreetmap.org/node/6348457685",
        "source_license": "ODbL (OpenStreetMap contributors)",
        "retrieved_at": "2026-08-23T10:14:09Z"
      }
    },
    {
      "type": "Feature",
      "geometry": {
        "type": "Point",
        "coordinates": [
          90.45659,
          23.80683
        ]
      },
      "properties": {
        "id": "osm-node-6355813569",
        "name": "Kathaldia",
        "name_bn": "কাঁঠালদিয়া",
        "level": "place",
        "place": "quarter",
        "status": "official",
        "confidence": "high",
        "source_url": "https://www.openstreetmap.org/node/6355813569",
        "source_license": "ODbL (OpenStreetMap contributors)",
        "retrieved_at": "2026-08-23T10:14:09Z"
      }
    },
    {
      "type": "Feature",
      "geometry": {
        "type": "Point",
        "coordinates": [
          90.42483,
          23.83167
        ]
      },
      "properties": {
        "id": "osm-node-6356798177",
        "name": "Khilkhet",
        "name_bn": "খিলক্ষেত",
        "level": "place",
        "place": "suburb",
        "status": "official",
        "confidence": "high",
        "source_url": "https://www.openstreetmap.org/node/6356798177",
        "source_license": "ODbL (OpenStreetMap contributors)",
        "retrieved_at": "2026-08-23T10:14:09Z"
      }
    },
    {
      "type": "Feature",
      "geometry": {
        "type": "Point",
        "coordinates": [
          90.49991,
          23.60916
        ]
      },
      "properties": {
        "id": "osm-node-6469630866",
        "name": "Aamhatta (Jallarpar)",
        "name_bn": "আমহট্ট",
        "level": "place",
        "place": "neighbourhood",
        "status": "official",
        "confidence": "high",
        "source_url": "https://www.openstreetmap.org/node/6469630866",
        "source_license": "ODbL (OpenStreetMap contributors)",
        "retrieved_at": "2026-08-23T10:14:09Z"
      }
    },
    {
      "type": "Feature",
      "geometry": {
        "type": "Point",
        "coordinates": [
          90.49816,
          23.60608
        ]
      },
      "properties": {
        "id": "osm-node-6483321402",
        "name": "Paikpara",
        "name_bn": "পাইকপাড়া",
        "level": "place",
        "place": "neighbourhood",
        "status": "official",
        "confidence": "high",
        "source_url": "https://www.openstreetmap.org/node/6483321402",
        "source_license": "ODbL (OpenStreetMap contributors)",
        "retrieved_at": "2026-08-23T10:14:09Z"
      }
    },
    {
      "type": "Feature",
      "geometry": {
        "type": "Point",
        "coordinates": [
          90.43912,
          23.74654
        ]
      },
      "properties": {
        "id": "osm-node-6500321342",
        "name": "North Madartek",
        "name_bn": "উত্তর মাদারটেক",
        "level": "place",
        "place": "quarter",
        "status": "official",
        "confidence": "high",
        "source_url": "https://www.openstreetmap.org/node/6500321342",
        "source_license": "ODbL (OpenStreetMap contributors)",
        "retrieved_at": "2026-08-23T10:14:09Z"
      }
    },
    {
      "type": "Feature",
      "geometry": {
        "type": "Point",
        "coordinates": [
          90.43193,
          23.74154
        ]
      },
      "properties": {
        "id": "osm-node-6500321343",
        "name": "Middle Bashabo",
        "name_bn": "মধ্য বাসাবো",
        "level": "place",
        "place": "quarter",
        "status": "official",
        "confidence": "high",
        "source_url": "https://www.openstreetmap.org/node/6500321343",
        "source_license": "ODbL (OpenStreetMap contributors)",
        "retrieved_at": "2026-08-23T10:14:09Z"
      }
    },
    {
      "type": "Feature",
      "geometry": {
        "type": "Point",
        "coordinates": [
          90.4278,
          23.72467
        ]
      },
      "properties": {
        "id": "osm-node-6517497240",
        "name": "Titipara",
        "name_bn": "টিটিপাড়া",
        "level": "place",
        "place": "neighbourhood",
        "status": "official",
        "confidence": "high",
        "source_url": "https://www.openstreetmap.org/node/6517497240",
        "source_license": "ODbL (OpenStreetMap contributors)",
        "retrieved_at": "2026-08-23T10:14:09Z"
      }
    },
    {
      "type": "Feature",
      "geometry": {
        "type": "Point",
        "coordinates": [
          90.42388,
          23.7385
        ]
      },
      "properties": {
        "id": "osm-node-6517554710",
        "name": "South Shahjahanpur",
        "name_bn": "দক্ষিণ শাহজাহানপুর",
        "level": "place",
        "place": "quarter",
        "status": "official",
        "confidence": "high",
        "source_url": "https://www.openstreetmap.org/node/6517554710",
        "source_license": "ODbL (OpenStreetMap contributors)",
        "retrieved_at": "2026-08-23T10:14:09Z"
      }
    },
    {
      "type": "Feature",
      "geometry": {
        "type": "Point",
        "coordinates": [
          90.42395,
          23.74186
        ]
      },
      "properties": {
        "id": "osm-node-6517559026",
        "name": "Shahjahanpur Railway Colony",
        "name_bn": "শাহজাহানপুর রেলওয়ে কলোনি",
        "level": "place",
        "place": "neighbourhood",
        "status": "official",
        "confidence": "high",
        "source_url": "https://www.openstreetmap.org/node/6517559026",
        "source_license": "ODbL (OpenStreetMap contributors)",
        "retrieved_at": "2026-08-23T10:14:09Z"
      }
    },
    {
      "type": "Feature",
      "geometry": {
        "type": "Point",
        "coordinates": [
          90.36008,
          23.79363
        ]
      },
      "properties": {
        "id": "osm-node-6538843560",
        "name": "Ahmed Nagar",
        "name_bn": "আহমেদ নগর",
        "level": "place",
        "place": "suburb",
        "status": "official",
        "confidence": "high",
        "source_url": "https://www.openstreetmap.org/node/6538843560",
        "source_license": "ODbL (OpenStreetMap contributors)",
        "retrieved_at": "2026-08-23T10:14:09Z"
      }
    },
    {
      "type": "Feature",
      "geometry": {
        "type": "Point",
        "coordinates": [
          90.35636,
          23.79747
        ]
      },
      "properties": {
        "id": "osm-node-6538843561",
        "name": "Shah Ali Bagh",
        "name_bn": "শাহ আলী বাগ",
        "level": "place",
        "place": "suburb",
        "status": "official",
        "confidence": "high",
        "source_url": "https://www.openstreetmap.org/node/6538843561",
        "source_license": "ODbL (OpenStreetMap contributors)",
        "retrieved_at": "2026-08-23T10:14:09Z"
      }
    },
    {
      "type": "Feature",
      "geometry": {
        "type": "Point",
        "coordinates": [
          90.36665,
          23.80076
        ]
      },
      "properties": {
        "id": "osm-node-6538859550",
        "name": "Monipur",
        "name_bn": "মনিপুর",
        "level": "place",
        "place": "suburb",
        "status": "official",
        "confidence": "high",
        "source_url": "https://www.openstreetmap.org/node/6538859550",
        "source_license": "ODbL (OpenStreetMap contributors)",
        "retrieved_at": "2026-08-23T10:14:09Z"
      }
    },
    {
      "type": "Feature",
      "geometry": {
        "type": "Point",
        "coordinates": [
          90.36032,
          23.80037
        ]
      },
      "properties": {
        "id": "osm-node-6538880411",
        "name": "Basati Housing",
        "name_bn": "বসতি হাউজিং",
        "level": "place",
        "place": "neighbourhood",
        "status": "official",
        "confidence": "high",
        "source_url": "https://www.openstreetmap.org/node/6538880411",
        "source_license": "ODbL (OpenStreetMap contributors)",
        "retrieved_at": "2026-08-23T10:14:09Z"
      }
    },
    {
      "type": "Feature",
      "geometry": {
        "type": "Point",
        "coordinates": [
          90.35803,
          23.79952
        ]
      },
      "properties": {
        "id": "osm-node-6538880412",
        "name": "Janata Housing",
        "name_bn": "জনতা হাউজিং",
        "level": "place",
        "place": "quarter",
        "status": "official",
        "confidence": "high",
        "source_url": "https://www.openstreetmap.org/node/6538880412",
        "source_license": "ODbL (OpenStreetMap contributors)",
        "retrieved_at": "2026-08-23T10:14:09Z"
      }
    },
    {
      "type": "Feature",
      "geometry": {
        "type": "Point",
        "coordinates": [
          90.36204,
          23.78579
        ]
      },
      "properties": {
        "id": "osm-node-6538882717",
        "name": "South Paikpara",
        "name_bn": "দক্ষিণ পাইকপাড়া",
        "level": "place",
        "place": "quarter",
        "status": "official",
        "confidence": "high",
        "source_url": "https://www.openstreetmap.org/node/6538882717",
        "source_license": "ODbL (OpenStreetMap contributors)",
        "retrieved_at": "2026-08-23T10:14:09Z"
      }
    },
    {
      "type": "Feature",
      "geometry": {
        "type": "Point",
        "coordinates": [
          90.36922,
          23.78598
        ]
      },
      "properties": {
        "id": "osm-node-6538882718",
        "name": "South Pirerbag",
        "name_bn": "দক্ষিণ পীরেরবাগ",
        "level": "place",
        "place": "quarter",
        "status": "official",
        "confidence": "high",
        "source_url": "https://www.openstreetmap.org/node/6538882718",
        "source_license": "ODbL (OpenStreetMap contributors)",
        "retrieved_at": "2026-08-23T10:14:09Z"
      }
    },
    {
      "type": "Feature",
      "geometry": {
        "type": "Point",
        "coordinates": [
          90.36545,
          23.77841
        ]
      },
      "properties": {
        "id": "osm-node-6538882719",
        "name": "North Shyamoli",
        "name_bn": "উত্তর শ্যামলী",
        "level": "place",
        "place": "quarter",
        "status": "official",
        "confidence": "high",
        "source_url": "https://www.openstreetmap.org/node/6538882719",
        "source_license": "ODbL (OpenStreetMap contributors)",
        "retrieved_at": "2026-08-23T10:14:09Z"
      }
    },
    {
      "type": "Feature",
      "geometry": {
        "type": "Point",
        "coordinates": [
          90.36206,
          23.80249
        ]
      },
      "properties": {
        "id": "osm-node-6538885127",
        "name": "Borobagh",
        "name_bn": "বড়বাগ",
        "level": "place",
        "place": "suburb",
        "status": "official",
        "confidence": "high",
        "source_url": "https://www.openstreetmap.org/node/6538885127",
        "source_license": "ODbL (OpenStreetMap contributors)",
        "retrieved_at": "2026-08-23T10:14:09Z"
      }
    },
    {
      "type": "Feature",
      "geometry": {
        "type": "Point",
        "coordinates": [
          90.36435,
          23.79703
        ]
      },
      "properties": {
        "id": "osm-node-6538886598",
        "name": "West Monipur",
        "name_bn": "পশ্চিম মনিপুর",
        "level": "place",
        "place": "quarter",
        "status": "official",
        "confidence": "high",
        "source_url": "https://www.openstreetmap.org/node/6538886598",
        "source_license": "ODbL (OpenStreetMap contributors)",
        "retrieved_at": "2026-08-23T10:14:09Z"
      }
    },
    {
      "type": "Feature",
      "geometry": {
        "type": "Point",
        "coordinates": [
          90.36739,
          23.79544
        ]
      },
      "properties": {
        "id": "osm-node-6538907196",
        "name": "South Monipur",
        "name_bn": "দক্ষিণ মনিপুর",
        "level": "place",
        "place": "quarter",
        "status": "official",
        "confidence": "high",
        "source_url": "https://www.openstreetmap.org/node/6538907196",
        "source_license": "ODbL (OpenStreetMap contributors)",
        "retrieved_at": "2026-08-23T10:14:09Z"
      }
    },
    {
      "type": "Feature",
      "geometry": {
        "type": "Point",
        "coordinates": [
          90.35983,
          23.79005
        ]
      },
      "properties": {
        "id": "osm-node-6548896383",
        "name": "Middle Paikpara",
        "name_bn": "মধ্য পাইকপাড়া",
        "level": "place",
        "place": "quarter",
        "status": "official",
        "confidence": "high",
        "source_url": "https://www.openstreetmap.org/node/6548896383",
        "source_license": "ODbL (OpenStreetMap contributors)",
        "retrieved_at": "2026-08-23T10:14:09Z"
      }
    },
    {
      "type": "Feature",
      "geometry": {
        "type": "Point",
        "coordinates": [
          90.36855,
          23.78048
        ]
      },
      "properties": {
        "id": "osm-node-6548896871",
        "name": "West Agaragaon",
        "name_bn": "পশ্চিম আগারগাঁও",
        "level": "place",
        "place": "quarter",
        "status": "official",
        "confidence": "high",
        "source_url": "https://www.openstreetmap.org/node/6548896871",
        "source_license": "ODbL (OpenStreetMap contributors)",
        "retrieved_at": "2026-08-23T10:14:09Z"
      }
    },
    {
      "type": "Feature",
      "geometry": {
        "type": "Point",
        "coordinates": [
          90.37568,
          23.77279
        ]
      },
      "properties": {
        "id": "osm-node-6548910409",
        "name": "Sher-E-Bangla Nagar",
        "name_bn": "শের-এ-বাংলা নগর",
        "level": "place",
        "place": "suburb",
        "status": "official",
        "confidence": "high",
        "source_url": "https://www.openstreetmap.org/node/6548910409",
        "source_license": "ODbL (OpenStreetMap contributors)",
        "retrieved_at": "2026-08-23T10:14:09Z"
      }
    },
    {
      "type": "Feature",
      "geometry": {
        "type": "Point",
        "coordinates": [
          90.35172,
          23.76828
        ]
      },
      "properties": {
        "id": "osm-node-6642896630",
        "name": "Abdul Rafiq Housing",
        "name_bn": "আব্দুল রফিক হাউজিং",
        "level": "place",
        "place": "neighbourhood",
        "status": "official",
        "confidence": "high",
        "source_url": "https://www.openstreetmap.org/node/6642896630",
        "source_license": "ODbL (OpenStreetMap contributors)",
        "retrieved_at": "2026-08-23T10:14:09Z"
      }
    },
    {
      "type": "Feature",
      "geometry": {
        "type": "Point",
        "coordinates": [
          90.35017,
          23.76842
        ]
      },
      "properties": {
        "id": "osm-node-6642910891",
        "name": "Mofizbagh Housing",
        "name_bn": "মফিজবাগ হাউজিং",
        "level": "place",
        "place": "neighbourhood",
        "status": "official",
        "confidence": "high",
        "source_url": "https://www.openstreetmap.org/node/6642910891",
        "source_license": "ODbL (OpenStreetMap contributors)",
        "retrieved_at": "2026-08-23T10:14:09Z"
      }
    },
    {
      "type": "Feature",
      "geometry": {
        "type": "Point",
        "coordinates": [
          90.36898,
          23.83719
        ]
      },
      "properties": {
        "id": "osm-node-6716131866",
        "name": "Mirpur DOHS",
        "name_bn": "মিরপুর ডিওএইচএস",
        "level": "place",
        "place": "quarter",
        "status": "official",
        "confidence": "high",
        "source_url": "https://www.openstreetmap.org/node/6716131866",
        "source_license": "ODbL (OpenStreetMap contributors)",
        "retrieved_at": "2026-08-23T10:14:09Z"
      }
    },
    {
      "type": "Feature",
      "geometry": {
        "type": "Point",
        "coordinates": [
          90.35312,
          23.8235
        ]
      },
      "properties": {
        "id": "osm-node-6717737216",
        "name": "Pallabi 2",
        "name_bn": "পল্লবী ২",
        "level": "place",
        "place": "quarter",
        "status": "official",
        "confidence": "high",
        "source_url": "https://www.openstreetmap.org/node/6717737216",
        "source_license": "ODbL (OpenStreetMap contributors)",
        "retrieved_at": "2026-08-23T10:14:09Z"
      }
    },
    {
      "type": "Feature",
      "geometry": {
        "type": "Point",
        "coordinates": [
          90.35991,
          23.82323
        ]
      },
      "properties": {
        "id": "osm-node-6717767693",
        "name": "Extended Pallabi",
        "name_bn": "বর্ধিত পল্লবী",
        "level": "place",
        "place": "quarter",
        "status": "official",
        "confidence": "high",
        "source_url": "https://www.openstreetmap.org/node/6717767693",
        "source_license": "ODbL (OpenStreetMap contributors)",
        "retrieved_at": "2026-08-23T10:14:09Z"
      }
    },
    {
      "type": "Feature",
      "geometry": {
        "type": "Point",
        "coordinates": [
          90.35798,
          23.82499
        ]
      },
      "properties": {
        "id": "osm-node-6717775240",
        "name": "Pallabi",
        "name_bn": "পল্লবী",
        "level": "place",
        "place": "suburb",
        "status": "official",
        "confidence": "high",
        "source_url": "https://www.openstreetmap.org/node/6717775240",
        "source_license": "ODbL (OpenStreetMap contributors)",
        "retrieved_at": "2026-08-23T10:14:09Z"
      }
    },
    {
      "type": "Feature",
      "geometry": {
        "type": "Point",
        "coordinates": [
          90.50276,
          23.61688
        ]
      },
      "properties": {
        "id": "osm-node-6728951049",
        "name": "Dighu Babur Bazaar",
        "name_bn": null,
        "level": "place",
        "place": "neighbourhood",
        "status": "official",
        "confidence": "high",
        "source_url": "https://www.openstreetmap.org/node/6728951049",
        "source_license": "ODbL (OpenStreetMap contributors)",
        "retrieved_at": "2026-08-23T10:14:09Z"
      }
    },
    {
      "type": "Feature",
      "geometry": {
        "type": "Point",
        "coordinates": [
          90.50376,
          23.61255
        ]
      },
      "properties": {
        "id": "osm-node-6730021153",
        "name": "Bihari Camp",
        "name_bn": "বিহারি ক্যাম্প",
        "level": "place",
        "place": "neighbourhood",
        "status": "official",
        "confidence": "high",
        "source_url": "https://www.openstreetmap.org/node/6730021153",
        "source_license": "ODbL (OpenStreetMap contributors)",
        "retrieved_at": "2026-08-23T10:14:09Z"
      }
    },
    {
      "type": "Feature",
      "geometry": {
        "type": "Point",
        "coordinates": [
          90.50402,
          23.61329
        ]
      },
      "properties": {
        "id": "osm-node-6730021154",
        "name": "Noyamati",
        "name_bn": "নয়ামাটি",
        "level": "place",
        "place": "neighbourhood",
        "status": "official",
        "confidence": "high",
        "source_url": "https://www.openstreetmap.org/node/6730021154",
        "source_license": "ODbL (OpenStreetMap contributors)",
        "retrieved_at": "2026-08-23T10:14:09Z"
      }
    },
    {
      "type": "Feature",
      "geometry": {
        "type": "Point",
        "coordinates": [
          90.50257,
          23.61063
        ]
      },
      "properties": {
        "id": "osm-node-6730252493",
        "name": "Mondol Para",
        "name_bn": "মণ্ডল পাড়া",
        "level": "place",
        "place": "neighbourhood",
        "status": "official",
        "confidence": "high",
        "source_url": "https://www.openstreetmap.org/node/6730252493",
        "source_license": "ODbL (OpenStreetMap contributors)",
        "retrieved_at": "2026-08-23T10:14:09Z"
      }
    },
    {
      "type": "Feature",
      "geometry": {
        "type": "Point",
        "coordinates": [
          90.3846,
          23.78605
        ]
      },
      "properties": {
        "id": "osm-node-6752954208",
        "name": "South Kafrul",
        "name_bn": "দক্ষিণ কাফরুল",
        "level": "place",
        "place": "quarter",
        "status": "official",
        "confidence": "high",
        "source_url": "https://www.openstreetmap.org/node/6752954208",
        "source_license": "ODbL (OpenStreetMap contributors)",
        "retrieved_at": "2026-08-23T10:14:09Z"
      }
    },
    {
      "type": "Feature",
      "geometry": {
        "type": "Point",
        "coordinates": [
          90.3756,
          23.78492
        ]
      },
      "properties": {
        "id": "osm-node-6752955724",
        "name": "West Kafrul",
        "name_bn": "পশ্চিম কাফরুল",
        "level": "place",
        "place": "quarter",
        "status": "official",
        "confidence": "high",
        "source_url": "https://www.openstreetmap.org/node/6752955724",
        "source_license": "ODbL (OpenStreetMap contributors)",
        "retrieved_at": "2026-08-23T10:14:09Z"
      }
    },
    {
      "type": "Feature",
      "geometry": {
        "type": "Point",
        "coordinates": [
          90.38427,
          23.79133
        ]
      },
      "properties": {
        "id": "osm-node-6752955725",
        "name": "North Kafrul",
        "name_bn": "উত্তর কাফরুল",
        "level": "place",
        "place": "quarter",
        "status": "official",
        "confidence": "high",
        "source_url": "https://www.openstreetmap.org/node/6752955725",
        "source_license": "ODbL (OpenStreetMap contributors)",
        "retrieved_at": "2026-08-23T10:14:09Z"
      }
    },
    {
      "type": "Feature",
      "geometry": {
        "type": "Point",
        "coordinates": [
          90.37194,
          23.80415
        ]
      },
      "properties": {
        "id": "osm-node-6758638999",
        "name": "Senpara Porbota",
        "name_bn": "সেনপাড়া পর্বতা",
        "level": "place",
        "place": "suburb",
        "status": "official",
        "confidence": "high",
        "source_url": "https://www.openstreetmap.org/node/6758638999",
        "source_license": "ODbL (OpenStreetMap contributors)",
        "retrieved_at": "2026-08-23T10:14:09Z"
      }
    },
    {
      "type": "Feature",
      "geometry": {
        "type": "Point",
        "coordinates": [
          90.45303,
          23.74486
        ]
      },
      "properties": {
        "id": "osm-node-6772706913",
        "name": "East Nandipara",
        "name_bn": "পূর্ব নন্দিপাড়া",
        "level": "place",
        "place": "quarter",
        "status": "official",
        "confidence": "high",
        "source_url": "https://www.openstreetmap.org/node/6772706913",
        "source_license": "ODbL (OpenStreetMap contributors)",
        "retrieved_at": "2026-08-23T10:14:09Z"
      }
    },
    {
      "type": "Feature",
      "geometry": {
        "type": "Point",
        "coordinates": [
          90.4403,
          23.74563
        ]
      },
      "properties": {
        "id": "osm-node-6772711306",
        "name": "Elahibag",
        "name_bn": "এলাহিবাগ",
        "level": "place",
        "place": "neighbourhood",
        "status": "official",
        "confidence": "high",
        "source_url": "https://www.openstreetmap.org/node/6772711306",
        "source_license": "ODbL (OpenStreetMap contributors)",
        "retrieved_at": "2026-08-23T10:14:09Z"
      }
    },
    {
      "type": "Feature",
      "geometry": {
        "type": "Point",
        "coordinates": [
          90.3717,
          23.78581
        ]
      },
      "properties": {
        "id": "osm-node-6784312557",
        "name": "Mukti Housing",
        "name_bn": "মুক্তি হাউজিং",
        "level": "place",
        "place": "neighbourhood",
        "status": "official",
        "confidence": "high",
        "source_url": "https://www.openstreetmap.org/node/6784312557",
        "source_license": "ODbL (OpenStreetMap contributors)",
        "retrieved_at": "2026-08-23T10:14:09Z"
      }
    },
    {
      "type": "Feature",
      "geometry": {
        "type": "Point",
        "coordinates": [
          90.41208,
          23.7249
        ]
      },
      "properties": {
        "id": "osm-node-6786775142",
        "name": "Gulistan",
        "name_bn": "গুলিস্তান",
        "level": "place",
        "place": "suburb",
        "status": "official",
        "confidence": "high",
        "source_url": "https://www.openstreetmap.org/node/6786775142",
        "source_license": "ODbL (OpenStreetMap contributors)",
        "retrieved_at": "2026-08-23T10:14:09Z"
      }
    },
    {
      "type": "Feature",
      "geometry": {
        "type": "Point",
        "coordinates": [
          90.4087,
          23.75049
        ]
      },
      "properties": {
        "id": "osm-node-6789206142",
        "name": "Wireless",
        "name_bn": "ওয়ারলেস",
        "level": "place",
        "place": "neighbourhood",
        "status": "official",
        "confidence": "high",
        "source_url": "https://www.openstreetmap.org/node/6789206142",
        "source_license": "ODbL (OpenStreetMap contributors)",
        "retrieved_at": "2026-08-23T10:14:09Z"
      }
    },
    {
      "type": "Feature",
      "geometry": {
        "type": "Point",
        "coordinates": [
          90.42401,
          23.74074
        ]
      },
      "properties": {
        "id": "osm-node-6834351428",
        "name": "Shahjahanpur",
        "name_bn": "শাহজাহানপুর",
        "level": "place",
        "place": "suburb",
        "status": "official",
        "confidence": "high",
        "source_url": "https://www.openstreetmap.org/node/6834351428",
        "source_license": "ODbL (OpenStreetMap contributors)",
        "retrieved_at": "2026-08-23T10:14:09Z"
      }
    },
    {
      "type": "Feature",
      "geometry": {
        "type": "Point",
        "coordinates": [
          90.41671,
          23.84533
        ]
      },
      "properties": {
        "id": "osm-node-6904597258",
        "name": "CAAB Colony",
        "name_bn": "ক্যাব কলোনি",
        "level": "place",
        "place": "neighbourhood",
        "status": "official",
        "confidence": "high",
        "source_url": "https://www.openstreetmap.org/node/6904597258",
        "source_license": "ODbL (OpenStreetMap contributors)",
        "retrieved_at": "2026-08-23T10:14:09Z"
      }
    },
    {
      "type": "Feature",
      "geometry": {
        "type": "Point",
        "coordinates": [
          90.42538,
          23.85828
        ]
      },
      "properties": {
        "id": "osm-node-6904613980",
        "name": "Amtola",
        "name_bn": "আমতলা",
        "level": "place",
        "place": "neighbourhood",
        "status": "official",
        "confidence": "high",
        "source_url": "https://www.openstreetmap.org/node/6904613980",
        "source_license": "ODbL (OpenStreetMap contributors)",
        "retrieved_at": "2026-08-23T10:14:09Z"
      }
    },
    {
      "type": "Feature",
      "geometry": {
        "type": "Point",
        "coordinates": [
          90.40579,
          23.82519
        ]
      },
      "properties": {
        "id": "osm-node-6904636076",
        "name": "Kurmitola",
        "name_bn": "কুর্মিটোলা",
        "level": "place",
        "place": "suburb",
        "status": "official",
        "confidence": "high",
        "source_url": "https://www.openstreetmap.org/node/6904636076",
        "source_license": "ODbL (OpenStreetMap contributors)",
        "retrieved_at": "2026-08-23T10:14:09Z"
      }
    },
    {
      "type": "Feature",
      "geometry": {
        "type": "Point",
        "coordinates": [
          90.41889,
          23.85172
        ]
      },
      "properties": {
        "id": "osm-node-6904660707",
        "name": "Ashkona",
        "name_bn": "আশকোনা",
        "level": "place",
        "place": "quarter",
        "status": "official",
        "confidence": "high",
        "source_url": "https://www.openstreetmap.org/node/6904660707",
        "source_license": "ODbL (OpenStreetMap contributors)",
        "retrieved_at": "2026-08-23T10:14:09Z"
      }
    },
    {
      "type": "Feature",
      "geometry": {
        "type": "Point",
        "coordinates": [
          90.42428,
          23.85513
        ]
      },
      "properties": {
        "id": "osm-node-6904672400",
        "name": "Taltola",
        "name_bn": null,
        "level": "place",
        "place": "neighbourhood",
        "status": "official",
        "confidence": "high",
        "source_url": "https://www.openstreetmap.org/node/6904672400",
        "source_license": "ODbL (OpenStreetMap contributors)",
        "retrieved_at": "2026-08-23T10:14:09Z"
      }
    },
    {
      "type": "Feature",
      "geometry": {
        "type": "Point",
        "coordinates": [
          90.42777,
          23.85678
        ]
      },
      "properties": {
        "id": "osm-node-6904689596",
        "name": "Naddapara",
        "name_bn": "নদ্দাপাড়া",
        "level": "place",
        "place": "quarter",
        "status": "official",
        "confidence": "high",
        "source_url": "https://www.openstreetmap.org/node/6904689596",
        "source_license": "ODbL (OpenStreetMap contributors)",
        "retrieved_at": "2026-08-23T10:14:09Z"
      }
    },
    {
      "type": "Feature",
      "geometry": {
        "type": "Point",
        "coordinates": [
          90.42413,
          23.85784
        ]
      },
      "properties": {
        "id": "osm-node-6904691212",
        "name": "Ainusbag",
        "name_bn": null,
        "level": "place",
        "place": "neighbourhood",
        "status": "official",
        "confidence": "high",
        "source_url": "https://www.openstreetmap.org/node/6904691212",
        "source_license": "ODbL (OpenStreetMap contributors)",
        "retrieved_at": "2026-08-23T10:14:09Z"
      }
    },
    {
      "type": "Feature",
      "geometry": {
        "type": "Point",
        "coordinates": [
          90.43275,
          23.85926
        ]
      },
      "properties": {
        "id": "osm-node-6904706450",
        "name": "Sonakhola",
        "name_bn": "সোনাখোলা",
        "level": "place",
        "place": "quarter",
        "status": "official",
        "confidence": "high",
        "source_url": "https://www.openstreetmap.org/node/6904706450",
        "source_license": "ODbL (OpenStreetMap contributors)",
        "retrieved_at": "2026-08-23T10:14:09Z"
      }
    },
    {
      "type": "Feature",
      "geometry": {
        "type": "Point",
        "coordinates": [
          90.4279,
          23.84777
        ]
      },
      "properties": {
        "id": "osm-node-6904706467",
        "name": "Ashiyan City",
        "name_bn": "আশিয়ান সিটি",
        "level": "place",
        "place": "quarter",
        "status": "official",
        "confidence": "high",
        "source_url": "https://www.openstreetmap.org/node/6904706467",
        "source_license": "ODbL (OpenStreetMap contributors)",
        "retrieved_at": "2026-08-23T10:14:09Z"
      }
    },
    {
      "type": "Feature",
      "geometry": {
        "type": "Point",
        "coordinates": [
          90.41918,
          23.82428
        ]
      },
      "properties": {
        "id": "osm-node-6904716435",
        "name": "Nikunja 1",
        "name_bn": "নিকুঞ্জ ১",
        "level": "place",
        "place": "neighbourhood",
        "status": "official",
        "confidence": "high",
        "source_url": "https://www.openstreetmap.org/node/6904716435",
        "source_license": "ODbL (OpenStreetMap contributors)",
        "retrieved_at": "2026-08-23T10:14:09Z"
      }
    },
    {
      "type": "Feature",
      "geometry": {
        "type": "Point",
        "coordinates": [
          90.41717,
          23.8323
        ]
      },
      "properties": {
        "id": "osm-node-6904716905",
        "name": "Nikunja 2",
        "name_bn": "নিকুঞ্জ ২",
        "level": "place",
        "place": "neighbourhood",
        "status": "official",
        "confidence": "high",
        "source_url": "https://www.openstreetmap.org/node/6904716905",
        "source_license": "ODbL (OpenStreetMap contributors)",
        "retrieved_at": "2026-08-23T10:14:09Z"
      }
    },
    {
      "type": "Feature",
      "geometry": {
        "type": "Point",
        "coordinates": [
          90.43166,
          23.8348
        ]
      },
      "properties": {
        "id": "osm-node-6904754297",
        "name": "Namapara",
        "name_bn": "নামাপাড়া",
        "level": "place",
        "place": "quarter",
        "status": "official",
        "confidence": "high",
        "source_url": "https://www.openstreetmap.org/node/6904754297",
        "source_license": "ODbL (OpenStreetMap contributors)",
        "retrieved_at": "2026-08-23T10:14:09Z"
      }
    },
    {
      "type": "Feature",
      "geometry": {
        "type": "Point",
        "coordinates": [
          90.42862,
          23.86595
        ]
      },
      "properties": {
        "id": "osm-node-6904776945",
        "name": "Madhyapara",
        "name_bn": "মধ্যপাড়া",
        "level": "place",
        "place": "quarter",
        "status": "official",
        "confidence": "high",
        "source_url": "https://www.openstreetmap.org/node/6904776945",
        "source_license": "ODbL (OpenStreetMap contributors)",
        "retrieved_at": "2026-08-23T10:14:09Z"
      }
    },
    {
      "type": "Feature",
      "geometry": {
        "type": "Point",
        "coordinates": [
          90.42733,
          23.8626
        ]
      },
      "properties": {
        "id": "osm-node-6904778869",
        "name": "Nowapara",
        "name_bn": "নোয়াপাড়া",
        "level": "place",
        "place": "quarter",
        "status": "official",
        "confidence": "high",
        "source_url": "https://www.openstreetmap.org/node/6904778869",
        "source_license": "ODbL (OpenStreetMap contributors)",
        "retrieved_at": "2026-08-23T10:14:09Z"
      }
    },
    {
      "type": "Feature",
      "geometry": {
        "type": "Point",
        "coordinates": [
          90.424,
          23.86592
        ]
      },
      "properties": {
        "id": "osm-node-6904798689",
        "name": "Mollapara",
        "name_bn": "মোল্লাপাড়া",
        "level": "place",
        "place": "quarter",
        "status": "official",
        "confidence": "high",
        "source_url": "https://www.openstreetmap.org/node/6904798689",
        "source_license": "ODbL (OpenStreetMap contributors)",
        "retrieved_at": "2026-08-23T10:14:09Z"
      }
    },
    {
      "type": "Feature",
      "geometry": {
        "type": "Point",
        "coordinates": [
          90.4425,
          23.88143
        ]
      },
      "properties": {
        "id": "osm-node-6904801437",
        "name": "Moinartek",
        "name_bn": "মৈনারটেক",
        "level": "place",
        "place": "quarter",
        "status": "official",
        "confidence": "high",
        "source_url": "https://www.openstreetmap.org/node/6904801437",
        "source_license": "ODbL (OpenStreetMap contributors)",
        "retrieved_at": "2026-08-23T10:14:09Z"
      }
    },
    {
      "type": "Feature",
      "geometry": {
        "type": "Point",
        "coordinates": [
          90.42789,
          23.86858
        ]
      },
      "properties": {
        "id": "osm-node-6904801438",
        "name": "Madarbari",
        "name_bn": "মাদারবাড়ি",
        "level": "place",
        "place": "quarter",
        "status": "official",
        "confidence": "high",
        "source_url": "https://www.openstreetmap.org/node/6904801438",
        "source_license": "ODbL (OpenStreetMap contributors)",
        "retrieved_at": "2026-08-23T10:14:09Z"
      }
    },
    {
      "type": "Feature",
      "geometry": {
        "type": "Point",
        "coordinates": [
          90.42418,
          23.87098
        ]
      },
      "properties": {
        "id": "osm-node-6904801439",
        "name": "Bhuiyan Para",
        "name_bn": "ভূঁইয়া পাড়া",
        "level": "place",
        "place": "neighbourhood",
        "status": "official",
        "confidence": "high",
        "source_url": "https://www.openstreetmap.org/node/6904801439",
        "source_license": "ODbL (OpenStreetMap contributors)",
        "retrieved_at": "2026-08-23T10:14:09Z"
      }
    },
    {
      "type": "Feature",
      "geometry": {
        "type": "Point",
        "coordinates": [
          90.44121,
          23.89421
        ]
      },
      "properties": {
        "id": "osm-node-6904831436",
        "name": "Mausaid",
        "name_bn": "মাউসাইদ",
        "level": "place",
        "place": "suburb",
        "status": "official",
        "confidence": "high",
        "source_url": "https://www.openstreetmap.org/node/6904831436",
        "source_license": "ODbL (OpenStreetMap contributors)",
        "retrieved_at": "2026-08-23T10:14:09Z"
      }
    },
    {
      "type": "Feature",
      "geometry": {
        "type": "Point",
        "coordinates": [
          90.40724,
          23.88098
        ]
      },
      "properties": {
        "id": "osm-node-6904846587",
        "name": "Kotbari Bazar",
        "name_bn": "কোটবাড়ী বাজার",
        "level": "place",
        "place": "neighbourhood",
        "status": "official",
        "confidence": "high",
        "source_url": "https://www.openstreetmap.org/node/6904846587",
        "source_license": "ODbL (OpenStreetMap contributors)",
        "retrieved_at": "2026-08-23T10:14:09Z"
      }
    },
    {
      "type": "Feature",
      "geometry": {
        "type": "Point",
        "coordinates": [
          90.41218,
          23.87757
        ]
      },
      "properties": {
        "id": "osm-node-6904846588",
        "name": "Faydabad",
        "name_bn": "ফায়দাবাদ",
        "level": "place",
        "place": "suburb",
        "status": "official",
        "confidence": "high",
        "source_url": "https://www.openstreetmap.org/node/6904846588",
        "source_license": "ODbL (OpenStreetMap contributors)",
        "retrieved_at": "2026-08-23T10:14:09Z"
      }
    },
    {
      "type": "Feature",
      "geometry": {
        "type": "Point",
        "coordinates": [
          90.42016,
          23.87987
        ]
      },
      "properties": {
        "id": "osm-node-6904846589",
        "name": "Atipara",
        "name_bn": "আটিপাড়া",
        "level": "place",
        "place": "quarter",
        "status": "official",
        "confidence": "high",
        "source_url": "https://www.openstreetmap.org/node/6904846589",
        "source_license": "ODbL (OpenStreetMap contributors)",
        "retrieved_at": "2026-08-23T10:14:09Z"
      }
    },
    {
      "type": "Feature",
      "geometry": {
        "type": "Point",
        "coordinates": [
          90.41819,
          23.88276
        ]
      },
      "properties": {
        "id": "osm-node-6904846590",
        "name": "Rajabari",
        "name_bn": "রাজাবাড়ী",
        "level": "place",
        "place": "quarter",
        "status": "official",
        "confidence": "high",
        "source_url": "https://www.openstreetmap.org/node/6904846590",
        "source_license": "ODbL (OpenStreetMap contributors)",
        "retrieved_at": "2026-08-23T10:14:09Z"
      }
    },
    {
      "type": "Feature",
      "geometry": {
        "type": "Point",
        "coordinates": [
          90.45946,
          23.86932
        ]
      },
      "properties": {
        "id": "osm-node-6904982115",
        "name": "Amaia",
        "name_bn": "আমাইয়া",
        "level": "place",
        "place": "neighbourhood",
        "status": "official",
        "confidence": "high",
        "source_url": "https://www.openstreetmap.org/node/6904982115",
        "source_license": "ODbL (OpenStreetMap contributors)",
        "retrieved_at": "2026-08-23T10:14:09Z"
      }
    },
    {
      "type": "Feature",
      "geometry": {
        "type": "Point",
        "coordinates": [
          90.46692,
          23.86099
        ]
      },
      "properties": {
        "id": "osm-node-6904982116",
        "name": "Bhaturia",
        "name_bn": "ভাটুরিয়া",
        "level": "place",
        "place": "quarter",
        "status": "official",
        "confidence": "high",
        "source_url": "https://www.openstreetmap.org/node/6904982116",
        "source_license": "ODbL (OpenStreetMap contributors)",
        "retrieved_at": "2026-08-23T10:14:09Z"
      }
    },
    {
      "type": "Feature",
      "geometry": {
        "type": "Point",
        "coordinates": [
          90.45918,
          23.86539
        ]
      },
      "properties": {
        "id": "osm-node-6904982117",
        "name": "Poradia",
        "name_bn": null,
        "level": "place",
        "place": "neighbourhood",
        "status": "official",
        "confidence": "high",
        "source_url": "https://www.openstreetmap.org/node/6904982117",
        "source_license": "ODbL (OpenStreetMap contributors)",
        "retrieved_at": "2026-08-23T10:14:09Z"
      }
    },
    {
      "type": "Feature",
      "geometry": {
        "type": "Point",
        "coordinates": [
          90.45486,
          23.86198
        ]
      },
      "properties": {
        "id": "osm-node-6904982118",
        "name": "Bepari Para",
        "name_bn": null,
        "level": "place",
        "place": "neighbourhood",
        "status": "official",
        "confidence": "high",
        "source_url": "https://www.openstreetmap.org/node/6904982118",
        "source_license": "ODbL (OpenStreetMap contributors)",
        "retrieved_at": "2026-08-23T10:14:09Z"
      }
    },
    {
      "type": "Feature",
      "geometry": {
        "type": "Point",
        "coordinates": [
          90.45645,
          23.86281
        ]
      },
      "properties": {
        "id": "osm-node-6904982119",
        "name": "Kanchkura",
        "name_bn": null,
        "level": "place",
        "place": "quarter",
        "status": "official",
        "confidence": "high",
        "source_url": "https://www.openstreetmap.org/node/6904982119",
        "source_license": "ODbL (OpenStreetMap contributors)",
        "retrieved_at": "2026-08-23T10:14:09Z"
      }
    },
    {
      "type": "Feature",
      "geometry": {
        "type": "Point",
        "coordinates": [
          90.43491,
          23.87315
        ]
      },
      "properties": {
        "id": "osm-node-6905005795",
        "name": "Uttar Khan",
        "name_bn": "উত্তর খান",
        "level": "place",
        "place": "suburb",
        "status": "official",
        "confidence": "high",
        "source_url": "https://www.openstreetmap.org/node/6905005795",
        "source_license": "ODbL (OpenStreetMap contributors)",
        "retrieved_at": "2026-08-23T10:14:09Z"
      }
    },
    {
      "type": "Feature",
      "geometry": {
        "type": "Point",
        "coordinates": [
          90.46036,
          23.86015
        ]
      },
      "properties": {
        "id": "osm-node-6905005796",
        "name": "Gulgula",
        "name_bn": null,
        "level": "place",
        "place": "neighbourhood",
        "status": "official",
        "confidence": "high",
        "source_url": "https://www.openstreetmap.org/node/6905005796",
        "source_license": "ODbL (OpenStreetMap contributors)",
        "retrieved_at": "2026-08-23T10:14:09Z"
      }
    },
    {
      "type": "Feature",
      "geometry": {
        "type": "Point",
        "coordinates": [
          90.47263,
          23.82437
        ]
      },
      "properties": {
        "id": "osm-node-6920832276",
        "name": "Nur Para",
        "name_bn": "নুরপাড়া",
        "level": "place",
        "place": "neighbourhood",
        "status": "official",
        "confidence": "high",
        "source_url": "https://www.openstreetmap.org/node/6920832276",
        "source_license": "ODbL (OpenStreetMap contributors)",
        "retrieved_at": "2026-08-23T10:14:09Z"
      }
    },
    {
      "type": "Feature",
      "geometry": {
        "type": "Point",
        "coordinates": [
          90.47236,
          23.82854
        ]
      },
      "properties": {
        "id": "osm-node-6920873825",
        "name": "Paschim Hajipara",
        "name_bn": "পশ্চিম হাজিপাড়া",
        "level": "place",
        "place": "neighbourhood",
        "status": "official",
        "confidence": "high",
        "source_url": "https://www.openstreetmap.org/node/6920873825",
        "source_license": "ODbL (OpenStreetMap contributors)",
        "retrieved_at": "2026-08-23T10:14:09Z"
      }
    },
    {
      "type": "Feature",
      "geometry": {
        "type": "Point",
        "coordinates": [
          90.41993,
          23.73015
        ]
      },
      "properties": {
        "id": "osm-node-6923865801",
        "name": "Arambag",
        "name_bn": "আরামবাগ",
        "level": "place",
        "place": "quarter",
        "status": "official",
        "confidence": "high",
        "source_url": "https://www.openstreetmap.org/node/6923865801",
        "source_license": "ODbL (OpenStreetMap contributors)",
        "retrieved_at": "2026-08-23T10:14:09Z"
      }
    },
    {
      "type": "Feature",
      "geometry": {
        "type": "Point",
        "coordinates": [
          90.4248,
          23.7304
        ]
      },
      "properties": {
        "id": "osm-node-6924452088",
        "name": "Kamalapur",
        "name_bn": "কমলাপুর",
        "level": "place",
        "place": "suburb",
        "status": "official",
        "confidence": "high",
        "source_url": "https://www.openstreetmap.org/node/6924452088",
        "source_license": "ODbL (OpenStreetMap contributors)",
        "retrieved_at": "2026-08-23T10:14:09Z"
      }
    },
    {
      "type": "Feature",
      "geometry": {
        "type": "Point",
        "coordinates": [
          90.49778,
          23.73372
        ]
      },
      "properties": {
        "id": "osm-node-7404478020",
        "name": "Chanpara",
        "name_bn": "চনপাড়া",
        "level": "place",
        "place": "suburb",
        "status": "official",
        "confidence": "high",
        "source_url": "https://www.openstreetmap.org/node/7404478020",
        "source_license": "ODbL (OpenStreetMap contributors)",
        "retrieved_at": "2026-08-23T10:14:09Z"
      }
    },
    {
      "type": "Feature",
      "geometry": {
        "type": "Point",
        "coordinates": [
          90.39671,
          23.60324
        ]
      },
      "properties": {
        "id": "osm-node-7559147590",
        "name": "Latabdi",
        "name_bn": null,
        "level": "place",
        "place": "village",
        "status": "official",
        "confidence": "high",
        "source_url": "https://www.openstreetmap.org/node/7559147590",
        "source_license": "ODbL (OpenStreetMap contributors)",
        "retrieved_at": "2026-08-23T10:14:09Z"
      }
    },
    {
      "type": "Feature",
      "geometry": {
        "type": "Point",
        "coordinates": [
          90.36521,
          23.62086
        ]
      },
      "properties": {
        "id": "osm-node-7559147591",
        "name": "Basail",
        "name_bn": null,
        "level": "place",
        "place": "village",
        "status": "official",
        "confidence": "high",
        "source_url": "https://www.openstreetmap.org/node/7559147591",
        "source_license": "ODbL (OpenStreetMap contributors)",
        "retrieved_at": "2026-08-23T10:14:09Z"
      }
    },
    {
      "type": "Feature",
      "geometry": {
        "type": "Point",
        "coordinates": [
          90.30968,
          23.63753
        ]
      },
      "properties": {
        "id": "osm-node-7559147592",
        "name": "Rajanagar",
        "name_bn": null,
        "level": "place",
        "place": "village",
        "status": "official",
        "confidence": "high",
        "source_url": "https://www.openstreetmap.org/node/7559147592",
        "source_license": "ODbL (OpenStreetMap contributors)",
        "retrieved_at": "2026-08-23T10:14:09Z"
      }
    },
    {
      "type": "Feature",
      "geometry": {
        "type": "Point",
        "coordinates": [
          90.31011,
          23.60072
        ]
      },
      "properties": {
        "id": "osm-node-7559147593",
        "name": "Hasara",
        "name_bn": null,
        "level": "place",
        "place": "village",
        "status": "official",
        "confidence": "high",
        "source_url": "https://www.openstreetmap.org/node/7559147593",
        "source_license": "ODbL (OpenStreetMap contributors)",
        "retrieved_at": "2026-08-23T10:14:09Z"
      }
    },
    {
      "type": "Feature",
      "geometry": {
        "type": "Point",
        "coordinates": [
          90.31105,
          23.81739
        ]
      },
      "properties": {
        "id": "osm-node-7559147603",
        "name": "Banagram",
        "name_bn": "বনগ্রাম",
        "level": "place",
        "place": "village",
        "status": "official",
        "confidence": "high",
        "source_url": "https://www.openstreetmap.org/node/7559147603",
        "source_license": "ODbL (OpenStreetMap contributors)",
        "retrieved_at": "2026-08-23T10:14:09Z"
      }
    },
    {
      "type": "Feature",
      "geometry": {
        "type": "Point",
        "coordinates": [
          90.28273,
          23.76958
        ]
      },
      "properties": {
        "id": "osm-node-7562554651",
        "name": "Bhakurta",
        "name_bn": "ভাকুর্তা",
        "level": "place",
        "place": "village",
        "status": "official",
        "confidence": "high",
        "source_url": "https://www.openstreetmap.org/node/7562554651",
        "source_license": "ODbL (OpenStreetMap contributors)",
        "retrieved_at": "2026-08-23T10:14:09Z"
      }
    },
    {
      "type": "Feature",
      "geometry": {
        "type": "Point",
        "coordinates": [
          90.38894,
          23.73765
        ]
      },
      "properties": {
        "id": "osm-node-7880933181",
        "name": "Katabon",
        "name_bn": "কাঁটাবন",
        "level": "place",
        "place": "quarter",
        "status": "official",
        "confidence": "high",
        "source_url": "https://www.openstreetmap.org/node/7880933181",
        "source_license": "ODbL (OpenStreetMap contributors)",
        "retrieved_at": "2026-08-23T10:14:09Z"
      }
    },
    {
      "type": "Feature",
      "geometry": {
        "type": "Point",
        "coordinates": [
          90.48071,
          23.72539
        ]
      },
      "properties": {
        "id": "osm-node-8483930222",
        "name": "Paity",
        "name_bn": "পাইটি",
        "level": "place",
        "place": "suburb",
        "status": "official",
        "confidence": "high",
        "source_url": "https://www.openstreetmap.org/node/8483930222",
        "source_license": "ODbL (OpenStreetMap contributors)",
        "retrieved_at": "2026-08-23T10:14:09Z"
      }
    },
    {
      "type": "Feature",
      "geometry": {
        "type": "Point",
        "coordinates": [
          90.4974,
          23.72849
        ]
      },
      "properties": {
        "id": "osm-node-8483986158",
        "name": "Demra",
        "name_bn": "ডেমরা",
        "level": "place",
        "place": "suburb",
        "status": "official",
        "confidence": "high",
        "source_url": "https://www.openstreetmap.org/node/8483986158",
        "source_license": "ODbL (OpenStreetMap contributors)",
        "retrieved_at": "2026-08-23T10:14:09Z"
      }
    },
    {
      "type": "Feature",
      "geometry": {
        "type": "Point",
        "coordinates": [
          90.36548,
          23.78857
        ]
      },
      "properties": {
        "id": "osm-node-8889514796",
        "name": "Shimultola",
        "name_bn": "শিমুলতলা",
        "level": "place",
        "place": "neighbourhood",
        "status": "official",
        "confidence": "high",
        "source_url": "https://www.openstreetmap.org/node/8889514796",
        "source_license": "ODbL (OpenStreetMap contributors)",
        "retrieved_at": "2026-08-23T10:14:09Z"
      }
    },
    {
      "type": "Feature",
      "geometry": {
        "type": "Point",
        "coordinates": [
          90.36667,
          23.78889
        ]
      },
      "properties": {
        "id": "osm-node-8889587807",
        "name": "Middle Pirerbag",
        "name_bn": "মধ্য পীরেরবাগ",
        "level": "place",
        "place": "quarter",
        "status": "official",
        "confidence": "high",
        "source_url": "https://www.openstreetmap.org/node/8889587807",
        "source_license": "ODbL (OpenStreetMap contributors)",
        "retrieved_at": "2026-08-23T10:14:09Z"
      }
    },
    {
      "type": "Feature",
      "geometry": {
        "type": "Point",
        "coordinates": [
          90.36503,
          23.78709
        ]
      },
      "properties": {
        "id": "osm-node-8948933297",
        "name": "Jhilpar",
        "name_bn": "ঝিলপাড়",
        "level": "place",
        "place": "neighbourhood",
        "status": "official",
        "confidence": "high",
        "source_url": "https://www.openstreetmap.org/node/8948933297",
        "source_license": "ODbL (OpenStreetMap contributors)",
        "retrieved_at": "2026-08-23T10:14:09Z"
      }
    },
    {
      "type": "Feature",
      "geometry": {
        "type": "Point",
        "coordinates": [
          90.36536,
          23.79193
        ]
      },
      "properties": {
        "id": "osm-node-8948933298",
        "name": "North Pirerbag",
        "name_bn": "উত্তর পীরেরবাগ",
        "level": "place",
        "place": "quarter",
        "status": "official",
        "confidence": "high",
        "source_url": "https://www.openstreetmap.org/node/8948933298",
        "source_license": "ODbL (OpenStreetMap contributors)",
        "retrieved_at": "2026-08-23T10:14:09Z"
      }
    },
    {
      "type": "Feature",
      "geometry": {
        "type": "Point",
        "coordinates": [
          90.36198,
          23.78908
        ]
      },
      "properties": {
        "id": "osm-node-8948933299",
        "name": "Bow Bazar",
        "name_bn": "বউ বাজার",
        "level": "place",
        "place": "neighbourhood",
        "status": "official",
        "confidence": "high",
        "source_url": "https://www.openstreetmap.org/node/8948933299",
        "source_license": "ODbL (OpenStreetMap contributors)",
        "retrieved_at": "2026-08-23T10:14:09Z"
      }
    },
    {
      "type": "Feature",
      "geometry": {
        "type": "Point",
        "coordinates": [
          90.4212,
          23.72726
        ]
      },
      "properties": {
        "id": "osm-node-8953203672",
        "name": "Motijheel",
        "name_bn": "মতিঝিল",
        "level": "place",
        "place": "suburb",
        "status": "official",
        "confidence": "high",
        "source_url": "https://www.openstreetmap.org/node/8953203672",
        "source_license": "ODbL (OpenStreetMap contributors)",
        "retrieved_at": "2026-08-23T10:14:09Z"
      }
    },
    {
      "type": "Feature",
      "geometry": {
        "type": "Point",
        "coordinates": [
          90.36409,
          23.81236
        ]
      },
      "properties": {
        "id": "osm-node-8953925035",
        "name": "Mirpur",
        "name_bn": "মিরপুর",
        "level": "place",
        "place": "suburb",
        "status": "official",
        "confidence": "high",
        "source_url": "https://www.openstreetmap.org/node/8953925035",
        "source_license": "ODbL (OpenStreetMap contributors)",
        "retrieved_at": "2026-08-23T10:14:09Z"
      }
    },
    {
      "type": "Feature",
      "geometry": {
        "type": "Point",
        "coordinates": [
          90.37623,
          23.7816
        ]
      },
      "properties": {
        "id": "osm-node-8968735495",
        "name": "Agargaon",
        "name_bn": "আগারগাঁও",
        "level": "place",
        "place": "suburb",
        "status": "official",
        "confidence": "high",
        "source_url": "https://www.openstreetmap.org/node/8968735495",
        "source_license": "ODbL (OpenStreetMap contributors)",
        "retrieved_at": "2026-08-23T10:14:09Z"
      }
    },
    {
      "type": "Feature",
      "geometry": {
        "type": "Point",
        "coordinates": [
          90.3726,
          23.79925
        ]
      },
      "properties": {
        "id": "osm-node-8968772336",
        "name": "Kazipara",
        "name_bn": "কাজীপাড়া",
        "level": "place",
        "place": "suburb",
        "status": "official",
        "confidence": "high",
        "source_url": "https://www.openstreetmap.org/node/8968772336",
        "source_license": "ODbL (OpenStreetMap contributors)",
        "retrieved_at": "2026-08-23T10:14:09Z"
      }
    },
    {
      "type": "Feature",
      "geometry": {
        "type": "Point",
        "coordinates": [
          90.37517,
          23.79243
        ]
      },
      "properties": {
        "id": "osm-node-8968799603",
        "name": "Shewrapara",
        "name_bn": "শেওড়াপাড়া",
        "level": "place",
        "place": "suburb",
        "status": "official",
        "confidence": "high",
        "source_url": "https://www.openstreetmap.org/node/8968799603",
        "source_license": "ODbL (OpenStreetMap contributors)",
        "retrieved_at": "2026-08-23T10:14:09Z"
      }
    },
    {
      "type": "Feature",
      "geometry": {
        "type": "Point",
        "coordinates": [
          90.36806,
          23.80612
        ]
      },
      "properties": {
        "id": "osm-node-8973762524",
        "name": "Folpotti",
        "name_bn": "ফলপট্টি",
        "level": "place",
        "place": "neighbourhood",
        "status": "official",
        "confidence": "high",
        "source_url": "https://www.openstreetmap.org/node/8973762524",
        "source_license": "ODbL (OpenStreetMap contributors)",
        "retrieved_at": "2026-08-23T10:14:09Z"
      }
    },
    {
      "type": "Feature",
      "geometry": {
        "type": "Point",
        "coordinates": [
          90.35436,
          23.79827
        ]
      },
      "properties": {
        "id": "osm-node-8973762525",
        "name": "Kolwala Para",
        "name_bn": "কলওয়ালা পাড়া",
        "level": "place",
        "place": "neighbourhood",
        "status": "official",
        "confidence": "high",
        "source_url": "https://www.openstreetmap.org/node/8973762525",
        "source_license": "ODbL (OpenStreetMap contributors)",
        "retrieved_at": "2026-08-23T10:14:09Z"
      }
    },
    {
      "type": "Feature",
      "geometry": {
        "type": "Point",
        "coordinates": [
          90.3567,
          23.78926
        ]
      },
      "properties": {
        "id": "osm-node-8973762526",
        "name": "Shah Shaheb Nogor",
        "name_bn": "শাহ সাহেব নগর",
        "level": "place",
        "place": "neighbourhood",
        "status": "official",
        "confidence": "high",
        "source_url": "https://www.openstreetmap.org/node/8973762526",
        "source_license": "ODbL (OpenStreetMap contributors)",
        "retrieved_at": "2026-08-23T10:14:09Z"
      }
    },
    {
      "type": "Feature",
      "geometry": {
        "type": "Point",
        "coordinates": [
          90.3603,
          23.79295
        ]
      },
      "properties": {
        "id": "osm-node-8982494282",
        "name": "Habuler Pukurpar",
        "name_bn": "হাবুলের পুকুরপাড়",
        "level": "place",
        "place": "neighbourhood",
        "status": "official",
        "confidence": "high",
        "source_url": "https://www.openstreetmap.org/node/8982494282",
        "source_license": "ODbL (OpenStreetMap contributors)",
        "retrieved_at": "2026-08-23T10:14:09Z"
      }
    },
    {
      "type": "Feature",
      "geometry": {
        "type": "Point",
        "coordinates": [
          90.36767,
          23.78467
        ]
      },
      "properties": {
        "id": "osm-node-8989397855",
        "name": "Amtola",
        "name_bn": "আমতলা",
        "level": "place",
        "place": "neighbourhood",
        "status": "official",
        "confidence": "high",
        "source_url": "https://www.openstreetmap.org/node/8989397855",
        "source_license": "ODbL (OpenStreetMap contributors)",
        "retrieved_at": "2026-08-23T10:14:09Z"
      }
    },
    {
      "type": "Feature",
      "geometry": {
        "type": "Point",
        "coordinates": [
          90.38433,
          23.79539
        ]
      },
      "properties": {
        "id": "osm-node-8989423001",
        "name": "Ibrahimpur",
        "name_bn": "ইব্রাহিমপুর",
        "level": "place",
        "place": "suburb",
        "status": "official",
        "confidence": "high",
        "source_url": "https://www.openstreetmap.org/node/8989423001",
        "source_license": "ODbL (OpenStreetMap contributors)",
        "retrieved_at": "2026-08-23T10:14:09Z"
      }
    },
    {
      "type": "Feature",
      "geometry": {
        "type": "Point",
        "coordinates": [
          90.40767,
          23.73403
        ]
      },
      "properties": {
        "id": "osm-node-9021942369",
        "name": "Segunbagicha",
        "name_bn": "সেগুনবাগিচা",
        "level": "place",
        "place": "suburb",
        "status": "official",
        "confidence": "high",
        "source_url": "https://www.openstreetmap.org/node/9021942369",
        "source_license": "ODbL (OpenStreetMap contributors)",
        "retrieved_at": "2026-08-23T10:14:09Z"
      }
    },
    {
      "type": "Feature",
      "geometry": {
        "type": "Point",
        "coordinates": [
          90.41537,
          23.73505
        ]
      },
      "properties": {
        "id": "osm-node-9021942370",
        "name": "Noya Paltan",
        "name_bn": "নয়া পল্টন",
        "level": "place",
        "place": "quarter",
        "status": "official",
        "confidence": "high",
        "source_url": "https://www.openstreetmap.org/node/9021942370",
        "source_license": "ODbL (OpenStreetMap contributors)",
        "retrieved_at": "2026-08-23T10:14:09Z"
      }
    },
    {
      "type": "Feature",
      "geometry": {
        "type": "Point",
        "coordinates": [
          90.41046,
          23.7444
        ]
      },
      "properties": {
        "id": "osm-node-9024316832",
        "name": "Shiddheswari",
        "name_bn": "সিদ্ধেশ্বরী",
        "level": "place",
        "place": "suburb",
        "status": "official",
        "confidence": "high",
        "source_url": "https://www.openstreetmap.org/node/9024316832",
        "source_license": "ODbL (OpenStreetMap contributors)",
        "retrieved_at": "2026-08-23T10:14:09Z"
      }
    },
    {
      "type": "Feature",
      "geometry": {
        "type": "Point",
        "coordinates": [
          90.41377,
          23.74707
        ]
      },
      "properties": {
        "id": "osm-node-9024343174",
        "name": "Malibagh",
        "name_bn": "মালিবাগ",
        "level": "place",
        "place": "suburb",
        "status": "official",
        "confidence": "high",
        "source_url": "https://www.openstreetmap.org/node/9024343174",
        "source_license": "ODbL (OpenStreetMap contributors)",
        "retrieved_at": "2026-08-23T10:14:09Z"
      }
    },
    {
      "type": "Feature",
      "geometry": {
        "type": "Point",
        "coordinates": [
          90.41826,
          23.74449
        ]
      },
      "properties": {
        "id": "osm-node-9024343175",
        "name": "Shantibagh",
        "name_bn": "শান্তিবাগ",
        "level": "place",
        "place": "quarter",
        "status": "official",
        "confidence": "high",
        "source_url": "https://www.openstreetmap.org/node/9024343175",
        "source_license": "ODbL (OpenStreetMap contributors)",
        "retrieved_at": "2026-08-23T10:14:09Z"
      }
    },
    {
      "type": "Feature",
      "geometry": {
        "type": "Point",
        "coordinates": [
          90.41953,
          23.74264
        ]
      },
      "properties": {
        "id": "osm-node-9024343176",
        "name": "Shahidbagh",
        "name_bn": "শহীদবাগ",
        "level": "place",
        "place": "quarter",
        "status": "official",
        "confidence": "high",
        "source_url": "https://www.openstreetmap.org/node/9024343176",
        "source_license": "ODbL (OpenStreetMap contributors)",
        "retrieved_at": "2026-08-23T10:14:09Z"
      }
    },
    {
      "type": "Feature",
      "geometry": {
        "type": "Point",
        "coordinates": [
          90.41392,
          23.73854
        ]
      },
      "properties": {
        "id": "osm-node-9024389533",
        "name": "Shantinagar",
        "name_bn": "শান্তিনগর",
        "level": "place",
        "place": "suburb",
        "status": "official",
        "confidence": "high",
        "source_url": "https://www.openstreetmap.org/node/9024389533",
        "source_license": "ODbL (OpenStreetMap contributors)",
        "retrieved_at": "2026-08-23T10:14:09Z"
      }
    },
    {
      "type": "Feature",
      "geometry": {
        "type": "Point",
        "coordinates": [
          90.41711,
          23.7396
        ]
      },
      "properties": {
        "id": "osm-node-9024389534",
        "name": "Rajarbag",
        "name_bn": "রাজারবাগ",
        "level": "place",
        "place": "suburb",
        "status": "official",
        "confidence": "high",
        "source_url": "https://www.openstreetmap.org/node/9024389534",
        "source_license": "ODbL (OpenStreetMap contributors)",
        "retrieved_at": "2026-08-23T10:14:09Z"
      }
    },
    {
      "type": "Feature",
      "geometry": {
        "type": "Point",
        "coordinates": [
          90.42865,
          23.74743
        ]
      },
      "properties": {
        "id": "osm-node-9024389535",
        "name": "Tilpapara",
        "name_bn": null,
        "level": "place",
        "place": "quarter",
        "status": "official",
        "confidence": "high",
        "source_url": "https://www.openstreetmap.org/node/9024389535",
        "source_license": "ODbL (OpenStreetMap contributors)",
        "retrieved_at": "2026-08-23T10:14:09Z"
      }
    },
    {
      "type": "Feature",
      "geometry": {
        "type": "Point",
        "coordinates": [
          90.41784,
          23.75801
        ]
      },
      "properties": {
        "id": "osm-node-9024389536",
        "name": "Hajipara",
        "name_bn": "হাজীপাড়া",
        "level": "place",
        "place": "quarter",
        "status": "official",
        "confidence": "high",
        "source_url": "https://www.openstreetmap.org/node/9024389536",
        "source_license": "ODbL (OpenStreetMap contributors)",
        "retrieved_at": "2026-08-23T10:14:09Z"
      }
    },
    {
      "type": "Feature",
      "geometry": {
        "type": "Point",
        "coordinates": [
          90.3859,
          23.76169
        ]
      },
      "properties": {
        "id": "osm-node-9024389537",
        "name": "Monipuri Para",
        "name_bn": "মণিপুরি পাড়া",
        "level": "place",
        "place": "quarter",
        "status": "official",
        "confidence": "high",
        "source_url": "https://www.openstreetmap.org/node/9024389537",
        "source_license": "ODbL (OpenStreetMap contributors)",
        "retrieved_at": "2026-08-23T10:14:09Z"
      }
    },
    {
      "type": "Feature",
      "geometry": {
        "type": "Point",
        "coordinates": [
          90.38484,
          23.75495
        ]
      },
      "properties": {
        "id": "osm-node-9024389538",
        "name": "Rajabazar",
        "name_bn": "রাজাবাজার",
        "level": "place",
        "place": "suburb",
        "status": "official",
        "confidence": "high",
        "source_url": "https://www.openstreetmap.org/node/9024389538",
        "source_license": "ODbL (OpenStreetMap contributors)",
        "retrieved_at": "2026-08-23T10:14:09Z"
      }
    },
    {
      "type": "Feature",
      "geometry": {
        "type": "Point",
        "coordinates": [
          90.37751,
          23.75595
        ]
      },
      "properties": {
        "id": "osm-node-9024389539",
        "name": "Sobhanbag",
        "name_bn": "সোবহানবাগ",
        "level": "place",
        "place": "suburb",
        "status": "official",
        "confidence": "high",
        "source_url": "https://www.openstreetmap.org/node/9024389539",
        "source_license": "ODbL (OpenStreetMap contributors)",
        "retrieved_at": "2026-08-23T10:14:09Z"
      }
    },
    {
      "type": "Feature",
      "geometry": {
        "type": "Point",
        "coordinates": [
          90.38213,
          23.7489
        ]
      },
      "properties": {
        "id": "osm-node-9024389540",
        "name": "Kolabagan",
        "name_bn": "কলাবাগান",
        "level": "place",
        "place": "suburb",
        "status": "official",
        "confidence": "high",
        "source_url": "https://www.openstreetmap.org/node/9024389540",
        "source_license": "ODbL (OpenStreetMap contributors)",
        "retrieved_at": "2026-08-23T10:14:09Z"
      }
    },
    {
      "type": "Feature",
      "geometry": {
        "type": "Point",
        "coordinates": [
          90.38106,
          23.75092
        ]
      },
      "properties": {
        "id": "osm-node-9024389541",
        "name": "Lake Circus",
        "name_bn": "লেক সার্কাস",
        "level": "place",
        "place": "quarter",
        "status": "official",
        "confidence": "high",
        "source_url": "https://www.openstreetmap.org/node/9024389541",
        "source_license": "ODbL (OpenStreetMap contributors)",
        "retrieved_at": "2026-08-23T10:14:09Z"
      }
    },
    {
      "type": "Feature",
      "geometry": {
        "type": "Point",
        "coordinates": [
          90.38898,
          23.74782
        ]
      },
      "properties": {
        "id": "osm-node-9024389542",
        "name": "Kathalbagan",
        "name_bn": "কাঠালবাগান",
        "level": "place",
        "place": "suburb",
        "status": "official",
        "confidence": "high",
        "source_url": "https://www.openstreetmap.org/node/9024389542",
        "source_license": "ODbL (OpenStreetMap contributors)",
        "retrieved_at": "2026-08-23T10:14:09Z"
      }
    },
    {
      "type": "Feature",
      "geometry": {
        "type": "Point",
        "coordinates": [
          90.35509,
          23.76759
        ]
      },
      "properties": {
        "id": "osm-node-9024423310",
        "name": "Pisciculture Housing",
        "name_bn": "পিসিকালচার হাউজিং",
        "level": "place",
        "place": "quarter",
        "status": "official",
        "confidence": "high",
        "source_url": "https://www.openstreetmap.org/node/9024423310",
        "source_license": "ODbL (OpenStreetMap contributors)",
        "retrieved_at": "2026-08-23T10:14:09Z"
      }
    },
    {
      "type": "Feature",
      "geometry": {
        "type": "Point",
        "coordinates": [
          90.38965,
          23.75815
        ]
      },
      "properties": {
        "id": "osm-node-9024430196",
        "name": "Farmgate",
        "name_bn": "ফার্মগেট",
        "level": "place",
        "place": "quarter",
        "status": "official",
        "confidence": "high",
        "source_url": "https://www.openstreetmap.org/node/9024430196",
        "source_license": "ODbL (OpenStreetMap contributors)",
        "retrieved_at": "2026-08-23T10:14:09Z"
      }
    },
    {
      "type": "Feature",
      "geometry": {
        "type": "Point",
        "coordinates": [
          90.36262,
          23.77197
        ]
      },
      "properties": {
        "id": "osm-node-9024430197",
        "name": "Johuri Moholla",
        "name_bn": "জহুরী মহল্লা",
        "level": "place",
        "place": "quarter",
        "status": "official",
        "confidence": "high",
        "source_url": "https://www.openstreetmap.org/node/9024430197",
        "source_license": "ODbL (OpenStreetMap contributors)",
        "retrieved_at": "2026-08-23T10:14:09Z"
      }
    },
    {
      "type": "Feature",
      "geometry": {
        "type": "Point",
        "coordinates": [
          90.36108,
          23.77006
        ]
      },
      "properties": {
        "id": "osm-node-9024430198",
        "name": "Bijli Moholla",
        "name_bn": "বিজলি মহল্লা",
        "level": "place",
        "place": "neighbourhood",
        "status": "official",
        "confidence": "high",
        "source_url": "https://www.openstreetmap.org/node/9024430198",
        "source_license": "ODbL (OpenStreetMap contributors)",
        "retrieved_at": "2026-08-23T10:14:09Z"
      }
    },
    {
      "type": "Feature",
      "geometry": {
        "type": "Point",
        "coordinates": [
          90.36149,
          23.76779
        ]
      },
      "properties": {
        "id": "osm-node-9024430199",
        "name": "Aziz Moholla",
        "name_bn": "আজিজ মহল্লা",
        "level": "place",
        "place": "neighbourhood",
        "status": "official",
        "confidence": "high",
        "source_url": "https://www.openstreetmap.org/node/9024430199",
        "source_license": "ODbL (OpenStreetMap contributors)",
        "retrieved_at": "2026-08-23T10:14:09Z"
      }
    },
    {
      "type": "Feature",
      "geometry": {
        "type": "Point",
        "coordinates": [
          90.3913,
          23.76282
        ]
      },
      "properties": {
        "id": "osm-node-9024489330",
        "name": "Tejgaon",
        "name_bn": "তেজগাঁও",
        "level": "place",
        "place": "suburb",
        "status": "official",
        "confidence": "high",
        "source_url": "https://www.openstreetmap.org/node/9024489330",
        "source_license": "ODbL (OpenStreetMap contributors)",
        "retrieved_at": "2026-08-23T10:14:09Z"
      }
    },
    {
      "type": "Feature",
      "geometry": {
        "type": "Point",
        "coordinates": [
          90.40646,
          23.75104
        ]
      },
      "properties": {
        "id": "osm-node-9024489331",
        "name": "Mogbazar",
        "name_bn": "মগবাজার",
        "level": "place",
        "place": "suburb",
        "status": "official",
        "confidence": "high",
        "source_url": "https://www.openstreetmap.org/node/9024489331",
        "source_license": "ODbL (OpenStreetMap contributors)",
        "retrieved_at": "2026-08-23T10:14:09Z"
      }
    },
    {
      "type": "Feature",
      "geometry": {
        "type": "Point",
        "coordinates": [
          90.43357,
          23.72912
        ]
      },
      "properties": {
        "id": "osm-node-9026037312",
        "name": "Mugda",
        "name_bn": "মুগদা",
        "level": "place",
        "place": "suburb",
        "status": "official",
        "confidence": "high",
        "source_url": "https://www.openstreetmap.org/node/9026037312",
        "source_license": "ODbL (OpenStreetMap contributors)",
        "retrieved_at": "2026-08-23T10:14:09Z"
      }
    },
    {
      "type": "Feature",
      "geometry": {
        "type": "Point",
        "coordinates": [
          90.42057,
          23.76261
        ]
      },
      "properties": {
        "id": "osm-node-9027812715",
        "name": "Rampura",
        "name_bn": "রামপুরা",
        "level": "place",
        "place": "suburb",
        "status": "official",
        "confidence": "high",
        "source_url": "https://www.openstreetmap.org/node/9027812715",
        "source_license": "ODbL (OpenStreetMap contributors)",
        "retrieved_at": "2026-08-23T10:14:09Z"
      }
    },
    {
      "type": "Feature",
      "geometry": {
        "type": "Point",
        "coordinates": [
          90.41128,
          23.75836
        ]
      },
      "properties": {
        "id": "osm-node-9028507253",
        "name": "Modhubag",
        "name_bn": "মধুবাগ",
        "level": "place",
        "place": "quarter",
        "status": "official",
        "confidence": "high",
        "source_url": "https://www.openstreetmap.org/node/9028507253",
        "source_license": "ODbL (OpenStreetMap contributors)",
        "retrieved_at": "2026-08-23T10:14:09Z"
      }
    },
    {
      "type": "Feature",
      "geometry": {
        "type": "Point",
        "coordinates": [
          90.41348,
          23.75543
        ]
      },
      "properties": {
        "id": "osm-node-9028507254",
        "name": "East Noyatola",
        "name_bn": "পূর্ব নয়াটোলা",
        "level": "place",
        "place": "quarter",
        "status": "official",
        "confidence": "high",
        "source_url": "https://www.openstreetmap.org/node/9028507254",
        "source_license": "ODbL (OpenStreetMap contributors)",
        "retrieved_at": "2026-08-23T10:14:09Z"
      }
    },
    {
      "type": "Feature",
      "geometry": {
        "type": "Point",
        "coordinates": [
          90.42299,
          23.75274
        ]
      },
      "properties": {
        "id": "osm-node-9028541801",
        "name": "Taltola",
        "name_bn": "তালতলা",
        "level": "place",
        "place": "quarter",
        "status": "official",
        "confidence": "high",
        "source_url": "https://www.openstreetmap.org/node/9028541801",
        "source_license": "ODbL (OpenStreetMap contributors)",
        "retrieved_at": "2026-08-23T10:14:09Z"
      }
    },
    {
      "type": "Feature",
      "geometry": {
        "type": "Point",
        "coordinates": [
          90.4137,
          23.79472
        ]
      },
      "properties": {
        "id": "osm-node-9028775878",
        "name": "Gulshan 2",
        "name_bn": "গুলশান ২",
        "level": "place",
        "place": "quarter",
        "status": "official",
        "confidence": "high",
        "source_url": "https://www.openstreetmap.org/node/9028775878",
        "source_license": "ODbL (OpenStreetMap contributors)",
        "retrieved_at": "2026-08-23T10:14:09Z"
      }
    },
    {
      "type": "Feature",
      "geometry": {
        "type": "Point",
        "coordinates": [
          90.42428,
          23.79191
        ]
      },
      "properties": {
        "id": "osm-node-9028978729",
        "name": "Shahjadpur",
        "name_bn": "শাহজাদপুর",
        "level": "place",
        "place": "suburb",
        "status": "official",
        "confidence": "high",
        "source_url": "https://www.openstreetmap.org/node/9028978729",
        "source_license": "ODbL (OpenStreetMap contributors)",
        "retrieved_at": "2026-08-23T10:14:09Z"
      }
    },
    {
      "type": "Feature",
      "geometry": {
        "type": "Point",
        "coordinates": [
          90.42608,
          23.77221
        ]
      },
      "properties": {
        "id": "osm-node-9028978730",
        "name": "Merul Badda",
        "name_bn": "মেরুল বাড্ডা",
        "level": "place",
        "place": "quarter",
        "status": "official",
        "confidence": "high",
        "source_url": "https://www.openstreetmap.org/node/9028978730",
        "source_license": "ODbL (OpenStreetMap contributors)",
        "retrieved_at": "2026-08-23T10:14:09Z"
      }
    },
    {
      "type": "Feature",
      "geometry": {
        "type": "Point",
        "coordinates": [
          90.44599,
          23.78607
        ]
      },
      "properties": {
        "id": "osm-node-9029057082",
        "name": "Satarkul",
        "name_bn": "সাতারকুল",
        "level": "place",
        "place": "suburb",
        "status": "official",
        "confidence": "high",
        "source_url": "https://www.openstreetmap.org/node/9029057082",
        "source_license": "ODbL (OpenStreetMap contributors)",
        "retrieved_at": "2026-08-23T10:14:09Z"
      }
    },
    {
      "type": "Feature",
      "geometry": {
        "type": "Point",
        "coordinates": [
          90.43128,
          23.79972
        ]
      },
      "properties": {
        "id": "osm-node-9029090354",
        "name": "Bhatara",
        "name_bn": "ভাটারা",
        "level": "place",
        "place": "suburb",
        "status": "official",
        "confidence": "high",
        "source_url": "https://www.openstreetmap.org/node/9029090354",
        "source_license": "ODbL (OpenStreetMap contributors)",
        "retrieved_at": "2026-08-23T10:14:09Z"
      }
    },
    {
      "type": "Feature",
      "geometry": {
        "type": "Point",
        "coordinates": [
          90.35205,
          23.7891
        ]
      },
      "properties": {
        "id": "osm-node-9029141717",
        "name": "Tolarbag",
        "name_bn": "টোলারবাগ",
        "level": "place",
        "place": "suburb",
        "status": "official",
        "confidence": "high",
        "source_url": "https://www.openstreetmap.org/node/9029141717",
        "source_license": "ODbL (OpenStreetMap contributors)",
        "retrieved_at": "2026-08-23T10:14:09Z"
      }
    },
    {
      "type": "Feature",
      "geometry": {
        "type": "Point",
        "coordinates": [
          90.39601,
          23.76884
        ]
      },
      "properties": {
        "id": "osm-node-9031188306",
        "name": "Nakhalpara",
        "name_bn": "নাখালপাড়া",
        "level": "place",
        "place": "suburb",
        "status": "official",
        "confidence": "high",
        "source_url": "https://www.openstreetmap.org/node/9031188306",
        "source_license": "ODbL (OpenStreetMap contributors)",
        "retrieved_at": "2026-08-23T10:14:09Z"
      }
    },
    {
      "type": "Feature",
      "geometry": {
        "type": "Point",
        "coordinates": [
          90.3908,
          23.76562
        ]
      },
      "properties": {
        "id": "osm-node-9031188307",
        "name": "Elenbari",
        "name_bn": "এলেনবাড়ী",
        "level": "place",
        "place": "quarter",
        "status": "official",
        "confidence": "high",
        "source_url": "https://www.openstreetmap.org/node/9031188307",
        "source_license": "ODbL (OpenStreetMap contributors)",
        "retrieved_at": "2026-08-23T10:14:09Z"
      }
    },
    {
      "type": "Feature",
      "geometry": {
        "type": "Point",
        "coordinates": [
          90.36109,
          23.78844
        ]
      },
      "properties": {
        "id": "osm-node-9031188308",
        "name": "Paikpara",
        "name_bn": "পাইকপাড়া",
        "level": "place",
        "place": "suburb",
        "status": "official",
        "confidence": "high",
        "source_url": "https://www.openstreetmap.org/node/9031188308",
        "source_license": "ODbL (OpenStreetMap contributors)",
        "retrieved_at": "2026-08-23T10:14:09Z"
      }
    },
    {
      "type": "Feature",
      "geometry": {
        "type": "Point",
        "coordinates": [
          90.36662,
          23.79018
        ]
      },
      "properties": {
        "id": "osm-node-9031188309",
        "name": "Pirerbag",
        "name_bn": "পীরেরবাগ",
        "level": "place",
        "place": "suburb",
        "status": "official",
        "confidence": "high",
        "source_url": "https://www.openstreetmap.org/node/9031188309",
        "source_license": "ODbL (OpenStreetMap contributors)",
        "retrieved_at": "2026-08-23T10:14:09Z"
      }
    },
    {
      "type": "Feature",
      "geometry": {
        "type": "Point",
        "coordinates": [
          90.38562,
          23.78916
        ]
      },
      "properties": {
        "id": "osm-node-9031306963",
        "name": "Kafrul",
        "name_bn": "কাফরুল",
        "level": "place",
        "place": "suburb",
        "status": "official",
        "confidence": "high",
        "source_url": "https://www.openstreetmap.org/node/9031306963",
        "source_license": "ODbL (OpenStreetMap contributors)",
        "retrieved_at": "2026-08-23T10:14:09Z"
      }
    },
    {
      "type": "Feature",
      "geometry": {
        "type": "Point",
        "coordinates": [
          90.40663,
          23.7176
        ]
      },
      "properties": {
        "id": "osm-node-9031452193",
        "name": "Bongshal",
        "name_bn": "বংশাল",
        "level": "place",
        "place": "suburb",
        "status": "official",
        "confidence": "high",
        "source_url": "https://www.openstreetmap.org/node/9031452193",
        "source_license": "ODbL (OpenStreetMap contributors)",
        "retrieved_at": "2026-08-23T10:14:09Z"
      }
    },
    {
      "type": "Feature",
      "geometry": {
        "type": "Point",
        "coordinates": [
          90.41181,
          23.71688
        ]
      },
      "properties": {
        "id": "osm-node-9031452194",
        "name": "Nawabpur",
        "name_bn": "নবাবপুর",
        "level": "place",
        "place": "suburb",
        "status": "official",
        "confidence": "high",
        "source_url": "https://www.openstreetmap.org/node/9031452194",
        "source_license": "ODbL (OpenStreetMap contributors)",
        "retrieved_at": "2026-08-23T10:14:09Z"
      }
    },
    {
      "type": "Feature",
      "geometry": {
        "type": "Point",
        "coordinates": [
          90.4154,
          23.71866
        ]
      },
      "properties": {
        "id": "osm-node-9031452195",
        "name": "Wari",
        "name_bn": "ওয়ারী",
        "level": "place",
        "place": "suburb",
        "status": "official",
        "confidence": "high",
        "source_url": "https://www.openstreetmap.org/node/9031452195",
        "source_license": "ODbL (OpenStreetMap contributors)",
        "retrieved_at": "2026-08-23T10:14:09Z"
      }
    },
    {
      "type": "Feature",
      "geometry": {
        "type": "Point",
        "coordinates": [
          90.40162,
          23.71397
        ]
      },
      "properties": {
        "id": "osm-node-9031452196",
        "name": "Armanitola",
        "name_bn": "আরমানিটোলা",
        "level": "place",
        "place": "suburb",
        "status": "official",
        "confidence": "high",
        "source_url": "https://www.openstreetmap.org/node/9031452196",
        "source_license": "ODbL (OpenStreetMap contributors)",
        "retrieved_at": "2026-08-23T10:14:09Z"
      }
    },
    {
      "type": "Feature",
      "geometry": {
        "type": "Point",
        "coordinates": [
          90.43335,
          23.74055
        ]
      },
      "properties": {
        "id": "osm-node-9031486862",
        "name": "Bashabo",
        "name_bn": "বাসাবো",
        "level": "place",
        "place": "suburb",
        "status": "official",
        "confidence": "high",
        "source_url": "https://www.openstreetmap.org/node/9031486862",
        "source_license": "ODbL (OpenStreetMap contributors)",
        "retrieved_at": "2026-08-23T10:14:09Z"
      }
    },
    {
      "type": "Feature",
      "geometry": {
        "type": "Point",
        "coordinates": [
          90.43363,
          23.74785
        ]
      },
      "properties": {
        "id": "osm-node-9031486863",
        "name": "Goran",
        "name_bn": "গোড়ান",
        "level": "place",
        "place": "suburb",
        "status": "official",
        "confidence": "high",
        "source_url": "https://www.openstreetmap.org/node/9031486863",
        "source_license": "ODbL (OpenStreetMap contributors)",
        "retrieved_at": "2026-08-23T10:14:09Z"
      }
    },
    {
      "type": "Feature",
      "geometry": {
        "type": "Point",
        "coordinates": [
          90.43752,
          23.73933
        ]
      },
      "properties": {
        "id": "osm-node-9031486864",
        "name": "East Bashabo",
        "name_bn": "পূর্ব বাসাবো",
        "level": "place",
        "place": "quarter",
        "status": "official",
        "confidence": "high",
        "source_url": "https://www.openstreetmap.org/node/9031486864",
        "source_license": "ODbL (OpenStreetMap contributors)",
        "retrieved_at": "2026-08-23T10:14:09Z"
      }
    },
    {
      "type": "Feature",
      "geometry": {
        "type": "Point",
        "coordinates": [
          90.43998,
          23.7431
        ]
      },
      "properties": {
        "id": "osm-node-9031486865",
        "name": "Madartek",
        "name_bn": "মাদারটেক",
        "level": "place",
        "place": "suburb",
        "status": "official",
        "confidence": "high",
        "source_url": "https://www.openstreetmap.org/node/9031486865",
        "source_license": "ODbL (OpenStreetMap contributors)",
        "retrieved_at": "2026-08-23T10:14:09Z"
      }
    },
    {
      "type": "Feature",
      "geometry": {
        "type": "Point",
        "coordinates": [
          90.38346,
          23.72529
        ]
      },
      "properties": {
        "id": "osm-node-9031543667",
        "name": "Azimpur",
        "name_bn": "আজিমপুর",
        "level": "place",
        "place": "suburb",
        "status": "official",
        "confidence": "high",
        "source_url": "https://www.openstreetmap.org/node/9031543667",
        "source_license": "ODbL (OpenStreetMap contributors)",
        "retrieved_at": "2026-08-23T10:14:09Z"
      }
    },
    {
      "type": "Feature",
      "geometry": {
        "type": "Point",
        "coordinates": [
          90.38464,
          23.71808
        ]
      },
      "properties": {
        "id": "osm-node-9031543668",
        "name": "Lalbag",
        "name_bn": "লালবাগ",
        "level": "place",
        "place": "suburb",
        "status": "official",
        "confidence": "high",
        "source_url": "https://www.openstreetmap.org/node/9031543668",
        "source_license": "ODbL (OpenStreetMap contributors)",
        "retrieved_at": "2026-08-23T10:14:09Z"
      }
    },
    {
      "type": "Feature",
      "geometry": {
        "type": "Point",
        "coordinates": [
          90.39617,
          23.73734
        ]
      },
      "properties": {
        "id": "osm-node-9031839911",
        "name": "Shahbag",
        "name_bn": "শাহবাগ",
        "level": "place",
        "place": "suburb",
        "status": "official",
        "confidence": "high",
        "source_url": "https://www.openstreetmap.org/node/9031839911",
        "source_license": "ODbL (OpenStreetMap contributors)",
        "retrieved_at": "2026-08-23T10:14:09Z"
      }
    },
    {
      "type": "Feature",
      "geometry": {
        "type": "Point",
        "coordinates": [
          90.38471,
          23.79884
        ]
      },
      "properties": {
        "id": "osm-node-9032323756",
        "name": "Mirpur 14",
        "name_bn": "মিরপুর ১৪",
        "level": "place",
        "place": "quarter",
        "status": "official",
        "confidence": "high",
        "source_url": "https://www.openstreetmap.org/node/9032323756",
        "source_license": "ODbL (OpenStreetMap contributors)",
        "retrieved_at": "2026-08-23T10:14:09Z"
      }
    },
    {
      "type": "Feature",
      "geometry": {
        "type": "Point",
        "coordinates": [
          90.38911,
          23.79602
        ]
      },
      "properties": {
        "id": "osm-node-9032323757",
        "name": "Kochukhet",
        "name_bn": "কচুক্ষেত",
        "level": "place",
        "place": "quarter",
        "status": "official",
        "confidence": "high",
        "source_url": "https://www.openstreetmap.org/node/9032323757",
        "source_license": "ODbL (OpenStreetMap contributors)",
        "retrieved_at": "2026-08-23T10:14:09Z"
      }
    },
    {
      "type": "Feature",
      "geometry": {
        "type": "Point",
        "coordinates": [
          90.43287,
          23.72315
        ]
      },
      "properties": {
        "id": "osm-node-9032373441",
        "name": "Maniknagar",
        "name_bn": "মানিকনগর",
        "level": "place",
        "place": "suburb",
        "status": "official",
        "confidence": "high",
        "source_url": "https://www.openstreetmap.org/node/9032373441",
        "source_license": "ODbL (OpenStreetMap contributors)",
        "retrieved_at": "2026-08-23T10:14:09Z"
      }
    },
    {
      "type": "Feature",
      "geometry": {
        "type": "Point",
        "coordinates": [
          90.42796,
          23.71352
        ]
      },
      "properties": {
        "id": "osm-node-9032373442",
        "name": "Saydabad",
        "name_bn": "সায়দাবাদ",
        "level": "place",
        "place": "suburb",
        "status": "official",
        "confidence": "high",
        "source_url": "https://www.openstreetmap.org/node/9032373442",
        "source_license": "ODbL (OpenStreetMap contributors)",
        "retrieved_at": "2026-08-23T10:14:09Z"
      }
    },
    {
      "type": "Feature",
      "geometry": {
        "type": "Point",
        "coordinates": [
          90.42213,
          23.81814
        ]
      },
      "properties": {
        "id": "osm-node-9033906917",
        "name": "Kuril",
        "name_bn": "কুড়িল",
        "level": "place",
        "place": "suburb",
        "status": "official",
        "confidence": "high",
        "source_url": "https://www.openstreetmap.org/node/9033906917",
        "source_license": "ODbL (OpenStreetMap contributors)",
        "retrieved_at": "2026-08-23T10:14:09Z"
      }
    },
    {
      "type": "Feature",
      "geometry": {
        "type": "Point",
        "coordinates": [
          90.43316,
          23.79571
        ]
      },
      "properties": {
        "id": "osm-node-9033978368",
        "name": "Nurer Chala",
        "name_bn": "নুরের চালা",
        "level": "place",
        "place": "suburb",
        "status": "official",
        "confidence": "high",
        "source_url": "https://www.openstreetmap.org/node/9033978368",
        "source_license": "ODbL (OpenStreetMap contributors)",
        "retrieved_at": "2026-08-23T10:14:09Z"
      }
    },
    {
      "type": "Feature",
      "geometry": {
        "type": "Point",
        "coordinates": [
          90.37978,
          23.75371
        ]
      },
      "properties": {
        "id": "osm-node-9034042879",
        "name": "Shukrabad",
        "name_bn": "শুক্রাবাদ",
        "level": "place",
        "place": "suburb",
        "status": "official",
        "confidence": "high",
        "source_url": "https://www.openstreetmap.org/node/9034042879",
        "source_license": "ODbL (OpenStreetMap contributors)",
        "retrieved_at": "2026-08-23T10:14:09Z"
      }
    },
    {
      "type": "Feature",
      "geometry": {
        "type": "Point",
        "coordinates": [
          90.41694,
          23.85908
        ]
      },
      "properties": {
        "id": "osm-node-9034444570",
        "name": "Gawair",
        "name_bn": "গাওয়াইর",
        "level": "place",
        "place": "quarter",
        "status": "official",
        "confidence": "high",
        "source_url": "https://www.openstreetmap.org/node/9034444570",
        "source_license": "ODbL (OpenStreetMap contributors)",
        "retrieved_at": "2026-08-23T10:14:09Z"
      }
    },
    {
      "type": "Feature",
      "geometry": {
        "type": "Point",
        "coordinates": [
          90.41001,
          23.86655
        ]
      },
      "properties": {
        "id": "osm-node-9034444571",
        "name": "Azampur",
        "name_bn": "আজমপুর",
        "level": "place",
        "place": "suburb",
        "status": "official",
        "confidence": "high",
        "source_url": "https://www.openstreetmap.org/node/9034444571",
        "source_license": "ODbL (OpenStreetMap contributors)",
        "retrieved_at": "2026-08-23T10:14:09Z"
      }
    },
    {
      "type": "Feature",
      "geometry": {
        "type": "Point",
        "coordinates": [
          90.39471,
          23.74212
        ]
      },
      "properties": {
        "id": "osm-node-9034489800",
        "name": "Poribag",
        "name_bn": "পরিবাগ",
        "level": "place",
        "place": "quarter",
        "status": "official",
        "confidence": "high",
        "source_url": "https://www.openstreetmap.org/node/9034489800",
        "source_license": "ODbL (OpenStreetMap contributors)",
        "retrieved_at": "2026-08-23T10:14:09Z"
      }
    },
    {
      "type": "Feature",
      "geometry": {
        "type": "Point",
        "coordinates": [
          90.38609,
          23.73294
        ]
      },
      "properties": {
        "id": "osm-node-9034519817",
        "name": "Nilkhet",
        "name_bn": "নীলক্ষেত",
        "level": "place",
        "place": "quarter",
        "status": "official",
        "confidence": "high",
        "source_url": "https://www.openstreetmap.org/node/9034519817",
        "source_license": "ODbL (OpenStreetMap contributors)",
        "retrieved_at": "2026-08-23T10:14:09Z"
      }
    },
    {
      "type": "Feature",
      "geometry": {
        "type": "Point",
        "coordinates": [
          90.39544,
          23.71532
        ]
      },
      "properties": {
        "id": "osm-node-9035013164",
        "name": "Chawkbazar",
        "name_bn": "চকবাজার",
        "level": "place",
        "place": "suburb",
        "status": "official",
        "confidence": "high",
        "source_url": "https://www.openstreetmap.org/node/9035013164",
        "source_license": "ODbL (OpenStreetMap contributors)",
        "retrieved_at": "2026-08-23T10:14:09Z"
      }
    },
    {
      "type": "Feature",
      "geometry": {
        "type": "Point",
        "coordinates": [
          90.42061,
          23.86474
        ]
      },
      "properties": {
        "id": "osm-node-9035163552",
        "name": "Nogoria Bari",
        "name_bn": "নগরিয়া বাড়ি",
        "level": "place",
        "place": "quarter",
        "status": "official",
        "confidence": "high",
        "source_url": "https://www.openstreetmap.org/node/9035163552",
        "source_license": "ODbL (OpenStreetMap contributors)",
        "retrieved_at": "2026-08-23T10:14:09Z"
      }
    },
    {
      "type": "Feature",
      "geometry": {
        "type": "Point",
        "coordinates": [
          90.387,
          23.84964
        ]
      },
      "properties": {
        "id": "osm-node-9035871157",
        "name": "Baunia",
        "name_bn": "বাউনিয়া",
        "level": "place",
        "place": "suburb",
        "status": "official",
        "confidence": "high",
        "source_url": "https://www.openstreetmap.org/node/9035871157",
        "source_license": "ODbL (OpenStreetMap contributors)",
        "retrieved_at": "2026-08-23T10:14:09Z"
      }
    },
    {
      "type": "Feature",
      "geometry": {
        "type": "Point",
        "coordinates": [
          90.40185,
          23.88068
        ]
      },
      "properties": {
        "id": "osm-node-9036157076",
        "name": "Abdullahpur",
        "name_bn": "আব্দুল্লাহপুর",
        "level": "place",
        "place": "quarter",
        "status": "official",
        "confidence": "high",
        "source_url": "https://www.openstreetmap.org/node/9036157076",
        "source_license": "ODbL (OpenStreetMap contributors)",
        "retrieved_at": "2026-08-23T10:14:09Z"
      }
    },
    {
      "type": "Feature",
      "geometry": {
        "type": "Point",
        "coordinates": [
          90.403,
          23.8729
        ]
      },
      "properties": {
        "id": "osm-node-9036184831",
        "name": "Sector 6",
        "name_bn": "সেক্টর ৬",
        "level": "place",
        "place": "quarter",
        "status": "official",
        "confidence": "high",
        "source_url": "https://www.openstreetmap.org/node/9036184831",
        "source_license": "ODbL (OpenStreetMap contributors)",
        "retrieved_at": "2026-08-23T10:14:09Z"
      }
    },
    {
      "type": "Feature",
      "geometry": {
        "type": "Point",
        "coordinates": [
          90.35452,
          23.80813
        ]
      },
      "properties": {
        "id": "osm-node-9036224433",
        "name": "Mirpur 3",
        "name_bn": "মিরপুর ৩",
        "level": "place",
        "place": "quarter",
        "status": "official",
        "confidence": "high",
        "source_url": "https://www.openstreetmap.org/node/9036224433",
        "source_license": "ODbL (OpenStreetMap contributors)",
        "retrieved_at": "2026-08-23T10:14:09Z"
      }
    },
    {
      "type": "Feature",
      "geometry": {
        "type": "Point",
        "coordinates": [
          90.36356,
          23.81051
        ]
      },
      "properties": {
        "id": "osm-node-9036224434",
        "name": "Mirpur 6",
        "name_bn": "মিরপুর ৬",
        "level": "place",
        "place": "quarter",
        "status": "official",
        "confidence": "high",
        "source_url": "https://www.openstreetmap.org/node/9036224434",
        "source_license": "ODbL (OpenStreetMap contributors)",
        "retrieved_at": "2026-08-23T10:14:09Z"
      }
    },
    {
      "type": "Feature",
      "geometry": {
        "type": "Point",
        "coordinates": [
          90.37146,
          23.81041
        ]
      },
      "properties": {
        "id": "osm-node-9036224435",
        "name": "Mirpur 10",
        "name_bn": "মিরপুর ১০",
        "level": "place",
        "place": "quarter",
        "status": "official",
        "confidence": "high",
        "source_url": "https://www.openstreetmap.org/node/9036224435",
        "source_license": "ODbL (OpenStreetMap contributors)",
        "retrieved_at": "2026-08-23T10:14:09Z"
      }
    },
    {
      "type": "Feature",
      "geometry": {
        "type": "Point",
        "coordinates": [
          90.34992,
          23.79627
        ]
      },
      "properties": {
        "id": "osm-node-9036243801",
        "name": "Bishil",
        "name_bn": "বিশিল",
        "level": "place",
        "place": "suburb",
        "status": "official",
        "confidence": "high",
        "source_url": "https://www.openstreetmap.org/node/9036243801",
        "source_license": "ODbL (OpenStreetMap contributors)",
        "retrieved_at": "2026-08-23T10:14:09Z"
      }
    },
    {
      "type": "Feature",
      "geometry": {
        "type": "Point",
        "coordinates": [
          90.34673,
          23.80543
        ]
      },
      "properties": {
        "id": "osm-node-9037174037",
        "name": "Kazi Furi",
        "name_bn": "কাজি ফুরি",
        "level": "place",
        "place": "quarter",
        "status": "official",
        "confidence": "high",
        "source_url": "https://www.openstreetmap.org/node/9037174037",
        "source_license": "ODbL (OpenStreetMap contributors)",
        "retrieved_at": "2026-08-23T10:14:09Z"
      }
    },
    {
      "type": "Feature",
      "geometry": {
        "type": "Point",
        "coordinates": [
          90.34132,
          23.80896
        ]
      },
      "properties": {
        "id": "osm-node-9037174038",
        "name": "Nobaberbag",
        "name_bn": "নবাবেরবাগ",
        "level": "place",
        "place": "suburb",
        "status": "official",
        "confidence": "high",
        "source_url": "https://www.openstreetmap.org/node/9037174038",
        "source_license": "ODbL (OpenStreetMap contributors)",
        "retrieved_at": "2026-08-23T10:14:09Z"
      }
    },
    {
      "type": "Feature",
      "geometry": {
        "type": "Point",
        "coordinates": [
          90.34131,
          23.7972
        ]
      },
      "properties": {
        "id": "osm-node-9037174039",
        "name": "Chhoto Diabari",
        "name_bn": "ছোট দিয়াবাড়ী",
        "level": "place",
        "place": "quarter",
        "status": "official",
        "confidence": "high",
        "source_url": "https://www.openstreetmap.org/node/9037174039",
        "source_license": "ODbL (OpenStreetMap contributors)",
        "retrieved_at": "2026-08-23T10:14:09Z"
      }
    },
    {
      "type": "Feature",
      "geometry": {
        "type": "Point",
        "coordinates": [
          90.33578,
          23.79829
        ]
      },
      "properties": {
        "id": "osm-node-9037174040",
        "name": "Kaundia",
        "name_bn": "কাউন্দিয়া",
        "level": "place",
        "place": "village",
        "status": "official",
        "confidence": "high",
        "source_url": "https://www.openstreetmap.org/node/9037174040",
        "source_license": "ODbL (OpenStreetMap contributors)",
        "retrieved_at": "2026-08-23T10:14:09Z"
      }
    },
    {
      "type": "Feature",
      "geometry": {
        "type": "Point",
        "coordinates": [
          90.34091,
          23.78958
        ]
      },
      "properties": {
        "id": "osm-node-9037174041",
        "name": "Harirampur",
        "name_bn": "হরিরামপুর",
        "level": "place",
        "place": "quarter",
        "status": "official",
        "confidence": "high",
        "source_url": "https://www.openstreetmap.org/node/9037174041",
        "source_license": "ODbL (OpenStreetMap contributors)",
        "retrieved_at": "2026-08-23T10:14:09Z"
      }
    },
    {
      "type": "Feature",
      "geometry": {
        "type": "Point",
        "coordinates": [
          90.34654,
          23.78948
        ]
      },
      "properties": {
        "id": "osm-node-9037174042",
        "name": "Lalkuthi",
        "name_bn": "লালকুঠি",
        "level": "place",
        "place": "suburb",
        "status": "official",
        "confidence": "high",
        "source_url": "https://www.openstreetmap.org/node/9037174042",
        "source_license": "ODbL (OpenStreetMap contributors)",
        "retrieved_at": "2026-08-23T10:14:09Z"
      }
    },
    {
      "type": "Feature",
      "geometry": {
        "type": "Point",
        "coordinates": [
          90.34162,
          23.7929
        ]
      },
      "properties": {
        "id": "osm-node-9037174043",
        "name": "Golartek",
        "name_bn": "গোলারটেক",
        "level": "place",
        "place": "quarter",
        "status": "official",
        "confidence": "high",
        "source_url": "https://www.openstreetmap.org/node/9037174043",
        "source_license": "ODbL (OpenStreetMap contributors)",
        "retrieved_at": "2026-08-23T10:14:09Z"
      }
    },
    {
      "type": "Feature",
      "geometry": {
        "type": "Point",
        "coordinates": [
          90.33931,
          23.78474
        ]
      },
      "properties": {
        "id": "osm-node-9037174044",
        "name": "Kotbari",
        "name_bn": "কোটবাড়ী",
        "level": "place",
        "place": "quarter",
        "status": "official",
        "confidence": "high",
        "source_url": "https://www.openstreetmap.org/node/9037174044",
        "source_license": "ODbL (OpenStreetMap contributors)",
        "retrieved_at": "2026-08-23T10:14:09Z"
      }
    },
    {
      "type": "Feature",
      "geometry": {
        "type": "Point",
        "coordinates": [
          90.33018,
          23.78649
        ]
      },
      "properties": {
        "id": "osm-node-9037214386",
        "name": "Aminbazar",
        "name_bn": "আমিনবাজার",
        "level": "place",
        "place": "quarter",
        "status": "official",
        "confidence": "high",
        "source_url": "https://www.openstreetmap.org/node/9037214386",
        "source_license": "ODbL (OpenStreetMap contributors)",
        "retrieved_at": "2026-08-23T10:14:09Z"
      }
    },
    {
      "type": "Feature",
      "geometry": {
        "type": "Point",
        "coordinates": [
          90.32939,
          23.78375
        ]
      },
      "properties": {
        "id": "osm-node-9037214387",
        "name": "Bordeshi",
        "name_bn": "বরদেশী",
        "level": "place",
        "place": "village",
        "status": "official",
        "confidence": "high",
        "source_url": "https://www.openstreetmap.org/node/9037214387",
        "source_license": "ODbL (OpenStreetMap contributors)",
        "retrieved_at": "2026-08-23T10:14:09Z"
      }
    },
    {
      "type": "Feature",
      "geometry": {
        "type": "Point",
        "coordinates": [
          90.37736,
          23.82182
        ]
      },
      "properties": {
        "id": "osm-node-9037252044",
        "name": "Kalshi",
        "name_bn": "কালশী",
        "level": "place",
        "place": "quarter",
        "status": "official",
        "confidence": "high",
        "source_url": "https://www.openstreetmap.org/node/9037252044",
        "source_license": "ODbL (OpenStreetMap contributors)",
        "retrieved_at": "2026-08-23T10:14:09Z"
      }
    },
    {
      "type": "Feature",
      "geometry": {
        "type": "Point",
        "coordinates": [
          90.37773,
          23.81832
        ]
      },
      "properties": {
        "id": "osm-node-9037252045",
        "name": "Lalmati",
        "name_bn": "লালমাটি",
        "level": "place",
        "place": "neighbourhood",
        "status": "official",
        "confidence": "high",
        "source_url": "https://www.openstreetmap.org/node/9037252045",
        "source_license": "ODbL (OpenStreetMap contributors)",
        "retrieved_at": "2026-08-23T10:14:09Z"
      }
    },
    {
      "type": "Feature",
      "geometry": {
        "type": "Point",
        "coordinates": [
          90.38937,
          23.88234
        ]
      },
      "properties": {
        "id": "osm-node-9039547459",
        "name": "Sector 10",
        "name_bn": "সেক্টর ১০",
        "level": "place",
        "place": "quarter",
        "status": "official",
        "confidence": "high",
        "source_url": "https://www.openstreetmap.org/node/9039547459",
        "source_license": "ODbL (OpenStreetMap contributors)",
        "retrieved_at": "2026-08-23T10:14:09Z"
      }
    },
    {
      "type": "Feature",
      "geometry": {
        "type": "Point",
        "coordinates": [
          90.36825,
          23.86624
        ]
      },
      "properties": {
        "id": "osm-node-9039547460",
        "name": "Sector 15",
        "name_bn": "সেক্টর ১৫",
        "level": "place",
        "place": "quarter",
        "status": "official",
        "confidence": "high",
        "source_url": "https://www.openstreetmap.org/node/9039547460",
        "source_license": "ODbL (OpenStreetMap contributors)",
        "retrieved_at": "2026-08-23T10:14:09Z"
      }
    },
    {
      "type": "Feature",
      "geometry": {
        "type": "Point",
        "coordinates": [
          90.41765,
          23.81517
        ]
      },
      "properties": {
        "id": "osm-node-9039591054",
        "name": "Joar Sahara",
        "name_bn": "জোয়ার সাহারা",
        "level": "place",
        "place": "suburb",
        "status": "official",
        "confidence": "high",
        "source_url": "https://www.openstreetmap.org/node/9039591054",
        "source_license": "ODbL (OpenStreetMap contributors)",
        "retrieved_at": "2026-08-23T10:14:09Z"
      }
    },
    {
      "type": "Feature",
      "geometry": {
        "type": "Point",
        "coordinates": [
          90.42791,
          23.78542
        ]
      },
      "properties": {
        "id": "osm-node-9039701572",
        "name": "North Badda",
        "name_bn": "উত্তর বাড্ডা",
        "level": "place",
        "place": "quarter",
        "status": "official",
        "confidence": "high",
        "source_url": "https://www.openstreetmap.org/node/9039701572",
        "source_license": "ODbL (OpenStreetMap contributors)",
        "retrieved_at": "2026-08-23T10:14:09Z"
      }
    },
    {
      "type": "Feature",
      "geometry": {
        "type": "Point",
        "coordinates": [
          90.42914,
          23.79319
        ]
      },
      "properties": {
        "id": "osm-node-9040563497",
        "name": "Khilbarirtek",
        "name_bn": "খিলবাড়িরটেক",
        "level": "place",
        "place": "quarter",
        "status": "official",
        "confidence": "high",
        "source_url": "https://www.openstreetmap.org/node/9040563497",
        "source_license": "ODbL (OpenStreetMap contributors)",
        "retrieved_at": "2026-08-23T10:14:09Z"
      }
    },
    {
      "type": "Feature",
      "geometry": {
        "type": "Point",
        "coordinates": [
          90.42397,
          23.79829
        ]
      },
      "properties": {
        "id": "osm-node-9040563498",
        "name": "Notun Bazar",
        "name_bn": "নতুন বাজার",
        "level": "place",
        "place": "quarter",
        "status": "official",
        "confidence": "high",
        "source_url": "https://www.openstreetmap.org/node/9040563498",
        "source_license": "ODbL (OpenStreetMap contributors)",
        "retrieved_at": "2026-08-23T10:14:09Z"
      }
    },
    {
      "type": "Feature",
      "geometry": {
        "type": "Point",
        "coordinates": [
          90.35457,
          23.81467
        ]
      },
      "properties": {
        "id": "osm-node-9040791346",
        "name": "Rupnagar",
        "name_bn": "রূপনগর",
        "level": "place",
        "place": "quarter",
        "status": "official",
        "confidence": "high",
        "source_url": "https://www.openstreetmap.org/node/9040791346",
        "source_license": "ODbL (OpenStreetMap contributors)",
        "retrieved_at": "2026-08-23T10:14:09Z"
      }
    },
    {
      "type": "Feature",
      "geometry": {
        "type": "Point",
        "coordinates": [
          90.47573,
          23.79998
        ]
      },
      "properties": {
        "id": "osm-node-9040804054",
        "name": "Beraid",
        "name_bn": "বেরাইদ",
        "level": "place",
        "place": "suburb",
        "status": "official",
        "confidence": "high",
        "source_url": "https://www.openstreetmap.org/node/9040804054",
        "source_license": "ODbL (OpenStreetMap contributors)",
        "retrieved_at": "2026-08-23T10:14:09Z"
      }
    },
    {
      "type": "Feature",
      "geometry": {
        "type": "Point",
        "coordinates": [
          90.50089,
          23.81119
        ]
      },
      "properties": {
        "id": "osm-node-9044596293",
        "name": "Jolshiri Abashon",
        "name_bn": "জলসিঁড়ি আবাসন",
        "level": "place",
        "place": "suburb",
        "status": "official",
        "confidence": "high",
        "source_url": "https://www.openstreetmap.org/node/9044596293",
        "source_license": "ODbL (OpenStreetMap contributors)",
        "retrieved_at": "2026-08-23T10:14:09Z"
      }
    },
    {
      "type": "Feature",
      "geometry": {
        "type": "Point",
        "coordinates": [
          90.42408,
          23.70291
        ]
      },
      "properties": {
        "id": "osm-node-9044627628",
        "name": "Gendaria",
        "name_bn": "গেন্ডারিয়া",
        "level": "place",
        "place": "suburb",
        "status": "official",
        "confidence": "high",
        "source_url": "https://www.openstreetmap.org/node/9044627628",
        "source_license": "ODbL (OpenStreetMap contributors)",
        "retrieved_at": "2026-08-23T10:14:09Z"
      }
    },
    {
      "type": "Feature",
      "geometry": {
        "type": "Point",
        "coordinates": [
          90.4287,
          23.69178
        ]
      },
      "properties": {
        "id": "osm-node-9044653284",
        "name": "Postogola",
        "name_bn": "পোস্তগোলা",
        "level": "place",
        "place": "suburb",
        "status": "official",
        "confidence": "high",
        "source_url": "https://www.openstreetmap.org/node/9044653284",
        "source_license": "ODbL (OpenStreetMap contributors)",
        "retrieved_at": "2026-08-23T10:14:09Z"
      }
    },
    {
      "type": "Feature",
      "geometry": {
        "type": "Point",
        "coordinates": [
          90.42401,
          23.71898
        ]
      },
      "properties": {
        "id": "osm-node-9044656200",
        "name": "Tikatuli",
        "name_bn": "টিকাটুলি",
        "level": "place",
        "place": "suburb",
        "status": "official",
        "confidence": "high",
        "source_url": "https://www.openstreetmap.org/node/9044656200",
        "source_license": "ODbL (OpenStreetMap contributors)",
        "retrieved_at": "2026-08-23T10:14:09Z"
      }
    },
    {
      "type": "Feature",
      "geometry": {
        "type": "Point",
        "coordinates": [
          90.41725,
          23.71027
        ]
      },
      "properties": {
        "id": "osm-node-9044656201",
        "name": "Dholaikhal",
        "name_bn": "ধোলাইখাল",
        "level": "place",
        "place": "quarter",
        "status": "official",
        "confidence": "high",
        "source_url": "https://www.openstreetmap.org/node/9044656201",
        "source_license": "ODbL (OpenStreetMap contributors)",
        "retrieved_at": "2026-08-23T10:14:09Z"
      }
    },
    {
      "type": "Feature",
      "geometry": {
        "type": "Point",
        "coordinates": [
          90.401,
          23.78815
        ]
      },
      "properties": {
        "id": "osm-node-9044667576",
        "name": "Chairman Bari",
        "name_bn": "চেয়ারম্যান বাড়ি",
        "level": "place",
        "place": "neighbourhood",
        "status": "official",
        "confidence": "high",
        "source_url": "https://www.openstreetmap.org/node/9044667576",
        "source_license": "ODbL (OpenStreetMap contributors)",
        "retrieved_at": "2026-08-23T10:14:09Z"
      }
    },
    {
      "type": "Feature",
      "geometry": {
        "type": "Point",
        "coordinates": [
          90.36296,
          23.745
        ]
      },
      "properties": {
        "id": "osm-node-9044670144",
        "name": "Rayer Bazar",
        "name_bn": "রায়ের বাজার",
        "level": "place",
        "place": "suburb",
        "status": "official",
        "confidence": "high",
        "source_url": "https://www.openstreetmap.org/node/9044670144",
        "source_license": "ODbL (OpenStreetMap contributors)",
        "retrieved_at": "2026-08-23T10:14:09Z"
      }
    },
    {
      "type": "Feature",
      "geometry": {
        "type": "Point",
        "coordinates": [
          90.37205,
          23.74032
        ]
      },
      "properties": {
        "id": "osm-node-9044670146",
        "name": "Jigatola",
        "name_bn": "জিগাতলা",
        "level": "place",
        "place": "suburb",
        "status": "official",
        "confidence": "high",
        "source_url": "https://www.openstreetmap.org/node/9044670146",
        "source_license": "ODbL (OpenStreetMap contributors)",
        "retrieved_at": "2026-08-23T10:14:09Z"
      }
    },
    {
      "type": "Feature",
      "geometry": {
        "type": "Point",
        "coordinates": [
          90.40909,
          23.78626
        ]
      },
      "properties": {
        "id": "osm-node-9044680596",
        "name": "Korail",
        "name_bn": "কড়াইল",
        "level": "place",
        "place": "quarter",
        "status": "official",
        "confidence": "high",
        "source_url": "https://www.openstreetmap.org/node/9044680596",
        "source_license": "ODbL (OpenStreetMap contributors)",
        "retrieved_at": "2026-08-23T10:14:09Z"
      }
    },
    {
      "type": "Feature",
      "geometry": {
        "type": "Point",
        "coordinates": [
          90.43909,
          23.68619
        ]
      },
      "properties": {
        "id": "osm-node-9044700736",
        "name": "Shyampur",
        "name_bn": "শ্যামপুর",
        "level": "place",
        "place": "suburb",
        "status": "official",
        "confidence": "high",
        "source_url": "https://www.openstreetmap.org/node/9044700736",
        "source_license": "ODbL (OpenStreetMap contributors)",
        "retrieved_at": "2026-08-23T10:14:09Z"
      }
    },
    {
      "type": "Feature",
      "geometry": {
        "type": "Point",
        "coordinates": [
          90.45791,
          23.67232
        ]
      },
      "properties": {
        "id": "osm-node-9044700737",
        "name": "Pagla",
        "name_bn": "পাগলা",
        "level": "place",
        "place": "suburb",
        "status": "official",
        "confidence": "high",
        "source_url": "https://www.openstreetmap.org/node/9044700737",
        "source_license": "ODbL (OpenStreetMap contributors)",
        "retrieved_at": "2026-08-23T10:14:09Z"
      }
    },
    {
      "type": "Feature",
      "geometry": {
        "type": "Point",
        "coordinates": [
          90.46063,
          23.70527
        ]
      },
      "properties": {
        "id": "osm-node-9044700738",
        "name": "Matuail",
        "name_bn": "মাতুয়াইল",
        "level": "place",
        "place": "suburb",
        "status": "official",
        "confidence": "high",
        "source_url": "https://www.openstreetmap.org/node/9044700738",
        "source_license": "ODbL (OpenStreetMap contributors)",
        "retrieved_at": "2026-08-23T10:14:09Z"
      }
    },
    {
      "type": "Feature",
      "geometry": {
        "type": "Point",
        "coordinates": [
          90.45088,
          23.70366
        ]
      },
      "properties": {
        "id": "osm-node-9044700739",
        "name": "Shonir Akhra",
        "name_bn": "শনির আখড়া",
        "level": "place",
        "place": "quarter",
        "status": "official",
        "confidence": "high",
        "source_url": "https://www.openstreetmap.org/node/9044700739",
        "source_license": "ODbL (OpenStreetMap contributors)",
        "retrieved_at": "2026-08-23T10:14:09Z"
      }
    },
    {
      "type": "Feature",
      "geometry": {
        "type": "Point",
        "coordinates": [
          90.43534,
          23.70261
        ]
      },
      "properties": {
        "id": "osm-node-9044700740",
        "name": "Dholairpar",
        "name_bn": "ধোলাইরপাড়",
        "level": "place",
        "place": "suburb",
        "status": "official",
        "confidence": "high",
        "source_url": "https://www.openstreetmap.org/node/9044700740",
        "source_license": "ODbL (OpenStreetMap contributors)",
        "retrieved_at": "2026-08-23T10:14:09Z"
      }
    },
    {
      "type": "Feature",
      "geometry": {
        "type": "Point",
        "coordinates": [
          90.36935,
          23.74347
        ]
      },
      "properties": {
        "id": "osm-node-9044757150",
        "name": "Staff Quarter",
        "name_bn": "স্টাফ কোয়ার্টার",
        "level": "place",
        "place": "neighbourhood",
        "status": "official",
        "confidence": "high",
        "source_url": "https://www.openstreetmap.org/node/9044757150",
        "source_license": "ODbL (OpenStreetMap contributors)",
        "retrieved_at": "2026-08-23T10:14:09Z"
      }
    },
    {
      "type": "Feature",
      "geometry": {
        "type": "Point",
        "coordinates": [
          90.48822,
          23.83475
        ]
      },
      "properties": {
        "id": "osm-node-9047414730",
        "name": "Sector 1",
        "name_bn": "সেক্টর ১",
        "level": "place",
        "place": "quarter",
        "status": "official",
        "confidence": "high",
        "source_url": "https://www.openstreetmap.org/node/9047414730",
        "source_license": "ODbL (OpenStreetMap contributors)",
        "retrieved_at": "2026-08-23T10:14:09Z"
      }
    },
    {
      "type": "Feature",
      "geometry": {
        "type": "Point",
        "coordinates": [
          90.4997,
          23.85208
        ]
      },
      "properties": {
        "id": "osm-node-9050428999",
        "name": "Sector 18",
        "name_bn": "সেক্টর ১৮",
        "level": "place",
        "place": "quarter",
        "status": "official",
        "confidence": "high",
        "source_url": "https://www.openstreetmap.org/node/9050428999",
        "source_license": "ODbL (OpenStreetMap contributors)",
        "retrieved_at": "2026-08-23T10:14:09Z"
      }
    },
    {
      "type": "Feature",
      "geometry": {
        "type": "Point",
        "coordinates": [
          90.50593,
          23.83523
        ]
      },
      "properties": {
        "id": "osm-node-9050738706",
        "name": "Sector 2",
        "name_bn": "সেক্টর ২",
        "level": "place",
        "place": "quarter",
        "status": "official",
        "confidence": "high",
        "source_url": "https://www.openstreetmap.org/node/9050738706",
        "source_license": "ODbL (OpenStreetMap contributors)",
        "retrieved_at": "2026-08-23T10:14:09Z"
      }
    },
    {
      "type": "Feature",
      "geometry": {
        "type": "Point",
        "coordinates": [
          90.52234,
          23.83364
        ]
      },
      "properties": {
        "id": "osm-node-9050738707",
        "name": "Sector 3",
        "name_bn": "সেক্টর ৩",
        "level": "place",
        "place": "quarter",
        "status": "official",
        "confidence": "high",
        "source_url": "https://www.openstreetmap.org/node/9050738707",
        "source_license": "ODbL (OpenStreetMap contributors)",
        "retrieved_at": "2026-08-23T10:14:09Z"
      }
    },
    {
      "type": "Feature",
      "geometry": {
        "type": "Point",
        "coordinates": [
          90.54034,
          23.83848
        ]
      },
      "properties": {
        "id": "osm-node-9050738708",
        "name": "Sector 4",
        "name_bn": "সেক্টর ৪",
        "level": "place",
        "place": "quarter",
        "status": "official",
        "confidence": "high",
        "source_url": "https://www.openstreetmap.org/node/9050738708",
        "source_license": "ODbL (OpenStreetMap contributors)",
        "retrieved_at": "2026-08-23T10:14:09Z"
      }
    },
    {
      "type": "Feature",
      "geometry": {
        "type": "Point",
        "coordinates": [
          90.53135,
          23.83778
        ]
      },
      "properties": {
        "id": "osm-node-9050738709",
        "name": "Sector 5",
        "name_bn": "সেক্টর ৫",
        "level": "place",
        "place": "quarter",
        "status": "official",
        "confidence": "high",
        "source_url": "https://www.openstreetmap.org/node/9050738709",
        "source_license": "ODbL (OpenStreetMap contributors)",
        "retrieved_at": "2026-08-23T10:14:09Z"
      }
    },
    {
      "type": "Feature",
      "geometry": {
        "type": "Point",
        "coordinates": [
          90.51054,
          23.84218
        ]
      },
      "properties": {
        "id": "osm-node-9050738710",
        "name": "Sector 9",
        "name_bn": "সেক্টর ৯",
        "level": "place",
        "place": "quarter",
        "status": "official",
        "confidence": "high",
        "source_url": "https://www.openstreetmap.org/node/9050738710",
        "source_license": "ODbL (OpenStreetMap contributors)",
        "retrieved_at": "2026-08-23T10:14:09Z"
      }
    },
    {
      "type": "Feature",
      "geometry": {
        "type": "Point",
        "coordinates": [
          90.50101,
          23.84229
        ]
      },
      "properties": {
        "id": "osm-node-9050738711",
        "name": "Sector 10",
        "name_bn": "সেক্টর ১০",
        "level": "place",
        "place": "quarter",
        "status": "official",
        "confidence": "high",
        "source_url": "https://www.openstreetmap.org/node/9050738711",
        "source_license": "ODbL (OpenStreetMap contributors)",
        "retrieved_at": "2026-08-23T10:14:09Z"
      }
    },
    {
      "type": "Feature",
      "geometry": {
        "type": "Point",
        "coordinates": [
          90.51013,
          23.85024
        ]
      },
      "properties": {
        "id": "osm-node-9050738712",
        "name": "Sector 19",
        "name_bn": "সেক্টর ১৯",
        "level": "place",
        "place": "quarter",
        "status": "official",
        "confidence": "high",
        "source_url": "https://www.openstreetmap.org/node/9050738712",
        "source_license": "ODbL (OpenStreetMap contributors)",
        "retrieved_at": "2026-08-23T10:14:09Z"
      }
    },
    {
      "type": "Feature",
      "geometry": {
        "type": "Point",
        "coordinates": [
          90.48558,
          23.84437
        ]
      },
      "properties": {
        "id": "osm-node-9050738713",
        "name": "Sector 12",
        "name_bn": "সেক্টর ১২",
        "level": "place",
        "place": "quarter",
        "status": "official",
        "confidence": "high",
        "source_url": "https://www.openstreetmap.org/node/9050738713",
        "source_license": "ODbL (OpenStreetMap contributors)",
        "retrieved_at": "2026-08-23T10:14:09Z"
      }
    },
    {
      "type": "Feature",
      "geometry": {
        "type": "Point",
        "coordinates": [
          90.49339,
          23.84145
        ]
      },
      "properties": {
        "id": "osm-node-9050738714",
        "name": "Sector 11",
        "name_bn": "সেক্টর ১১",
        "level": "place",
        "place": "quarter",
        "status": "official",
        "confidence": "high",
        "source_url": "https://www.openstreetmap.org/node/9050738714",
        "source_license": "ODbL (OpenStreetMap contributors)",
        "retrieved_at": "2026-08-23T10:14:09Z"
      }
    },
    {
      "type": "Feature",
      "geometry": {
        "type": "Point",
        "coordinates": [
          90.49237,
          23.84993
        ]
      },
      "properties": {
        "id": "osm-node-9050738715",
        "name": "Sector 17",
        "name_bn": "সেক্টর ১৭",
        "level": "place",
        "place": "quarter",
        "status": "official",
        "confidence": "high",
        "source_url": "https://www.openstreetmap.org/node/9050738715",
        "source_license": "ODbL (OpenStreetMap contributors)",
        "retrieved_at": "2026-08-23T10:14:09Z"
      }
    },
    {
      "type": "Feature",
      "geometry": {
        "type": "Point",
        "coordinates": [
          90.48623,
          23.85167
        ]
      },
      "properties": {
        "id": "osm-node-9050738716",
        "name": "Sector 16",
        "name_bn": "সেক্টর ১৬",
        "level": "place",
        "place": "quarter",
        "status": "official",
        "confidence": "high",
        "source_url": "https://www.openstreetmap.org/node/9050738716",
        "source_license": "ODbL (OpenStreetMap contributors)",
        "retrieved_at": "2026-08-23T10:14:09Z"
      }
    },
    {
      "type": "Feature",
      "geometry": {
        "type": "Point",
        "coordinates": [
          90.48058,
          23.85972
        ]
      },
      "properties": {
        "id": "osm-node-9050743376",
        "name": "Sector 26",
        "name_bn": "সেক্টর ২৬",
        "level": "place",
        "place": "quarter",
        "status": "official",
        "confidence": "high",
        "source_url": "https://www.openstreetmap.org/node/9050743376",
        "source_license": "ODbL (OpenStreetMap contributors)",
        "retrieved_at": "2026-08-23T10:14:09Z"
      }
    },
    {
      "type": "Feature",
      "geometry": {
        "type": "Point",
        "coordinates": [
          90.48862,
          23.85999
        ]
      },
      "properties": {
        "id": "osm-node-9050743377",
        "name": "Sector 25",
        "name_bn": "সেক্টর ২৫",
        "level": "place",
        "place": "quarter",
        "status": "official",
        "confidence": "high",
        "source_url": "https://www.openstreetmap.org/node/9050743377",
        "source_license": "ODbL (OpenStreetMap contributors)",
        "retrieved_at": "2026-08-23T10:14:09Z"
      }
    },
    {
      "type": "Feature",
      "geometry": {
        "type": "Point",
        "coordinates": [
          90.49889,
          23.85984
        ]
      },
      "properties": {
        "id": "osm-node-9050743378",
        "name": "Sector 24",
        "name_bn": "সেক্টর ২৪",
        "level": "place",
        "place": "quarter",
        "status": "official",
        "confidence": "high",
        "source_url": "https://www.openstreetmap.org/node/9050743378",
        "source_license": "ODbL (OpenStreetMap contributors)",
        "retrieved_at": "2026-08-23T10:14:09Z"
      }
    },
    {
      "type": "Feature",
      "geometry": {
        "type": "Point",
        "coordinates": [
          90.47848,
          23.85248
        ]
      },
      "properties": {
        "id": "osm-node-9050748717",
        "name": "Sector 15",
        "name_bn": "সেক্টর ১৫",
        "level": "place",
        "place": "quarter",
        "status": "official",
        "confidence": "high",
        "source_url": "https://www.openstreetmap.org/node/9050748717",
        "source_license": "ODbL (OpenStreetMap contributors)",
        "retrieved_at": "2026-08-23T10:14:09Z"
      }
    },
    {
      "type": "Feature",
      "geometry": {
        "type": "Point",
        "coordinates": [
          90.47532,
          23.84466
        ]
      },
      "properties": {
        "id": "osm-node-9050748718",
        "name": "Sector 14",
        "name_bn": "সেক্টর ১৪",
        "level": "place",
        "place": "quarter",
        "status": "official",
        "confidence": "high",
        "source_url": "https://www.openstreetmap.org/node/9050748718",
        "source_license": "ODbL (OpenStreetMap contributors)",
        "retrieved_at": "2026-08-23T10:14:09Z"
      }
    },
    {
      "type": "Feature",
      "geometry": {
        "type": "Point",
        "coordinates": [
          90.48069,
          23.84219
        ]
      },
      "properties": {
        "id": "osm-node-9050748719",
        "name": "Sector 13",
        "name_bn": "সেক্টর ১৩",
        "level": "place",
        "place": "quarter",
        "status": "official",
        "confidence": "high",
        "source_url": "https://www.openstreetmap.org/node/9050748719",
        "source_license": "ODbL (OpenStreetMap contributors)",
        "retrieved_at": "2026-08-23T10:14:09Z"
      }
    },
    {
      "type": "Feature",
      "geometry": {
        "type": "Point",
        "coordinates": [
          90.52065,
          23.83939
        ]
      },
      "properties": {
        "id": "osm-node-9051147509",
        "name": "Sector 7",
        "name_bn": "সেক্টর ৭",
        "level": "place",
        "place": "quarter",
        "status": "official",
        "confidence": "high",
        "source_url": "https://www.openstreetmap.org/node/9051147509",
        "source_license": "ODbL (OpenStreetMap contributors)",
        "retrieved_at": "2026-08-23T10:14:09Z"
      }
    },
    {
      "type": "Feature",
      "geometry": {
        "type": "Point",
        "coordinates": [
          90.5205,
          23.84486
        ]
      },
      "properties": {
        "id": "osm-node-9051147510",
        "name": "Sector 8",
        "name_bn": "সেক্টর ৮",
        "level": "place",
        "place": "quarter",
        "status": "official",
        "confidence": "high",
        "source_url": "https://www.openstreetmap.org/node/9051147510",
        "source_license": "ODbL (OpenStreetMap contributors)",
        "retrieved_at": "2026-08-23T10:14:09Z"
      }
    },
    {
      "type": "Feature",
      "geometry": {
        "type": "Point",
        "coordinates": [
          90.52836,
          23.84443
        ]
      },
      "properties": {
        "id": "osm-node-9051147511",
        "name": "Sector 6",
        "name_bn": "সেক্টর ৬",
        "level": "place",
        "place": "quarter",
        "status": "official",
        "confidence": "high",
        "source_url": "https://www.openstreetmap.org/node/9051147511",
        "source_license": "ODbL (OpenStreetMap contributors)",
        "retrieved_at": "2026-08-23T10:14:09Z"
      }
    },
    {
      "type": "Feature",
      "geometry": {
        "type": "Point",
        "coordinates": [
          90.51947,
          23.85147
        ]
      },
      "properties": {
        "id": "osm-node-9051147512",
        "name": "Sector 20",
        "name_bn": "সেক্টর ২০",
        "level": "place",
        "place": "quarter",
        "status": "official",
        "confidence": "high",
        "source_url": "https://www.openstreetmap.org/node/9051147512",
        "source_license": "ODbL (OpenStreetMap contributors)",
        "retrieved_at": "2026-08-23T10:14:09Z"
      }
    },
    {
      "type": "Feature",
      "geometry": {
        "type": "Point",
        "coordinates": [
          90.53107,
          23.84996
        ]
      },
      "properties": {
        "id": "osm-node-9051147513",
        "name": "Sector 21",
        "name_bn": "সেক্টর ২১",
        "level": "place",
        "place": "quarter",
        "status": "official",
        "confidence": "high",
        "source_url": "https://www.openstreetmap.org/node/9051147513",
        "source_license": "ODbL (OpenStreetMap contributors)",
        "retrieved_at": "2026-08-23T10:14:09Z"
      }
    },
    {
      "type": "Feature",
      "geometry": {
        "type": "Point",
        "coordinates": [
          90.51498,
          23.8598
        ]
      },
      "properties": {
        "id": "osm-node-9051184098",
        "name": "Sector 22",
        "name_bn": "সেক্টর ২২",
        "level": "place",
        "place": "quarter",
        "status": "official",
        "confidence": "high",
        "source_url": "https://www.openstreetmap.org/node/9051184098",
        "source_license": "ODbL (OpenStreetMap contributors)",
        "retrieved_at": "2026-08-23T10:14:09Z"
      }
    },
    {
      "type": "Feature",
      "geometry": {
        "type": "Point",
        "coordinates": [
          90.5098,
          23.85848
        ]
      },
      "properties": {
        "id": "osm-node-9051184099",
        "name": "Sector 23",
        "name_bn": "সেক্টর ২৩",
        "level": "place",
        "place": "quarter",
        "status": "official",
        "confidence": "high",
        "source_url": "https://www.openstreetmap.org/node/9051184099",
        "source_license": "ODbL (OpenStreetMap contributors)",
        "retrieved_at": "2026-08-23T10:14:09Z"
      }
    },
    {
      "type": "Feature",
      "geometry": {
        "type": "Point",
        "coordinates": [
          90.50946,
          23.86639
        ]
      },
      "properties": {
        "id": "osm-node-9051184100",
        "name": "Sector 29",
        "name_bn": "সেক্টর ২৯",
        "level": "place",
        "place": "quarter",
        "status": "official",
        "confidence": "high",
        "source_url": "https://www.openstreetmap.org/node/9051184100",
        "source_license": "ODbL (OpenStreetMap contributors)",
        "retrieved_at": "2026-08-23T10:14:09Z"
      }
    },
    {
      "type": "Feature",
      "geometry": {
        "type": "Point",
        "coordinates": [
          90.509,
          23.87218
        ]
      },
      "properties": {
        "id": "osm-node-9051184101",
        "name": "Sector 30",
        "name_bn": "সেক্টর ৩০",
        "level": "place",
        "place": "quarter",
        "status": "official",
        "confidence": "high",
        "source_url": "https://www.openstreetmap.org/node/9051184101",
        "source_license": "ODbL (OpenStreetMap contributors)",
        "retrieved_at": "2026-08-23T10:14:09Z"
      }
    },
    {
      "type": "Feature",
      "geometry": {
        "type": "Point",
        "coordinates": [
          90.49894,
          23.86764
        ]
      },
      "properties": {
        "id": "osm-node-9051184102",
        "name": "Sector 28",
        "name_bn": "সেক্টর ২৮",
        "level": "place",
        "place": "quarter",
        "status": "official",
        "confidence": "high",
        "source_url": "https://www.openstreetmap.org/node/9051184102",
        "source_license": "ODbL (OpenStreetMap contributors)",
        "retrieved_at": "2026-08-23T10:14:09Z"
      }
    },
    {
      "type": "Feature",
      "geometry": {
        "type": "Point",
        "coordinates": [
          90.48865,
          23.86713
        ]
      },
      "properties": {
        "id": "osm-node-9051184103",
        "name": "Sector 27",
        "name_bn": "সেক্টর ২৭",
        "level": "place",
        "place": "quarter",
        "status": "official",
        "confidence": "high",
        "source_url": "https://www.openstreetmap.org/node/9051184103",
        "source_license": "ODbL (OpenStreetMap contributors)",
        "retrieved_at": "2026-08-23T10:14:09Z"
      }
    },
    {
      "type": "Feature",
      "geometry": {
        "type": "Point",
        "coordinates": [
          90.39869,
          23.80479
        ]
      },
      "properties": {
        "id": "osm-node-9052262819",
        "name": "Dhaka Cantonment",
        "name_bn": "ঢাকা সেনানিবাস",
        "level": "place",
        "place": "suburb",
        "status": "official",
        "confidence": "high",
        "source_url": "https://www.openstreetmap.org/node/9052262819",
        "source_license": "ODbL (OpenStreetMap contributors)",
        "retrieved_at": "2026-08-23T10:14:09Z"
      }
    },
    {
      "type": "Feature",
      "geometry": {
        "type": "Point",
        "coordinates": [
          90.3596,
          23.83898
        ]
      },
      "properties": {
        "id": "osm-node-9052262820",
        "name": "Mirpur Cantonment",
        "name_bn": "মিরপুর সেনানিবাস",
        "level": "place",
        "place": "suburb",
        "status": "official",
        "confidence": "high",
        "source_url": "https://www.openstreetmap.org/node/9052262820",
        "source_license": "ODbL (OpenStreetMap contributors)",
        "retrieved_at": "2026-08-23T10:14:09Z"
      }
    },
    {
      "type": "Feature",
      "geometry": {
        "type": "Point",
        "coordinates": [
          90.32095,
          23.83704
        ]
      },
      "properties": {
        "id": "osm-node-9052558606",
        "name": "Sadullapur",
        "name_bn": "সাদুল্লাপুর",
        "level": "place",
        "place": "village",
        "status": "official",
        "confidence": "high",
        "source_url": "https://www.openstreetmap.org/node/9052558606",
        "source_license": "ODbL (OpenStreetMap contributors)",
        "retrieved_at": "2026-08-23T10:14:09Z"
      }
    },
    {
      "type": "Feature",
      "geometry": {
        "type": "Point",
        "coordinates": [
          90.33393,
          23.85017
        ]
      },
      "properties": {
        "id": "osm-node-9053788504",
        "name": "Birulia",
        "name_bn": "বিরুলিয়া",
        "level": "place",
        "place": "village",
        "status": "official",
        "confidence": "high",
        "source_url": "https://www.openstreetmap.org/node/9053788504",
        "source_license": "ODbL (OpenStreetMap contributors)",
        "retrieved_at": "2026-08-23T10:14:09Z"
      }
    },
    {
      "type": "Feature",
      "geometry": {
        "type": "Point",
        "coordinates": [
          90.43431,
          23.69625
        ]
      },
      "properties": {
        "id": "osm-node-9056157965",
        "name": "Jurain",
        "name_bn": "জুরাইন",
        "level": "place",
        "place": "suburb",
        "status": "official",
        "confidence": "high",
        "source_url": "https://www.openstreetmap.org/node/9056157965",
        "source_license": "ODbL (OpenStreetMap contributors)",
        "retrieved_at": "2026-08-23T10:14:09Z"
      }
    },
    {
      "type": "Feature",
      "geometry": {
        "type": "Point",
        "coordinates": [
          90.39598,
          23.70639
        ]
      },
      "properties": {
        "id": "osm-node-9057685710",
        "name": "Zinzira",
        "name_bn": "জিঞ্জিরা",
        "level": "place",
        "place": "suburb",
        "status": "official",
        "confidence": "high",
        "source_url": "https://www.openstreetmap.org/node/9057685710",
        "source_license": "ODbL (OpenStreetMap contributors)",
        "retrieved_at": "2026-08-23T10:14:09Z"
      }
    },
    {
      "type": "Feature",
      "geometry": {
        "type": "Point",
        "coordinates": [
          90.41958,
          23.68311
        ]
      },
      "properties": {
        "id": "osm-node-9057685711",
        "name": "Ekuria",
        "name_bn": "ইকুরিয়া",
        "level": "place",
        "place": "suburb",
        "status": "official",
        "confidence": "high",
        "source_url": "https://www.openstreetmap.org/node/9057685711",
        "source_license": "ODbL (OpenStreetMap contributors)",
        "retrieved_at": "2026-08-23T10:14:09Z"
      }
    },
    {
      "type": "Feature",
      "geometry": {
        "type": "Point",
        "coordinates": [
          90.44709,
          23.65882
        ]
      },
      "properties": {
        "id": "osm-node-9057685712",
        "name": "Pangaon",
        "name_bn": "পানগাঁও",
        "level": "place",
        "place": "village",
        "status": "official",
        "confidence": "high",
        "source_url": "https://www.openstreetmap.org/node/9057685712",
        "source_license": "ODbL (OpenStreetMap contributors)",
        "retrieved_at": "2026-08-23T10:14:09Z"
      }
    },
    {
      "type": "Feature",
      "geometry": {
        "type": "Point",
        "coordinates": [
          90.33509,
          23.72958
        ]
      },
      "properties": {
        "id": "osm-node-9057685713",
        "name": "Ati",
        "name_bn": "আটি",
        "level": "place",
        "place": "village",
        "status": "official",
        "confidence": "high",
        "source_url": "https://www.openstreetmap.org/node/9057685713",
        "source_license": "ODbL (OpenStreetMap contributors)",
        "retrieved_at": "2026-08-23T10:14:09Z"
      }
    },
    {
      "type": "Feature",
      "geometry": {
        "type": "Point",
        "coordinates": [
          90.33667,
          23.7905
        ]
      },
      "properties": {
        "id": "osm-node-9057685714",
        "name": "Melartek",
        "name_bn": "মেলারটেক",
        "level": "place",
        "place": "village",
        "status": "official",
        "confidence": "high",
        "source_url": "https://www.openstreetmap.org/node/9057685714",
        "source_license": "ODbL (OpenStreetMap contributors)",
        "retrieved_at": "2026-08-23T10:14:09Z"
      }
    },
    {
      "type": "Feature",
      "geometry": {
        "type": "Point",
        "coordinates": [
          90.33527,
          23.78854
        ]
      },
      "properties": {
        "id": "osm-node-9057685716",
        "name": "Isakabad",
        "name_bn": "ইসাকাবাদ",
        "level": "place",
        "place": "village",
        "status": "official",
        "confidence": "high",
        "source_url": "https://www.openstreetmap.org/node/9057685716",
        "source_license": "ODbL (OpenStreetMap contributors)",
        "retrieved_at": "2026-08-23T10:14:09Z"
      }
    },
    {
      "type": "Feature",
      "geometry": {
        "type": "Point",
        "coordinates": [
          90.33331,
          23.78661
        ]
      },
      "properties": {
        "id": "osm-node-9057721417",
        "name": "Hijla",
        "name_bn": "হিজলা",
        "level": "place",
        "place": "quarter",
        "status": "official",
        "confidence": "high",
        "source_url": "https://www.openstreetmap.org/node/9057721417",
        "source_license": "ODbL (OpenStreetMap contributors)",
        "retrieved_at": "2026-08-23T10:14:09Z"
      }
    },
    {
      "type": "Feature",
      "geometry": {
        "type": "Point",
        "coordinates": [
          90.331,
          23.78784
        ]
      },
      "properties": {
        "id": "osm-node-9057721418",
        "name": "Begunbari",
        "name_bn": "বেগুনবাড়ী",
        "level": "place",
        "place": "quarter",
        "status": "official",
        "confidence": "high",
        "source_url": "https://www.openstreetmap.org/node/9057721418",
        "source_license": "ODbL (OpenStreetMap contributors)",
        "retrieved_at": "2026-08-23T10:14:09Z"
      }
    },
    {
      "type": "Feature",
      "geometry": {
        "type": "Point",
        "coordinates": [
          90.34796,
          23.87529
        ]
      },
      "properties": {
        "id": "osm-node-9057721419",
        "name": "Rustompur",
        "name_bn": "রুস্তমপুর",
        "level": "place",
        "place": "village",
        "status": "official",
        "confidence": "high",
        "source_url": "https://www.openstreetmap.org/node/9057721419",
        "source_license": "ODbL (OpenStreetMap contributors)",
        "retrieved_at": "2026-08-23T10:14:09Z"
      }
    },
    {
      "type": "Feature",
      "geometry": {
        "type": "Point",
        "coordinates": [
          90.34255,
          23.87068
        ]
      },
      "properties": {
        "id": "osm-node-9057721420",
        "name": "Deul",
        "name_bn": "দেউল",
        "level": "place",
        "place": "village",
        "status": "official",
        "confidence": "high",
        "source_url": "https://www.openstreetmap.org/node/9057721420",
        "source_license": "ODbL (OpenStreetMap contributors)",
        "retrieved_at": "2026-08-23T10:14:09Z"
      }
    },
    {
      "type": "Feature",
      "geometry": {
        "type": "Point",
        "coordinates": [
          90.30838,
          23.85907
        ]
      },
      "properties": {
        "id": "osm-node-9057721421",
        "name": "Akran",
        "name_bn": "আকরান",
        "level": "place",
        "place": "village",
        "status": "official",
        "confidence": "high",
        "source_url": "https://www.openstreetmap.org/node/9057721421",
        "source_license": "ODbL (OpenStreetMap contributors)",
        "retrieved_at": "2026-08-23T10:14:09Z"
      }
    },
    {
      "type": "Feature",
      "geometry": {
        "type": "Point",
        "coordinates": [
          90.31045,
          23.87498
        ]
      },
      "properties": {
        "id": "osm-node-9057721422",
        "name": "Khagan",
        "name_bn": "খাগান",
        "level": "place",
        "place": "village",
        "status": "official",
        "confidence": "high",
        "source_url": "https://www.openstreetmap.org/node/9057721422",
        "source_license": "ODbL (OpenStreetMap contributors)",
        "retrieved_at": "2026-08-23T10:14:09Z"
      }
    },
    {
      "type": "Feature",
      "geometry": {
        "type": "Point",
        "coordinates": [
          90.31752,
          23.87092
        ]
      },
      "properties": {
        "id": "osm-node-9057721423",
        "name": "Ashulia Model Town",
        "name_bn": "আশুলিয়া মডেল টাউন",
        "level": "place",
        "place": "suburb",
        "status": "official",
        "confidence": "high",
        "source_url": "https://www.openstreetmap.org/node/9057721423",
        "source_license": "ODbL (OpenStreetMap contributors)",
        "retrieved_at": "2026-08-23T10:14:09Z"
      }
    },
    {
      "type": "Feature",
      "geometry": {
        "type": "Point",
        "coordinates": [
          90.34029,
          23.80088
        ]
      },
      "properties": {
        "id": "osm-node-9057722250",
        "name": "Baghsatra",
        "name_bn": "বাঘসাত্রা",
        "level": "place",
        "place": "village",
        "status": "official",
        "confidence": "high",
        "source_url": "https://www.openstreetmap.org/node/9057722250",
        "source_license": "ODbL (OpenStreetMap contributors)",
        "retrieved_at": "2026-08-23T10:14:09Z"
      }
    },
    {
      "type": "Feature",
      "geometry": {
        "type": "Point",
        "coordinates": [
          90.40715,
          23.73854
        ]
      },
      "properties": {
        "id": "osm-node-9064090941",
        "name": "Kakrail",
        "name_bn": "কাকরাইল",
        "level": "place",
        "place": "quarter",
        "status": "official",
        "confidence": "high",
        "source_url": "https://www.openstreetmap.org/node/9064090941",
        "source_license": "ODbL (OpenStreetMap contributors)",
        "retrieved_at": "2026-08-23T10:14:09Z"
      }
    },
    {
      "type": "Feature",
      "geometry": {
        "type": "Point",
        "coordinates": [
          90.40227,
          23.73986
        ]
      },
      "properties": {
        "id": "osm-node-9064090942",
        "name": "Ramna",
        "name_bn": "রমনা",
        "level": "place",
        "place": "suburb",
        "status": "official",
        "confidence": "high",
        "source_url": "https://www.openstreetmap.org/node/9064090942",
        "source_license": "ODbL (OpenStreetMap contributors)",
        "retrieved_at": "2026-08-23T10:14:09Z"
      }
    },
    {
      "type": "Feature",
      "geometry": {
        "type": "Point",
        "coordinates": [
          90.39955,
          23.74526
        ]
      },
      "properties": {
        "id": "osm-node-9064090943",
        "name": "Eskaton Garden",
        "name_bn": "ইস্কাটন গার্ডেন",
        "level": "place",
        "place": "quarter",
        "status": "official",
        "confidence": "high",
        "source_url": "https://www.openstreetmap.org/node/9064090943",
        "source_license": "ODbL (OpenStreetMap contributors)",
        "retrieved_at": "2026-08-23T10:14:09Z"
      }
    },
    {
      "type": "Feature",
      "geometry": {
        "type": "Point",
        "coordinates": [
          90.39385,
          23.75174
        ]
      },
      "properties": {
        "id": "osm-node-9064097554",
        "name": "Kawran Bazar",
        "name_bn": "কাওরান বাজার",
        "level": "place",
        "place": "suburb",
        "status": "official",
        "confidence": "high",
        "source_url": "https://www.openstreetmap.org/node/9064097554",
        "source_license": "ODbL (OpenStreetMap contributors)",
        "retrieved_at": "2026-08-23T10:14:09Z"
      }
    },
    {
      "type": "Feature",
      "geometry": {
        "type": "Point",
        "coordinates": [
          90.38647,
          23.7507
        ]
      },
      "properties": {
        "id": "osm-node-9064097563",
        "name": "Panthopath",
        "name_bn": "পান্থপথ",
        "level": "place",
        "place": "suburb",
        "status": "official",
        "confidence": "high",
        "source_url": "https://www.openstreetmap.org/node/9064097563",
        "source_license": "ODbL (OpenStreetMap contributors)",
        "retrieved_at": "2026-08-23T10:14:09Z"
      }
    },
    {
      "type": "Feature",
      "geometry": {
        "type": "Point",
        "coordinates": [
          90.3515,
          23.77046
        ]
      },
      "properties": {
        "id": "osm-node-9065167441",
        "name": "Shekhertek",
        "name_bn": "শেখেরটেক",
        "level": "place",
        "place": "quarter",
        "status": "official",
        "confidence": "high",
        "source_url": "https://www.openstreetmap.org/node/9065167441",
        "source_license": "ODbL (OpenStreetMap contributors)",
        "retrieved_at": "2026-08-23T10:14:09Z"
      }
    },
    {
      "type": "Feature",
      "geometry": {
        "type": "Point",
        "coordinates": [
          90.34311,
          23.7485
        ]
      },
      "properties": {
        "id": "osm-node-9065338880",
        "name": "Bosila",
        "name_bn": "বসিলা",
        "level": "place",
        "place": "suburb",
        "status": "official",
        "confidence": "high",
        "source_url": "https://www.openstreetmap.org/node/9065338880",
        "source_license": "ODbL (OpenStreetMap contributors)",
        "retrieved_at": "2026-08-23T10:14:09Z"
      }
    },
    {
      "type": "Feature",
      "geometry": {
        "type": "Point",
        "coordinates": [
          90.34474,
          23.74015
        ]
      },
      "properties": {
        "id": "osm-node-9065338881",
        "name": "Char Washpur",
        "name_bn": "চর ওয়াশপুর",
        "level": "place",
        "place": "suburb",
        "status": "official",
        "confidence": "high",
        "source_url": "https://www.openstreetmap.org/node/9065338881",
        "source_license": "ODbL (OpenStreetMap contributors)",
        "retrieved_at": "2026-08-23T10:14:09Z"
      }
    },
    {
      "type": "Feature",
      "geometry": {
        "type": "Point",
        "coordinates": [
          90.35588,
          23.8667
        ]
      },
      "properties": {
        "id": "osm-node-9065660511",
        "name": "Sector 16",
        "name_bn": "সেক্টর ১৬",
        "level": "place",
        "place": "quarter",
        "status": "official",
        "confidence": "high",
        "source_url": "https://www.openstreetmap.org/node/9065660511",
        "source_license": "ODbL (OpenStreetMap contributors)",
        "retrieved_at": "2026-08-23T10:14:09Z"
      }
    },
    {
      "type": "Feature",
      "geometry": {
        "type": "Point",
        "coordinates": [
          90.36742,
          23.87385
        ]
      },
      "properties": {
        "id": "osm-node-9065660512",
        "name": "Diabari",
        "name_bn": "দিয়াবাড়ি",
        "level": "place",
        "place": "suburb",
        "status": "official",
        "confidence": "high",
        "source_url": "https://www.openstreetmap.org/node/9065660512",
        "source_license": "ODbL (OpenStreetMap contributors)",
        "retrieved_at": "2026-08-23T10:14:09Z"
      }
    },
    {
      "type": "Feature",
      "geometry": {
        "type": "Point",
        "coordinates": [
          90.37185,
          23.84764
        ]
      },
      "properties": {
        "id": "osm-node-9065660514",
        "name": "Sector 17",
        "name_bn": "সেক্টর ১৭",
        "level": "place",
        "place": "quarter",
        "status": "official",
        "confidence": "high",
        "source_url": "https://www.openstreetmap.org/node/9065660514",
        "source_license": "ODbL (OpenStreetMap contributors)",
        "retrieved_at": "2026-08-23T10:14:09Z"
      }
    },
    {
      "type": "Feature",
      "geometry": {
        "type": "Point",
        "coordinates": [
          90.3549,
          23.77803
        ]
      },
      "properties": {
        "id": "osm-node-9066914331",
        "name": "Darus Salam",
        "name_bn": "দারুস সালাম",
        "level": "place",
        "place": "quarter",
        "status": "official",
        "confidence": "high",
        "source_url": "https://www.openstreetmap.org/node/9066914331",
        "source_license": "ODbL (OpenStreetMap contributors)",
        "retrieved_at": "2026-08-23T10:14:09Z"
      }
    },
    {
      "type": "Feature",
      "geometry": {
        "type": "Point",
        "coordinates": [
          90.34575,
          23.87342
        ]
      },
      "properties": {
        "id": "osm-node-9069081040",
        "name": "Binodpur",
        "name_bn": "বিনোদপুর",
        "level": "place",
        "place": "village",
        "status": "official",
        "confidence": "high",
        "source_url": "https://www.openstreetmap.org/node/9069081040",
        "source_license": "ODbL (OpenStreetMap contributors)",
        "retrieved_at": "2026-08-23T10:14:09Z"
      }
    },
    {
      "type": "Feature",
      "geometry": {
        "type": "Point",
        "coordinates": [
          90.33248,
          23.86652
        ]
      },
      "properties": {
        "id": "osm-node-9069081041",
        "name": "Dampara",
        "name_bn": "দামপাড়া",
        "level": "place",
        "place": "village",
        "status": "official",
        "confidence": "high",
        "source_url": "https://www.openstreetmap.org/node/9069081041",
        "source_license": "ODbL (OpenStreetMap contributors)",
        "retrieved_at": "2026-08-23T10:14:09Z"
      }
    },
    {
      "type": "Feature",
      "geometry": {
        "type": "Point",
        "coordinates": [
          90.33756,
          23.8674
        ]
      },
      "properties": {
        "id": "osm-node-9069081042",
        "name": "Saipara",
        "name_bn": "সাইপাড়া",
        "level": "place",
        "place": "village",
        "status": "official",
        "confidence": "high",
        "source_url": "https://www.openstreetmap.org/node/9069081042",
        "source_license": "ODbL (OpenStreetMap contributors)",
        "retrieved_at": "2026-08-23T10:14:09Z"
      }
    },
    {
      "type": "Feature",
      "geometry": {
        "type": "Point",
        "coordinates": [
          90.33599,
          23.87902
        ]
      },
      "properties": {
        "id": "osm-node-9069081043",
        "name": "Paragaon",
        "name_bn": "পাড়াগাঁও",
        "level": "place",
        "place": "village",
        "status": "official",
        "confidence": "high",
        "source_url": "https://www.openstreetmap.org/node/9069081043",
        "source_license": "ODbL (OpenStreetMap contributors)",
        "retrieved_at": "2026-08-23T10:14:09Z"
      }
    },
    {
      "type": "Feature",
      "geometry": {
        "type": "Point",
        "coordinates": [
          90.33203,
          23.88367
        ]
      },
      "properties": {
        "id": "osm-node-9069081044",
        "name": "Sadhupara",
        "name_bn": "সাধুপাড়া",
        "level": "place",
        "place": "village",
        "status": "official",
        "confidence": "high",
        "source_url": "https://www.openstreetmap.org/node/9069081044",
        "source_license": "ODbL (OpenStreetMap contributors)",
        "retrieved_at": "2026-08-23T10:14:09Z"
      }
    },
    {
      "type": "Feature",
      "geometry": {
        "type": "Point",
        "coordinates": [
          90.31593,
          23.88891
        ]
      },
      "properties": {
        "id": "osm-node-9069081045",
        "name": "Gauripur",
        "name_bn": "গৌরিপুর",
        "level": "place",
        "place": "village",
        "status": "official",
        "confidence": "high",
        "source_url": "https://www.openstreetmap.org/node/9069081045",
        "source_license": "ODbL (OpenStreetMap contributors)",
        "retrieved_at": "2026-08-23T10:14:09Z"
      }
    },
    {
      "type": "Feature",
      "geometry": {
        "type": "Point",
        "coordinates": [
          90.30454,
          23.88335
        ]
      },
      "properties": {
        "id": "osm-node-9069081046",
        "name": "Basaid",
        "name_bn": "বাসাইদ",
        "level": "place",
        "place": "village",
        "status": "official",
        "confidence": "high",
        "source_url": "https://www.openstreetmap.org/node/9069081046",
        "source_license": "ODbL (OpenStreetMap contributors)",
        "retrieved_at": "2026-08-23T10:14:09Z"
      }
    },
    {
      "type": "Feature",
      "geometry": {
        "type": "Point",
        "coordinates": [
          90.32372,
          23.88654
        ]
      },
      "properties": {
        "id": "osm-node-9069081047",
        "name": "Sujabad",
        "name_bn": "সুজাবাদ",
        "level": "place",
        "place": "village",
        "status": "official",
        "confidence": "high",
        "source_url": "https://www.openstreetmap.org/node/9069081047",
        "source_license": "ODbL (OpenStreetMap contributors)",
        "retrieved_at": "2026-08-23T10:14:09Z"
      }
    },
    {
      "type": "Feature",
      "geometry": {
        "type": "Point",
        "coordinates": [
          90.32484,
          23.88246
        ]
      },
      "properties": {
        "id": "osm-node-9069081048",
        "name": "Chandgaon",
        "name_bn": "চাঁদগাঁও",
        "level": "place",
        "place": "village",
        "status": "official",
        "confidence": "high",
        "source_url": "https://www.openstreetmap.org/node/9069081048",
        "source_license": "ODbL (OpenStreetMap contributors)",
        "retrieved_at": "2026-08-23T10:14:09Z"
      }
    },
    {
      "type": "Feature",
      "geometry": {
        "type": "Point",
        "coordinates": [
          90.4571,
          23.69805
        ]
      },
      "properties": {
        "id": "osm-node-9070791839",
        "name": "Rayerbag",
        "name_bn": "রায়েরবাগ",
        "level": "place",
        "place": "suburb",
        "status": "official",
        "confidence": "high",
        "source_url": "https://www.openstreetmap.org/node/9070791839",
        "source_license": "ODbL (OpenStreetMap contributors)",
        "retrieved_at": "2026-08-23T10:14:09Z"
      }
    },
    {
      "type": "Feature",
      "geometry": {
        "type": "Point",
        "coordinates": [
          90.44515,
          23.7011
        ]
      },
      "properties": {
        "id": "osm-node-9070817029",
        "name": "Donia",
        "name_bn": "দনিয়া",
        "level": "place",
        "place": "suburb",
        "status": "official",
        "confidence": "high",
        "source_url": "https://www.openstreetmap.org/node/9070817029",
        "source_license": "ODbL (OpenStreetMap contributors)",
        "retrieved_at": "2026-08-23T10:14:09Z"
      }
    },
    {
      "type": "Feature",
      "geometry": {
        "type": "Point",
        "coordinates": [
          90.39243,
          23.76182
        ]
      },
      "properties": {
        "id": "osm-node-9072733838",
        "name": "Tejkunipara",
        "name_bn": "তেজকুনিপাড়া",
        "level": "place",
        "place": "quarter",
        "status": "official",
        "confidence": "high",
        "source_url": "https://www.openstreetmap.org/node/9072733838",
        "source_license": "ODbL (OpenStreetMap contributors)",
        "retrieved_at": "2026-08-23T10:14:09Z"
      }
    },
    {
      "type": "Feature",
      "geometry": {
        "type": "Point",
        "coordinates": [
          90.39099,
          23.74105
        ]
      },
      "properties": {
        "id": "osm-node-9072760927",
        "name": "Hatirpul",
        "name_bn": "হাতিরপুল",
        "level": "place",
        "place": "quarter",
        "status": "official",
        "confidence": "high",
        "source_url": "https://www.openstreetmap.org/node/9072760927",
        "source_license": "ODbL (OpenStreetMap contributors)",
        "retrieved_at": "2026-08-23T10:14:09Z"
      }
    },
    {
      "type": "Feature",
      "geometry": {
        "type": "Point",
        "coordinates": [
          90.3758,
          23.73175
        ]
      },
      "properties": {
        "id": "osm-node-9072812094",
        "name": "Pilkhana",
        "name_bn": "পিলখানা",
        "level": "place",
        "place": "suburb",
        "status": "official",
        "confidence": "high",
        "source_url": "https://www.openstreetmap.org/node/9072812094",
        "source_license": "ODbL (OpenStreetMap contributors)",
        "retrieved_at": "2026-08-23T10:14:09Z"
      }
    },
    {
      "type": "Feature",
      "geometry": {
        "type": "Point",
        "coordinates": [
          90.42806,
          23.67
        ]
      },
      "properties": {
        "id": "osm-node-9072931227",
        "name": "Basundhara Riverview",
        "name_bn": "বসুন্ধরা রিভারভিউ",
        "level": "place",
        "place": "suburb",
        "status": "official",
        "confidence": "high",
        "source_url": "https://www.openstreetmap.org/node/9072931227",
        "source_license": "ODbL (OpenStreetMap contributors)",
        "retrieved_at": "2026-08-23T10:14:09Z"
      }
    },
    {
      "type": "Feature",
      "geometry": {
        "type": "Point",
        "coordinates": [
          90.39924,
          23.67821
        ]
      },
      "properties": {
        "id": "osm-node-9073045494",
        "name": "Jhilmil Residential",
        "name_bn": "ঝিলমিল আবাসিক",
        "level": "place",
        "place": "suburb",
        "status": "official",
        "confidence": "high",
        "source_url": "https://www.openstreetmap.org/node/9073045494",
        "source_license": "ODbL (OpenStreetMap contributors)",
        "retrieved_at": "2026-08-23T10:14:09Z"
      }
    },
    {
      "type": "Feature",
      "geometry": {
        "type": "Point",
        "coordinates": [
          90.41866,
          23.71228
        ]
      },
      "properties": {
        "id": "osm-node-9076243667",
        "name": "Narinda",
        "name_bn": "নারিন্দা",
        "level": "place",
        "place": "suburb",
        "status": "official",
        "confidence": "high",
        "source_url": "https://www.openstreetmap.org/node/9076243667",
        "source_license": "ODbL (OpenStreetMap contributors)",
        "retrieved_at": "2026-08-23T10:14:09Z"
      }
    },
    {
      "type": "Feature",
      "geometry": {
        "type": "Point",
        "coordinates": [
          90.42359,
          23.7134
        ]
      },
      "properties": {
        "id": "osm-node-9076243668",
        "name": "Swamibag",
        "name_bn": "স্বামীবাগ",
        "level": "place",
        "place": "quarter",
        "status": "official",
        "confidence": "high",
        "source_url": "https://www.openstreetmap.org/node/9076243668",
        "source_license": "ODbL (OpenStreetMap contributors)",
        "retrieved_at": "2026-08-23T10:14:09Z"
      }
    },
    {
      "type": "Feature",
      "geometry": {
        "type": "Point",
        "coordinates": [
          90.40405,
          23.70898
        ]
      },
      "properties": {
        "id": "osm-node-9076402950",
        "name": "Badamtoli",
        "name_bn": "বাদামতলী",
        "level": "place",
        "place": "neighbourhood",
        "status": "official",
        "confidence": "high",
        "source_url": "https://www.openstreetmap.org/node/9076402950",
        "source_license": "ODbL (OpenStreetMap contributors)",
        "retrieved_at": "2026-08-23T10:14:09Z"
      }
    },
    {
      "type": "Feature",
      "geometry": {
        "type": "Point",
        "coordinates": [
          90.40886,
          23.70754
        ]
      },
      "properties": {
        "id": "osm-node-9076402951",
        "name": "Patuatuli",
        "name_bn": "পাটুয়াটুলি",
        "level": "place",
        "place": "quarter",
        "status": "official",
        "confidence": "high",
        "source_url": "https://www.openstreetmap.org/node/9076402951",
        "source_license": "ODbL (OpenStreetMap contributors)",
        "retrieved_at": "2026-08-23T10:14:09Z"
      }
    },
    {
      "type": "Feature",
      "geometry": {
        "type": "Point",
        "coordinates": [
          90.41687,
          23.70645
        ]
      },
      "properties": {
        "id": "osm-node-9076402952",
        "name": "Sutrapur",
        "name_bn": "সূত্রাপুর",
        "level": "place",
        "place": "suburb",
        "status": "official",
        "confidence": "high",
        "source_url": "https://www.openstreetmap.org/node/9076402952",
        "source_license": "ODbL (OpenStreetMap contributors)",
        "retrieved_at": "2026-08-23T10:14:09Z"
      }
    },
    {
      "type": "Feature",
      "geometry": {
        "type": "Point",
        "coordinates": [
          90.39849,
          23.717
        ]
      },
      "properties": {
        "id": "osm-node-9076478270",
        "name": "Begum Bazar",
        "name_bn": "বেগম বাজার",
        "level": "place",
        "place": "quarter",
        "status": "official",
        "confidence": "high",
        "source_url": "https://www.openstreetmap.org/node/9076478270",
        "source_license": "ODbL (OpenStreetMap contributors)",
        "retrieved_at": "2026-08-23T10:14:09Z"
      }
    },
    {
      "type": "Feature",
      "geometry": {
        "type": "Point",
        "coordinates": [
          90.402,
          23.71724
        ]
      },
      "properties": {
        "id": "osm-node-9076478271",
        "name": "Mahuttuli",
        "name_bn": "মাহুৎটুলী",
        "level": "place",
        "place": "neighbourhood",
        "status": "official",
        "confidence": "high",
        "source_url": "https://www.openstreetmap.org/node/9076478271",
        "source_license": "ODbL (OpenStreetMap contributors)",
        "retrieved_at": "2026-08-23T10:14:09Z"
      }
    },
    {
      "type": "Feature",
      "geometry": {
        "type": "Point",
        "coordinates": [
          90.40005,
          23.71599
        ]
      },
      "properties": {
        "id": "osm-node-9076478272",
        "name": "Becharam Dewri",
        "name_bn": "বেচারাম দেউড়ি",
        "level": "place",
        "place": "neighbourhood",
        "status": "official",
        "confidence": "high",
        "source_url": "https://www.openstreetmap.org/node/9076478272",
        "source_license": "ODbL (OpenStreetMap contributors)",
        "retrieved_at": "2026-08-23T10:14:09Z"
      }
    },
    {
      "type": "Feature",
      "geometry": {
        "type": "Point",
        "coordinates": [
          90.39989,
          23.72313
        ]
      },
      "properties": {
        "id": "osm-node-9076503767",
        "name": "Chankharpul",
        "name_bn": "চানখারপুল",
        "level": "place",
        "place": "neighbourhood",
        "status": "official",
        "confidence": "high",
        "source_url": "https://www.openstreetmap.org/node/9076503767",
        "source_license": "ODbL (OpenStreetMap contributors)",
        "retrieved_at": "2026-08-23T10:14:09Z"
      }
    },
    {
      "type": "Feature",
      "geometry": {
        "type": "Point",
        "coordinates": [
          90.39723,
          23.71602
        ]
      },
      "properties": {
        "id": "osm-node-9076503768",
        "name": "Muqim Katra",
        "name_bn": "মুকিম কাটরা",
        "level": "place",
        "place": "neighbourhood",
        "status": "official",
        "confidence": "high",
        "source_url": "https://www.openstreetmap.org/node/9076503768",
        "source_license": "ODbL (OpenStreetMap contributors)",
        "retrieved_at": "2026-08-23T10:14:09Z"
      }
    },
    {
      "type": "Feature",
      "geometry": {
        "type": "Point",
        "coordinates": [
          90.37654,
          23.72289
        ]
      },
      "properties": {
        "id": "osm-node-9076503769",
        "name": "Nawabganj",
        "name_bn": "নবাবগঞ্জ",
        "level": "place",
        "place": "suburb",
        "status": "official",
        "confidence": "high",
        "source_url": "https://www.openstreetmap.org/node/9076503769",
        "source_license": "ODbL (OpenStreetMap contributors)",
        "retrieved_at": "2026-08-23T10:14:09Z"
      }
    },
    {
      "type": "Feature",
      "geometry": {
        "type": "Point",
        "coordinates": [
          90.42193,
          23.70631
        ]
      },
      "properties": {
        "id": "osm-node-9076605422",
        "name": "Dhupkhola",
        "name_bn": "ধূপখোলা",
        "level": "place",
        "place": "quarter",
        "status": "official",
        "confidence": "high",
        "source_url": "https://www.openstreetmap.org/node/9076605422",
        "source_license": "ODbL (OpenStreetMap contributors)",
        "retrieved_at": "2026-08-23T10:14:09Z"
      }
    },
    {
      "type": "Feature",
      "geometry": {
        "type": "Point",
        "coordinates": [
          90.43039,
          23.70401
        ]
      },
      "properties": {
        "id": "osm-node-9076605430",
        "name": "Mir Hajirbag",
        "name_bn": "মীর হাজিরবাগ",
        "level": "place",
        "place": "suburb",
        "status": "official",
        "confidence": "high",
        "source_url": "https://www.openstreetmap.org/node/9076605430",
        "source_license": "ODbL (OpenStreetMap contributors)",
        "retrieved_at": "2026-08-23T10:14:09Z"
      }
    },
    {
      "type": "Feature",
      "geometry": {
        "type": "Point",
        "coordinates": [
          90.39436,
          23.71732
        ]
      },
      "properties": {
        "id": "osm-node-9077110904",
        "name": "Churihatta",
        "name_bn": "চুড়িহাট্টা",
        "level": "place",
        "place": "quarter",
        "status": "official",
        "confidence": "high",
        "source_url": "https://www.openstreetmap.org/node/9077110904",
        "source_license": "ODbL (OpenStreetMap contributors)",
        "retrieved_at": "2026-08-23T10:14:09Z"
      }
    },
    {
      "type": "Feature",
      "geometry": {
        "type": "Point",
        "coordinates": [
          90.40187,
          23.72346
        ]
      },
      "properties": {
        "id": "osm-node-9077110909",
        "name": "Nimtali",
        "name_bn": "নিমতলী",
        "level": "place",
        "place": "quarter",
        "status": "official",
        "confidence": "high",
        "source_url": "https://www.openstreetmap.org/node/9077110909",
        "source_license": "ODbL (OpenStreetMap contributors)",
        "retrieved_at": "2026-08-23T10:14:09Z"
      }
    },
    {
      "type": "Feature",
      "geometry": {
        "type": "Point",
        "coordinates": [
          90.3605,
          23.75562
        ]
      },
      "properties": {
        "id": "osm-node-9079656744",
        "name": "Katasur",
        "name_bn": "কাটাসুর",
        "level": "place",
        "place": "quarter",
        "status": "official",
        "confidence": "high",
        "source_url": "https://www.openstreetmap.org/node/9079656744",
        "source_license": "ODbL (OpenStreetMap contributors)",
        "retrieved_at": "2026-08-23T10:14:09Z"
      }
    },
    {
      "type": "Feature",
      "geometry": {
        "type": "Point",
        "coordinates": [
          90.34392,
          23.76331
        ]
      },
      "properties": {
        "id": "osm-node-9079656745",
        "name": "Dhaka Uddyan",
        "name_bn": "ঢাকা উদ্যান",
        "level": "place",
        "place": "suburb",
        "status": "official",
        "confidence": "high",
        "source_url": "https://www.openstreetmap.org/node/9079656745",
        "source_license": "ODbL (OpenStreetMap contributors)",
        "retrieved_at": "2026-08-23T10:14:09Z"
      }
    },
    {
      "type": "Feature",
      "geometry": {
        "type": "Point",
        "coordinates": [
          90.39292,
          23.7728
        ]
      },
      "properties": {
        "id": "osm-node-9079691945",
        "name": "Shaheenbag",
        "name_bn": "শাহীনবাগ",
        "level": "place",
        "place": "quarter",
        "status": "official",
        "confidence": "high",
        "source_url": "https://www.openstreetmap.org/node/9079691945",
        "source_license": "ODbL (OpenStreetMap contributors)",
        "retrieved_at": "2026-08-23T10:14:09Z"
      }
    },
    {
      "type": "Feature",
      "geometry": {
        "type": "Point",
        "coordinates": [
          90.3596,
          23.75871
        ]
      },
      "properties": {
        "id": "osm-node-9081847942",
        "name": "Bashbari",
        "name_bn": "বাঁশবাড়ি",
        "level": "place",
        "place": "quarter",
        "status": "official",
        "confidence": "high",
        "source_url": "https://www.openstreetmap.org/node/9081847942",
        "source_license": "ODbL (OpenStreetMap contributors)",
        "retrieved_at": "2026-08-23T10:14:09Z"
      }
    },
    {
      "type": "Feature",
      "geometry": {
        "type": "Point",
        "coordinates": [
          90.40587,
          23.72474
        ]
      },
      "properties": {
        "id": "osm-node-9081874794",
        "name": "Fulbaria",
        "name_bn": "ফুলবাড়িয়া",
        "level": "place",
        "place": "quarter",
        "status": "official",
        "confidence": "high",
        "source_url": "https://www.openstreetmap.org/node/9081874794",
        "source_license": "ODbL (OpenStreetMap contributors)",
        "retrieved_at": "2026-08-23T10:14:09Z"
      }
    },
    {
      "type": "Feature",
      "geometry": {
        "type": "Point",
        "coordinates": [
          90.39497,
          23.72182
        ]
      },
      "properties": {
        "id": "osm-node-9081884485",
        "name": "Bokshibazar",
        "name_bn": "বকশীবাজার",
        "level": "place",
        "place": "suburb",
        "status": "official",
        "confidence": "high",
        "source_url": "https://www.openstreetmap.org/node/9081884485",
        "source_license": "ODbL (OpenStreetMap contributors)",
        "retrieved_at": "2026-08-23T10:14:09Z"
      }
    },
    {
      "type": "Feature",
      "geometry": {
        "type": "Point",
        "coordinates": [
          90.42896,
          23.71863
        ]
      },
      "properties": {
        "id": "osm-node-9084115678",
        "name": "Golapbag",
        "name_bn": "গোলাপবাগ",
        "level": "place",
        "place": "suburb",
        "status": "official",
        "confidence": "high",
        "source_url": "https://www.openstreetmap.org/node/9084115678",
        "source_license": "ODbL (OpenStreetMap contributors)",
        "retrieved_at": "2026-08-23T10:14:09Z"
      }
    },
    {
      "type": "Feature",
      "geometry": {
        "type": "Point",
        "coordinates": [
          90.40577,
          23.71475
        ]
      },
      "properties": {
        "id": "osm-node-9084115688",
        "name": "Noyabazar",
        "name_bn": "নয়াবাজার",
        "level": "place",
        "place": "quarter",
        "status": "official",
        "confidence": "high",
        "source_url": "https://www.openstreetmap.org/node/9084115688",
        "source_license": "ODbL (OpenStreetMap contributors)",
        "retrieved_at": "2026-08-23T10:14:09Z"
      }
    },
    {
      "type": "Feature",
      "geometry": {
        "type": "Point",
        "coordinates": [
          90.40561,
          23.71299
        ]
      },
      "properties": {
        "id": "osm-node-9084115689",
        "name": "Zindabahar",
        "name_bn": "জিন্দাবাহার",
        "level": "place",
        "place": "neighbourhood",
        "status": "official",
        "confidence": "high",
        "source_url": "https://www.openstreetmap.org/node/9084115689",
        "source_license": "ODbL (OpenStreetMap contributors)",
        "retrieved_at": "2026-08-23T10:14:09Z"
      }
    },
    {
      "type": "Feature",
      "geometry": {
        "type": "Point",
        "coordinates": [
          90.41004,
          23.715
        ]
      },
      "properties": {
        "id": "osm-node-9084115690",
        "name": "Malitola",
        "name_bn": "মালিটোলা",
        "level": "place",
        "place": "quarter",
        "status": "official",
        "confidence": "high",
        "source_url": "https://www.openstreetmap.org/node/9084115690",
        "source_license": "ODbL (OpenStreetMap contributors)",
        "retrieved_at": "2026-08-23T10:14:09Z"
      }
    },
    {
      "type": "Feature",
      "geometry": {
        "type": "Point",
        "coordinates": [
          90.38928,
          23.71368
        ]
      },
      "properties": {
        "id": "osm-node-9085812857",
        "name": "Islambag",
        "name_bn": "ইসলামবাগ",
        "level": "place",
        "place": "quarter",
        "status": "official",
        "confidence": "high",
        "source_url": "https://www.openstreetmap.org/node/9085812857",
        "source_license": "ODbL (OpenStreetMap contributors)",
        "retrieved_at": "2026-08-23T10:14:09Z"
      }
    },
    {
      "type": "Feature",
      "geometry": {
        "type": "Point",
        "coordinates": [
          90.39784,
          23.71524
        ]
      },
      "properties": {
        "id": "osm-node-9085812858",
        "name": "Moulovibazar",
        "name_bn": "মৌলভীবাজার",
        "level": "place",
        "place": "neighbourhood",
        "status": "official",
        "confidence": "high",
        "source_url": "https://www.openstreetmap.org/node/9085812858",
        "source_license": "ODbL (OpenStreetMap contributors)",
        "retrieved_at": "2026-08-23T10:14:09Z"
      }
    },
    {
      "type": "Feature",
      "geometry": {
        "type": "Point",
        "coordinates": [
          90.40375,
          23.7164
        ]
      },
      "properties": {
        "id": "osm-node-9085911452",
        "name": "Koshaituli",
        "name_bn": "কসাইটুলী",
        "level": "place",
        "place": "quarter",
        "status": "official",
        "confidence": "high",
        "source_url": "https://www.openstreetmap.org/node/9085911452",
        "source_license": "ODbL (OpenStreetMap contributors)",
        "retrieved_at": "2026-08-23T10:14:09Z"
      }
    },
    {
      "type": "Feature",
      "geometry": {
        "type": "Point",
        "coordinates": [
          90.40519,
          23.71877
        ]
      },
      "properties": {
        "id": "osm-node-9085911453",
        "name": "Shikkatuli",
        "name_bn": "সিক্কাটুলি",
        "level": "place",
        "place": "quarter",
        "status": "official",
        "confidence": "high",
        "source_url": "https://www.openstreetmap.org/node/9085911453",
        "source_license": "ODbL (OpenStreetMap contributors)",
        "retrieved_at": "2026-08-23T10:14:09Z"
      }
    },
    {
      "type": "Feature",
      "geometry": {
        "type": "Point",
        "coordinates": [
          90.40739,
          23.71916
        ]
      },
      "properties": {
        "id": "osm-node-9087435013",
        "name": "Nazira Bazar",
        "name_bn": "নাজিরা বাজার",
        "level": "place",
        "place": "quarter",
        "status": "official",
        "confidence": "high",
        "source_url": "https://www.openstreetmap.org/node/9087435013",
        "source_license": "ODbL (OpenStreetMap contributors)",
        "retrieved_at": "2026-08-23T10:14:09Z"
      }
    },
    {
      "type": "Feature",
      "geometry": {
        "type": "Point",
        "coordinates": [
          90.40837,
          23.72002
        ]
      },
      "properties": {
        "id": "osm-node-9087441016",
        "name": "Alu Bazar",
        "name_bn": "আলু বাজার",
        "level": "place",
        "place": "neighbourhood",
        "status": "official",
        "confidence": "high",
        "source_url": "https://www.openstreetmap.org/node/9087441016",
        "source_license": "ODbL (OpenStreetMap contributors)",
        "retrieved_at": "2026-08-23T10:14:09Z"
      }
    },
    {
      "type": "Feature",
      "geometry": {
        "type": "Point",
        "coordinates": [
          90.41311,
          23.7223
        ]
      },
      "properties": {
        "id": "osm-node-9087451770",
        "name": "Kaptan Bazar",
        "name_bn": "কাপ্তান বাজার",
        "level": "place",
        "place": "neighbourhood",
        "status": "official",
        "confidence": "high",
        "source_url": "https://www.openstreetmap.org/node/9087451770",
        "source_license": "ODbL (OpenStreetMap contributors)",
        "retrieved_at": "2026-08-23T10:14:09Z"
      }
    },
    {
      "type": "Feature",
      "geometry": {
        "type": "Point",
        "coordinates": [
          90.41315,
          23.72075
        ]
      },
      "properties": {
        "id": "osm-node-9087543553",
        "name": "Thatari Bazar",
        "name_bn": "ঠাটারী বাজার",
        "level": "place",
        "place": "quarter",
        "status": "official",
        "confidence": "high",
        "source_url": "https://www.openstreetmap.org/node/9087543553",
        "source_license": "ODbL (OpenStreetMap contributors)",
        "retrieved_at": "2026-08-23T10:14:09Z"
      }
    },
    {
      "type": "Feature",
      "geometry": {
        "type": "Point",
        "coordinates": [
          90.44004,
          23.72997
        ]
      },
      "properties": {
        "id": "osm-node-9087777208",
        "name": "Manda",
        "name_bn": "মান্ডা",
        "level": "place",
        "place": "suburb",
        "status": "official",
        "confidence": "high",
        "source_url": "https://www.openstreetmap.org/node/9087777208",
        "source_license": "ODbL (OpenStreetMap contributors)",
        "retrieved_at": "2026-08-23T10:14:09Z"
      }
    },
    {
      "type": "Feature",
      "geometry": {
        "type": "Point",
        "coordinates": [
          90.42936,
          23.73725
        ]
      },
      "properties": {
        "id": "osm-node-9088618494",
        "name": "Sabujbag",
        "name_bn": "সবুজবাগ",
        "level": "place",
        "place": "quarter",
        "status": "official",
        "confidence": "high",
        "source_url": "https://www.openstreetmap.org/node/9088618494",
        "source_license": "ODbL (OpenStreetMap contributors)",
        "retrieved_at": "2026-08-23T10:14:09Z"
      }
    },
    {
      "type": "Feature",
      "geometry": {
        "type": "Point",
        "coordinates": [
          90.45475,
          23.74576
        ]
      },
      "properties": {
        "id": "osm-node-9088670979",
        "name": "Surujbag",
        "name_bn": "সুরুজবাগ",
        "level": "place",
        "place": "neighbourhood",
        "status": "official",
        "confidence": "high",
        "source_url": "https://www.openstreetmap.org/node/9088670979",
        "source_license": "ODbL (OpenStreetMap contributors)",
        "retrieved_at": "2026-08-23T10:14:09Z"
      }
    },
    {
      "type": "Feature",
      "geometry": {
        "type": "Point",
        "coordinates": [
          90.44813,
          23.74763
        ]
      },
      "properties": {
        "id": "osm-node-9088670980",
        "name": "Nandipara",
        "name_bn": "নন্দিপাড়া",
        "level": "place",
        "place": "suburb",
        "status": "official",
        "confidence": "high",
        "source_url": "https://www.openstreetmap.org/node/9088670980",
        "source_license": "ODbL (OpenStreetMap contributors)",
        "retrieved_at": "2026-08-23T10:14:09Z"
      }
    },
    {
      "type": "Feature",
      "geometry": {
        "type": "Point",
        "coordinates": [
          90.39787,
          23.74787
        ]
      },
      "properties": {
        "id": "osm-node-9088683950",
        "name": "New Eskaton",
        "name_bn": "নিউ ইস্কাটন",
        "level": "place",
        "place": "quarter",
        "status": "official",
        "confidence": "high",
        "source_url": "https://www.openstreetmap.org/node/9088683950",
        "source_license": "ODbL (OpenStreetMap contributors)",
        "retrieved_at": "2026-08-23T10:14:09Z"
      }
    },
    {
      "type": "Feature",
      "geometry": {
        "type": "Point",
        "coordinates": [
          90.44029,
          23.75231
        ]
      },
      "properties": {
        "id": "osm-node-9088684631",
        "name": "South Banasree",
        "name_bn": "দক্ষিণ বনশ্রী",
        "level": "place",
        "place": "suburb",
        "status": "official",
        "confidence": "high",
        "source_url": "https://www.openstreetmap.org/node/9088684631",
        "source_license": "ODbL (OpenStreetMap contributors)",
        "retrieved_at": "2026-08-23T10:14:09Z"
      }
    },
    {
      "type": "Feature",
      "geometry": {
        "type": "Point",
        "coordinates": [
          90.41483,
          23.76541
        ]
      },
      "properties": {
        "id": "osm-node-9088686655",
        "name": "Mohanagar",
        "name_bn": "মহানগর",
        "level": "place",
        "place": "quarter",
        "status": "official",
        "confidence": "high",
        "source_url": "https://www.openstreetmap.org/node/9088686655",
        "source_license": "ODbL (OpenStreetMap contributors)",
        "retrieved_at": "2026-08-23T10:14:09Z"
      }
    },
    {
      "type": "Feature",
      "geometry": {
        "type": "Point",
        "coordinates": [
          90.41769,
          23.74774
        ]
      },
      "properties": {
        "id": "osm-node-9088714392",
        "name": "Gulbag",
        "name_bn": "গুলবাগ",
        "level": "place",
        "place": "quarter",
        "status": "official",
        "confidence": "high",
        "source_url": "https://www.openstreetmap.org/node/9088714392",
        "source_license": "ODbL (OpenStreetMap contributors)",
        "retrieved_at": "2026-08-23T10:14:09Z"
      }
    },
    {
      "type": "Feature",
      "geometry": {
        "type": "Point",
        "coordinates": [
          90.42316,
          23.74467
        ]
      },
      "properties": {
        "id": "osm-node-9088748626",
        "name": "North Shahjahanpur",
        "name_bn": null,
        "level": "place",
        "place": "quarter",
        "status": "official",
        "confidence": "high",
        "source_url": "https://www.openstreetmap.org/node/9088748626",
        "source_license": "ODbL (OpenStreetMap contributors)",
        "retrieved_at": "2026-08-23T10:14:09Z"
      }
    },
    {
      "type": "Feature",
      "geometry": {
        "type": "Point",
        "coordinates": [
          90.47042,
          23.69032
        ]
      },
      "properties": {
        "id": "osm-node-9088834521",
        "name": "Tushardhara",
        "name_bn": "তুষারধারা",
        "level": "place",
        "place": "quarter",
        "status": "official",
        "confidence": "high",
        "source_url": "https://www.openstreetmap.org/node/9088834521",
        "source_license": "ODbL (OpenStreetMap contributors)",
        "retrieved_at": "2026-08-23T10:14:09Z"
      }
    },
    {
      "type": "Feature",
      "geometry": {
        "type": "Point",
        "coordinates": [
          90.47526,
          23.69065
        ]
      },
      "properties": {
        "id": "osm-node-9088920879",
        "name": "Giridhara",
        "name_bn": "গিরিধারা",
        "level": "place",
        "place": "quarter",
        "status": "official",
        "confidence": "high",
        "source_url": "https://www.openstreetmap.org/node/9088920879",
        "source_license": "ODbL (OpenStreetMap contributors)",
        "retrieved_at": "2026-08-23T10:14:09Z"
      }
    },
    {
      "type": "Feature",
      "geometry": {
        "type": "Point",
        "coordinates": [
          90.38319,
          23.72223
        ]
      },
      "properties": {
        "id": "osm-node-9091240738",
        "name": "Sheikh Shaheb Bazar",
        "name_bn": "শেখ সাহেব বাজার",
        "level": "place",
        "place": "quarter",
        "status": "official",
        "confidence": "high",
        "source_url": "https://www.openstreetmap.org/node/9091240738",
        "source_license": "ODbL (OpenStreetMap contributors)",
        "retrieved_at": "2026-08-23T10:14:09Z"
      }
    },
    {
      "type": "Feature",
      "geometry": {
        "type": "Point",
        "coordinates": [
          90.38255,
          23.71983
        ]
      },
      "properties": {
        "id": "osm-node-9091270283",
        "name": "Amligola",
        "name_bn": "আমলিগোলা",
        "level": "place",
        "place": "quarter",
        "status": "official",
        "confidence": "high",
        "source_url": "https://www.openstreetmap.org/node/9091270283",
        "source_license": "ODbL (OpenStreetMap contributors)",
        "retrieved_at": "2026-08-23T10:14:09Z"
      }
    },
    {
      "type": "Feature",
      "geometry": {
        "type": "Point",
        "coordinates": [
          90.3814,
          23.72328
        ]
      },
      "properties": {
        "id": "osm-node-9091309946",
        "name": "Kashmiritola",
        "name_bn": "কাশ্মীরিতলা",
        "level": "place",
        "place": "neighbourhood",
        "status": "official",
        "confidence": "high",
        "source_url": "https://www.openstreetmap.org/node/9091309946",
        "source_license": "ODbL (OpenStreetMap contributors)",
        "retrieved_at": "2026-08-23T10:14:09Z"
      }
    },
    {
      "type": "Feature",
      "geometry": {
        "type": "Point",
        "coordinates": [
          90.38152,
          23.72163
        ]
      },
      "properties": {
        "id": "osm-node-9091309947",
        "name": "Chowdhury Bazar",
        "name_bn": "চৌধুরী বাজার",
        "level": "place",
        "place": "quarter",
        "status": "official",
        "confidence": "high",
        "source_url": "https://www.openstreetmap.org/node/9091309947",
        "source_license": "ODbL (OpenStreetMap contributors)",
        "retrieved_at": "2026-08-23T10:14:09Z"
      }
    },
    {
      "type": "Feature",
      "geometry": {
        "type": "Point",
        "coordinates": [
          90.37347,
          23.72049
        ]
      },
      "properties": {
        "id": "osm-node-9091339485",
        "name": "Rasulpur",
        "name_bn": "রসূলপুর",
        "level": "place",
        "place": "quarter",
        "status": "official",
        "confidence": "high",
        "source_url": "https://www.openstreetmap.org/node/9091339485",
        "source_license": "ODbL (OpenStreetMap contributors)",
        "retrieved_at": "2026-08-23T10:14:09Z"
      }
    },
    {
      "type": "Feature",
      "geometry": {
        "type": "Point",
        "coordinates": [
          90.42003,
          23.70054
        ]
      },
      "properties": {
        "id": "osm-node-9093373503",
        "name": "Mill Barrack",
        "name_bn": "মিল ব্যারাক",
        "level": "place",
        "place": "quarter",
        "status": "official",
        "confidence": "high",
        "source_url": "https://www.openstreetmap.org/node/9093373503",
        "source_license": "ODbL (OpenStreetMap contributors)",
        "retrieved_at": "2026-08-23T10:14:09Z"
      }
    },
    {
      "type": "Feature",
      "geometry": {
        "type": "Point",
        "coordinates": [
          90.43438,
          23.71229
        ]
      },
      "properties": {
        "id": "osm-node-9093413433",
        "name": "North Jatrabari",
        "name_bn": "উত্তর যাত্রাবাড়ী",
        "level": "place",
        "place": "quarter",
        "status": "official",
        "confidence": "high",
        "source_url": "https://www.openstreetmap.org/node/9093413433",
        "source_license": "ODbL (OpenStreetMap contributors)",
        "retrieved_at": "2026-08-23T10:14:09Z"
      }
    },
    {
      "type": "Feature",
      "geometry": {
        "type": "Point",
        "coordinates": [
          90.4435,
          23.71116
        ]
      },
      "properties": {
        "id": "osm-node-9093413434",
        "name": "Kajla",
        "name_bn": "কাজলা",
        "level": "place",
        "place": "suburb",
        "status": "official",
        "confidence": "high",
        "source_url": "https://www.openstreetmap.org/node/9093413434",
        "source_license": "ODbL (OpenStreetMap contributors)",
        "retrieved_at": "2026-08-23T10:14:09Z"
      }
    },
    {
      "type": "Feature",
      "geometry": {
        "type": "Point",
        "coordinates": [
          90.43003,
          23.70848
        ]
      },
      "properties": {
        "id": "osm-node-9093413435",
        "name": "West Jatrabari",
        "name_bn": "পশ্চিম যাত্রাবাড়ী",
        "level": "place",
        "place": "quarter",
        "status": "official",
        "confidence": "high",
        "source_url": "https://www.openstreetmap.org/node/9093413435",
        "source_license": "ODbL (OpenStreetMap contributors)",
        "retrieved_at": "2026-08-23T10:14:09Z"
      }
    },
    {
      "type": "Feature",
      "geometry": {
        "type": "Point",
        "coordinates": [
          90.43526,
          23.70605
        ]
      },
      "properties": {
        "id": "osm-node-9093413436",
        "name": "South Jatrabari",
        "name_bn": "দক্ষিণ যাত্রাবাড়ী",
        "level": "place",
        "place": "quarter",
        "status": "official",
        "confidence": "high",
        "source_url": "https://www.openstreetmap.org/node/9093413436",
        "source_license": "ODbL (OpenStreetMap contributors)",
        "retrieved_at": "2026-08-23T10:14:09Z"
      }
    },
    {
      "type": "Feature",
      "geometry": {
        "type": "Point",
        "coordinates": [
          90.43747,
          23.70176
        ]
      },
      "properties": {
        "id": "osm-node-9093435016",
        "name": "East Dholairpar",
        "name_bn": "পূর্ব ধোলাইরপাড়",
        "level": "place",
        "place": "quarter",
        "status": "official",
        "confidence": "high",
        "source_url": "https://www.openstreetmap.org/node/9093435016",
        "source_license": "ODbL (OpenStreetMap contributors)",
        "retrieved_at": "2026-08-23T10:14:09Z"
      }
    },
    {
      "type": "Feature",
      "geometry": {
        "type": "Point",
        "coordinates": [
          90.43377,
          23.7011
        ]
      },
      "properties": {
        "id": "osm-node-9093454217",
        "name": "West Dholairpar",
        "name_bn": "পশ্চিম ধোলাইরপাড়",
        "level": "place",
        "place": "quarter",
        "status": "official",
        "confidence": "high",
        "source_url": "https://www.openstreetmap.org/node/9093454217",
        "source_license": "ODbL (OpenStreetMap contributors)",
        "retrieved_at": "2026-08-23T10:14:09Z"
      }
    },
    {
      "type": "Feature",
      "geometry": {
        "type": "Point",
        "coordinates": [
          90.43931,
          23.69722
        ]
      },
      "properties": {
        "id": "osm-node-9093454218",
        "name": "Janata Market",
        "name_bn": "জনতা মার্কেট",
        "level": "place",
        "place": "neighbourhood",
        "status": "official",
        "confidence": "high",
        "source_url": "https://www.openstreetmap.org/node/9093454218",
        "source_license": "ODbL (OpenStreetMap contributors)",
        "retrieved_at": "2026-08-23T10:14:09Z"
      }
    },
    {
      "type": "Feature",
      "geometry": {
        "type": "Point",
        "coordinates": [
          90.41338,
          23.7119
        ]
      },
      "properties": {
        "id": "osm-node-9093739856",
        "name": "Koltabazar",
        "name_bn": "কলতাবাজার",
        "level": "place",
        "place": "quarter",
        "status": "official",
        "confidence": "high",
        "source_url": "https://www.openstreetmap.org/node/9093739856",
        "source_license": "ODbL (OpenStreetMap contributors)",
        "retrieved_at": "2026-08-23T10:14:09Z"
      }
    },
    {
      "type": "Feature",
      "geometry": {
        "type": "Point",
        "coordinates": [
          90.41698,
          23.70413
        ]
      },
      "properties": {
        "id": "osm-node-9093896373",
        "name": "Kagojitola",
        "name_bn": "কাগজিটোলা",
        "level": "place",
        "place": "quarter",
        "status": "official",
        "confidence": "high",
        "source_url": "https://www.openstreetmap.org/node/9093896373",
        "source_license": "ODbL (OpenStreetMap contributors)",
        "retrieved_at": "2026-08-23T10:14:09Z"
      }
    },
    {
      "type": "Feature",
      "geometry": {
        "type": "Point",
        "coordinates": [
          90.40067,
          23.74401
        ]
      },
      "properties": {
        "id": "osm-node-9097356766",
        "name": "Sobji Bagan",
        "name_bn": "সবজি বাগান",
        "level": "place",
        "place": "neighbourhood",
        "status": "official",
        "confidence": "high",
        "source_url": "https://www.openstreetmap.org/node/9097356766",
        "source_license": "ODbL (OpenStreetMap contributors)",
        "retrieved_at": "2026-08-23T10:14:09Z"
      }
    },
    {
      "type": "Feature",
      "geometry": {
        "type": "Point",
        "coordinates": [
          90.38686,
          23.71011
        ]
      },
      "properties": {
        "id": "osm-node-9097727697",
        "name": "Muslimbag",
        "name_bn": "মুসলিমবাগ",
        "level": "place",
        "place": "quarter",
        "status": "official",
        "confidence": "high",
        "source_url": "https://www.openstreetmap.org/node/9097727697",
        "source_license": "ODbL (OpenStreetMap contributors)",
        "retrieved_at": "2026-08-23T10:14:09Z"
      }
    },
    {
      "type": "Feature",
      "geometry": {
        "type": "Point",
        "coordinates": [
          90.37356,
          23.71119
        ]
      },
      "properties": {
        "id": "osm-node-9097727698",
        "name": "Mominbag",
        "name_bn": "মোমিনবাগ",
        "level": "place",
        "place": "quarter",
        "status": "official",
        "confidence": "high",
        "source_url": "https://www.openstreetmap.org/node/9097727698",
        "source_license": "ODbL (OpenStreetMap contributors)",
        "retrieved_at": "2026-08-23T10:14:09Z"
      }
    },
    {
      "type": "Feature",
      "geometry": {
        "type": "Point",
        "coordinates": [
          90.38226,
          23.70924
        ]
      },
      "properties": {
        "id": "osm-node-9097753258",
        "name": "Nizambag",
        "name_bn": "নিজামবাগ",
        "level": "place",
        "place": "quarter",
        "status": "official",
        "confidence": "high",
        "source_url": "https://www.openstreetmap.org/node/9097753258",
        "source_license": "ODbL (OpenStreetMap contributors)",
        "retrieved_at": "2026-08-23T10:14:09Z"
      }
    },
    {
      "type": "Feature",
      "geometry": {
        "type": "Point",
        "coordinates": [
          90.37337,
          23.70945
        ]
      },
      "properties": {
        "id": "osm-node-9097753259",
        "name": "Ashrafabad",
        "name_bn": "আশরাফাবাদ",
        "level": "place",
        "place": "quarter",
        "status": "official",
        "confidence": "high",
        "source_url": "https://www.openstreetmap.org/node/9097753259",
        "source_license": "ODbL (OpenStreetMap contributors)",
        "retrieved_at": "2026-08-23T10:14:09Z"
      }
    },
    {
      "type": "Feature",
      "geometry": {
        "type": "Point",
        "coordinates": [
          90.37908,
          23.71164
        ]
      },
      "properties": {
        "id": "osm-node-9097904719",
        "name": "Comillapara",
        "name_bn": "কুমিল্লাপাড়া",
        "level": "place",
        "place": "neighbourhood",
        "status": "official",
        "confidence": "high",
        "source_url": "https://www.openstreetmap.org/node/9097904719",
        "source_license": "ODbL (OpenStreetMap contributors)",
        "retrieved_at": "2026-08-23T10:14:09Z"
      }
    },
    {
      "type": "Feature",
      "geometry": {
        "type": "Point",
        "coordinates": [
          90.37757,
          23.70968
        ]
      },
      "properties": {
        "id": "osm-node-9097996779",
        "name": "Madbor Bazar",
        "name_bn": "মাদবর বাজার",
        "level": "place",
        "place": "neighbourhood",
        "status": "official",
        "confidence": "high",
        "source_url": "https://www.openstreetmap.org/node/9097996779",
        "source_license": "ODbL (OpenStreetMap contributors)",
        "retrieved_at": "2026-08-23T10:14:09Z"
      }
    },
    {
      "type": "Feature",
      "geometry": {
        "type": "Point",
        "coordinates": [
          90.39494,
          23.74584
        ]
      },
      "properties": {
        "id": "osm-node-9102552548",
        "name": "Bangla Motor",
        "name_bn": "বাংলা মোটর",
        "level": "place",
        "place": "quarter",
        "status": "official",
        "confidence": "high",
        "source_url": "https://www.openstreetmap.org/node/9102552548",
        "source_license": "ODbL (OpenStreetMap contributors)",
        "retrieved_at": "2026-08-23T10:14:09Z"
      }
    },
    {
      "type": "Feature",
      "geometry": {
        "type": "Point",
        "coordinates": [
          90.46324,
          23.74703
        ]
      },
      "properties": {
        "id": "osm-node-9102581506",
        "name": "Sheikher Jayga",
        "name_bn": "শেখের জায়গা",
        "level": "place",
        "place": "quarter",
        "status": "official",
        "confidence": "high",
        "source_url": "https://www.openstreetmap.org/node/9102581506",
        "source_license": "ODbL (OpenStreetMap contributors)",
        "retrieved_at": "2026-08-23T10:14:09Z"
      }
    },
    {
      "type": "Feature",
      "geometry": {
        "type": "Point",
        "coordinates": [
          90.44813,
          23.74619
        ]
      },
      "properties": {
        "id": "osm-node-9102581507",
        "name": "Middle Nandipara",
        "name_bn": "মধ্য নন্দিপাড়া",
        "level": "place",
        "place": "quarter",
        "status": "official",
        "confidence": "high",
        "source_url": "https://www.openstreetmap.org/node/9102581507",
        "source_license": "ODbL (OpenStreetMap contributors)",
        "retrieved_at": "2026-08-23T10:14:09Z"
      }
    },
    {
      "type": "Feature",
      "geometry": {
        "type": "Point",
        "coordinates": [
          90.44154,
          23.74441
        ]
      },
      "properties": {
        "id": "osm-node-9102581508",
        "name": "East Madartek",
        "name_bn": "পূর্ব মাদারটেক",
        "level": "place",
        "place": "quarter",
        "status": "official",
        "confidence": "high",
        "source_url": "https://www.openstreetmap.org/node/9102581508",
        "source_license": "ODbL (OpenStreetMap contributors)",
        "retrieved_at": "2026-08-23T10:14:09Z"
      }
    },
    {
      "type": "Feature",
      "geometry": {
        "type": "Point",
        "coordinates": [
          90.43653,
          23.75568
        ]
      },
      "properties": {
        "id": "osm-node-9102581509",
        "name": "Meradia",
        "name_bn": "মেরাদিয়া",
        "level": "place",
        "place": "suburb",
        "status": "official",
        "confidence": "high",
        "source_url": "https://www.openstreetmap.org/node/9102581509",
        "source_license": "ODbL (OpenStreetMap contributors)",
        "retrieved_at": "2026-08-23T10:14:09Z"
      }
    },
    {
      "type": "Feature",
      "geometry": {
        "type": "Point",
        "coordinates": [
          90.43184,
          23.7523
        ]
      },
      "properties": {
        "id": "osm-node-9102588351",
        "name": "Sipahibag",
        "name_bn": "সিপাহীবাগ",
        "level": "place",
        "place": "neighbourhood",
        "status": "official",
        "confidence": "high",
        "source_url": "https://www.openstreetmap.org/node/9102588351",
        "source_license": "ODbL (OpenStreetMap contributors)",
        "retrieved_at": "2026-08-23T10:14:09Z"
      }
    },
    {
      "type": "Feature",
      "geometry": {
        "type": "Point",
        "coordinates": [
          90.43215,
          23.75094
        ]
      },
      "properties": {
        "id": "osm-node-9102588352",
        "name": "North Goran",
        "name_bn": "উত্তর গোড়ান",
        "level": "place",
        "place": "quarter",
        "status": "official",
        "confidence": "high",
        "source_url": "https://www.openstreetmap.org/node/9102588352",
        "source_license": "ODbL (OpenStreetMap contributors)",
        "retrieved_at": "2026-08-23T10:14:09Z"
      }
    },
    {
      "type": "Feature",
      "geometry": {
        "type": "Point",
        "coordinates": [
          90.43504,
          23.74361
        ]
      },
      "properties": {
        "id": "osm-node-9102588353",
        "name": "South Goran",
        "name_bn": "দক্ষিণ গোড়ান",
        "level": "place",
        "place": "quarter",
        "status": "official",
        "confidence": "high",
        "source_url": "https://www.openstreetmap.org/node/9102588353",
        "source_license": "ODbL (OpenStreetMap contributors)",
        "retrieved_at": "2026-08-23T10:14:09Z"
      }
    },
    {
      "type": "Feature",
      "geometry": {
        "type": "Point",
        "coordinates": [
          90.43524,
          23.73653
        ]
      },
      "properties": {
        "id": "osm-node-9102588541",
        "name": "Kodomtola",
        "name_bn": "কদমতলা",
        "level": "place",
        "place": "quarter",
        "status": "official",
        "confidence": "high",
        "source_url": "https://www.openstreetmap.org/node/9102588541",
        "source_license": "ODbL (OpenStreetMap contributors)",
        "retrieved_at": "2026-08-23T10:14:09Z"
      }
    },
    {
      "type": "Feature",
      "geometry": {
        "type": "Point",
        "coordinates": [
          90.4301,
          23.73863
        ]
      },
      "properties": {
        "id": "osm-node-9102588542",
        "name": "South Bashabo",
        "name_bn": "দক্ষিণ বাসাবো",
        "level": "place",
        "place": "quarter",
        "status": "official",
        "confidence": "high",
        "source_url": "https://www.openstreetmap.org/node/9102588542",
        "source_license": "ODbL (OpenStreetMap contributors)",
        "retrieved_at": "2026-08-23T10:14:09Z"
      }
    },
    {
      "type": "Feature",
      "geometry": {
        "type": "Point",
        "coordinates": [
          90.4295,
          23.74325
        ]
      },
      "properties": {
        "id": "osm-node-9102588543",
        "name": "North Bashabo",
        "name_bn": "উত্তর বাসাবো",
        "level": "place",
        "place": "quarter",
        "status": "official",
        "confidence": "high",
        "source_url": "https://www.openstreetmap.org/node/9102588543",
        "source_license": "ODbL (OpenStreetMap contributors)",
        "retrieved_at": "2026-08-23T10:14:09Z"
      }
    },
    {
      "type": "Feature",
      "geometry": {
        "type": "Point",
        "coordinates": [
          90.43252,
          23.73239
        ]
      },
      "properties": {
        "id": "osm-node-9102643739",
        "name": "North Mugda",
        "name_bn": "উত্তর মুগদা",
        "level": "place",
        "place": "quarter",
        "status": "official",
        "confidence": "high",
        "source_url": "https://www.openstreetmap.org/node/9102643739",
        "source_license": "ODbL (OpenStreetMap contributors)",
        "retrieved_at": "2026-08-23T10:14:09Z"
      }
    },
    {
      "type": "Feature",
      "geometry": {
        "type": "Point",
        "coordinates": [
          90.43106,
          23.72726
        ]
      },
      "properties": {
        "id": "osm-node-9102643740",
        "name": "South Mugda",
        "name_bn": "দক্ষিণ মুগদা",
        "level": "place",
        "place": "quarter",
        "status": "official",
        "confidence": "high",
        "source_url": "https://www.openstreetmap.org/node/9102643740",
        "source_license": "ODbL (OpenStreetMap contributors)",
        "retrieved_at": "2026-08-23T10:14:09Z"
      }
    },
    {
      "type": "Feature",
      "geometry": {
        "type": "Point",
        "coordinates": [
          90.46729,
          23.71582
        ]
      },
      "properties": {
        "id": "osm-node-9103046907",
        "name": "Konapara",
        "name_bn": "কোনাপাড়া",
        "level": "place",
        "place": "quarter",
        "status": "official",
        "confidence": "high",
        "source_url": "https://www.openstreetmap.org/node/9103046907",
        "source_license": "ODbL (OpenStreetMap contributors)",
        "retrieved_at": "2026-08-23T10:14:09Z"
      }
    },
    {
      "type": "Feature",
      "geometry": {
        "type": "Point",
        "coordinates": [
          90.49583,
          23.71293
        ]
      },
      "properties": {
        "id": "osm-node-9103046908",
        "name": "Sarulia",
        "name_bn": "সারুলিয়া",
        "level": "place",
        "place": "suburb",
        "status": "official",
        "confidence": "high",
        "source_url": "https://www.openstreetmap.org/node/9103046908",
        "source_license": "ODbL (OpenStreetMap contributors)",
        "retrieved_at": "2026-08-23T10:14:09Z"
      }
    },
    {
      "type": "Feature",
      "geometry": {
        "type": "Point",
        "coordinates": [
          90.47876,
          23.73665
        ]
      },
      "properties": {
        "id": "osm-node-9103089236",
        "name": "Amulia",
        "name_bn": "আমুলিয়া",
        "level": "place",
        "place": "suburb",
        "status": "official",
        "confidence": "high",
        "source_url": "https://www.openstreetmap.org/node/9103089236",
        "source_license": "ODbL (OpenStreetMap contributors)",
        "retrieved_at": "2026-08-23T10:14:09Z"
      }
    },
    {
      "type": "Feature",
      "geometry": {
        "type": "Point",
        "coordinates": [
          90.4914,
          23.72261
        ]
      },
      "properties": {
        "id": "osm-node-9103098603",
        "name": "Staff Quarter",
        "name_bn": "স্টাফ কোয়ার্টার",
        "level": "place",
        "place": "quarter",
        "status": "official",
        "confidence": "high",
        "source_url": "https://www.openstreetmap.org/node/9103098603",
        "source_license": "ODbL (OpenStreetMap contributors)",
        "retrieved_at": "2026-08-23T10:14:09Z"
      }
    },
    {
      "type": "Feature",
      "geometry": {
        "type": "Point",
        "coordinates": [
          90.39251,
          23.75711
        ]
      },
      "properties": {
        "id": "osm-node-9105114610",
        "name": "Tejturi Bazar",
        "name_bn": "তেজতুরী বাজার",
        "level": "place",
        "place": "quarter",
        "status": "official",
        "confidence": "high",
        "source_url": "https://www.openstreetmap.org/node/9105114610",
        "source_license": "ODbL (OpenStreetMap contributors)",
        "retrieved_at": "2026-08-23T10:14:09Z"
      }
    },
    {
      "type": "Feature",
      "geometry": {
        "type": "Point",
        "coordinates": [
          90.34725,
          23.77843
        ]
      },
      "properties": {
        "id": "osm-node-9105159116",
        "name": "Goidartek",
        "name_bn": "গৈদারটেক",
        "level": "place",
        "place": "quarter",
        "status": "official",
        "confidence": "high",
        "source_url": "https://www.openstreetmap.org/node/9105159116",
        "source_license": "ODbL (OpenStreetMap contributors)",
        "retrieved_at": "2026-08-23T10:14:09Z"
      }
    },
    {
      "type": "Feature",
      "geometry": {
        "type": "Point",
        "coordinates": [
          90.35245,
          23.77568
        ]
      },
      "properties": {
        "id": "osm-node-9105185317",
        "name": "Monsurabad",
        "name_bn": "মনসুরাবাদ",
        "level": "place",
        "place": "quarter",
        "status": "official",
        "confidence": "high",
        "source_url": "https://www.openstreetmap.org/node/9105185317",
        "source_license": "ODbL (OpenStreetMap contributors)",
        "retrieved_at": "2026-08-23T10:14:09Z"
      }
    },
    {
      "type": "Feature",
      "geometry": {
        "type": "Point",
        "coordinates": [
          90.37446,
          23.7136
        ]
      },
      "properties": {
        "id": "osm-node-9105500259",
        "name": "Islam Nagar",
        "name_bn": "ইসলাম নগর",
        "level": "place",
        "place": "quarter",
        "status": "official",
        "confidence": "high",
        "source_url": "https://www.openstreetmap.org/node/9105500259",
        "source_license": "ODbL (OpenStreetMap contributors)",
        "retrieved_at": "2026-08-23T10:14:09Z"
      }
    },
    {
      "type": "Feature",
      "geometry": {
        "type": "Point",
        "coordinates": [
          90.36972,
          23.71488
        ]
      },
      "properties": {
        "id": "osm-node-9105500260",
        "name": "Ali Nagar",
        "name_bn": "আলী নগর",
        "level": "place",
        "place": "quarter",
        "status": "official",
        "confidence": "high",
        "source_url": "https://www.openstreetmap.org/node/9105500260",
        "source_license": "ODbL (OpenStreetMap contributors)",
        "retrieved_at": "2026-08-23T10:14:09Z"
      }
    },
    {
      "type": "Feature",
      "geometry": {
        "type": "Point",
        "coordinates": [
          90.36543,
          23.71577
        ]
      },
      "properties": {
        "id": "osm-node-9107365613",
        "name": "Nabinagar",
        "name_bn": "নবীনগর",
        "level": "place",
        "place": "quarter",
        "status": "official",
        "confidence": "high",
        "source_url": "https://www.openstreetmap.org/node/9107365613",
        "source_license": "ODbL (OpenStreetMap contributors)",
        "retrieved_at": "2026-08-23T10:14:09Z"
      }
    },
    {
      "type": "Feature",
      "geometry": {
        "type": "Point",
        "coordinates": [
          90.36652,
          23.72072
        ]
      },
      "properties": {
        "id": "osm-node-9110012025",
        "name": "Hasan Nagar",
        "name_bn": "হাসান নগর",
        "level": "place",
        "place": "quarter",
        "status": "official",
        "confidence": "high",
        "source_url": "https://www.openstreetmap.org/node/9110012025",
        "source_license": "ODbL (OpenStreetMap contributors)",
        "retrieved_at": "2026-08-23T10:14:09Z"
      }
    },
    {
      "type": "Feature",
      "geometry": {
        "type": "Point",
        "coordinates": [
          90.36558,
          23.71251
        ]
      },
      "properties": {
        "id": "osm-node-9112550956",
        "name": "Huzurpara",
        "name_bn": "হুজুরপাড়া",
        "level": "place",
        "place": "quarter",
        "status": "official",
        "confidence": "high",
        "source_url": "https://www.openstreetmap.org/node/9112550956",
        "source_license": "ODbL (OpenStreetMap contributors)",
        "retrieved_at": "2026-08-23T10:14:09Z"
      }
    },
    {
      "type": "Feature",
      "geometry": {
        "type": "Point",
        "coordinates": [
          90.35654,
          23.82727
        ]
      },
      "properties": {
        "id": "osm-node-9113080723",
        "name": "Duaripara",
        "name_bn": "দুয়ারিপাড়া",
        "level": "place",
        "place": "quarter",
        "status": "official",
        "confidence": "high",
        "source_url": "https://www.openstreetmap.org/node/9113080723",
        "source_license": "ODbL (OpenStreetMap contributors)",
        "retrieved_at": "2026-08-23T10:14:09Z"
      }
    },
    {
      "type": "Feature",
      "geometry": {
        "type": "Point",
        "coordinates": [
          90.35078,
          23.83058
        ]
      },
      "properties": {
        "id": "osm-node-9113080724",
        "name": "Eastern Housing",
        "name_bn": "ইস্টার্ন হাউজিং",
        "level": "place",
        "place": "quarter",
        "status": "official",
        "confidence": "high",
        "source_url": "https://www.openstreetmap.org/node/9113080724",
        "source_license": "ODbL (OpenStreetMap contributors)",
        "retrieved_at": "2026-08-23T10:14:09Z"
      }
    },
    {
      "type": "Feature",
      "geometry": {
        "type": "Point",
        "coordinates": [
          90.35367,
          23.83521
        ]
      },
      "properties": {
        "id": "osm-node-9113080725",
        "name": "Alubdi",
        "name_bn": "আলুব্দি",
        "level": "place",
        "place": "quarter",
        "status": "official",
        "confidence": "high",
        "source_url": "https://www.openstreetmap.org/node/9113080725",
        "source_license": "ODbL (OpenStreetMap contributors)",
        "retrieved_at": "2026-08-23T10:14:09Z"
      }
    },
    {
      "type": "Feature",
      "geometry": {
        "type": "Point",
        "coordinates": [
          90.37951,
          23.71293
        ]
      },
      "properties": {
        "id": "osm-node-9113902970",
        "name": "Rahmatbag",
        "name_bn": "রহমতবাগ",
        "level": "place",
        "place": "neighbourhood",
        "status": "official",
        "confidence": "high",
        "source_url": "https://www.openstreetmap.org/node/9113902970",
        "source_license": "ODbL (OpenStreetMap contributors)",
        "retrieved_at": "2026-08-23T10:14:09Z"
      }
    },
    {
      "type": "Feature",
      "geometry": {
        "type": "Point",
        "coordinates": [
          90.37774,
          23.71539
        ]
      },
      "properties": {
        "id": "osm-node-9113902971",
        "name": "Rupnagar",
        "name_bn": "রূপনগর",
        "level": "place",
        "place": "neighbourhood",
        "status": "official",
        "confidence": "high",
        "source_url": "https://www.openstreetmap.org/node/9113902971",
        "source_license": "ODbL (OpenStreetMap contributors)",
        "retrieved_at": "2026-08-23T10:14:09Z"
      }
    },
    {
      "type": "Feature",
      "geometry": {
        "type": "Point",
        "coordinates": [
          90.38163,
          23.89508
        ]
      },
      "properties": {
        "id": "osm-node-9116014681",
        "name": "Bhatulia",
        "name_bn": "ভাটুলিয়া",
        "level": "place",
        "place": "suburb",
        "status": "official",
        "confidence": "high",
        "source_url": "https://www.openstreetmap.org/node/9116014681",
        "source_license": "ODbL (OpenStreetMap contributors)",
        "retrieved_at": "2026-08-23T10:14:09Z"
      }
    },
    {
      "type": "Feature",
      "geometry": {
        "type": "Point",
        "coordinates": [
          90.37187,
          23.89119
        ]
      },
      "properties": {
        "id": "osm-node-9116014682",
        "name": "Dhour",
        "name_bn": "ধউর",
        "level": "place",
        "place": "suburb",
        "status": "official",
        "confidence": "high",
        "source_url": "https://www.openstreetmap.org/node/9116014682",
        "source_license": "ODbL (OpenStreetMap contributors)",
        "retrieved_at": "2026-08-23T10:14:09Z"
      }
    },
    {
      "type": "Feature",
      "geometry": {
        "type": "Point",
        "coordinates": [
          90.37982,
          23.88655
        ]
      },
      "properties": {
        "id": "osm-node-9116014683",
        "name": "Bamnartek",
        "name_bn": "বামনারটেক",
        "level": "place",
        "place": "quarter",
        "status": "official",
        "confidence": "high",
        "source_url": "https://www.openstreetmap.org/node/9116014683",
        "source_license": "ODbL (OpenStreetMap contributors)",
        "retrieved_at": "2026-08-23T10:14:09Z"
      }
    },
    {
      "type": "Feature",
      "geometry": {
        "type": "Point",
        "coordinates": [
          90.38422,
          23.87926
        ]
      },
      "properties": {
        "id": "osm-node-9116059279",
        "name": "Fulbari",
        "name_bn": "ফুলবাড়ি",
        "level": "place",
        "place": "quarter",
        "status": "official",
        "confidence": "high",
        "source_url": "https://www.openstreetmap.org/node/9116059279",
        "source_license": "ODbL (OpenStreetMap contributors)",
        "retrieved_at": "2026-08-23T10:14:09Z"
      }
    },
    {
      "type": "Feature",
      "geometry": {
        "type": "Point",
        "coordinates": [
          90.4592,
          23.85367
        ]
      },
      "properties": {
        "id": "osm-node-9116412063",
        "name": "Baothar",
        "name_bn": "বাওথার",
        "level": "place",
        "place": "quarter",
        "status": "official",
        "confidence": "high",
        "source_url": "https://www.openstreetmap.org/node/9116412063",
        "source_license": "ODbL (OpenStreetMap contributors)",
        "retrieved_at": "2026-08-23T10:14:09Z"
      }
    },
    {
      "type": "Feature",
      "geometry": {
        "type": "Point",
        "coordinates": [
          90.41344,
          23.75914
        ]
      },
      "properties": {
        "id": "osm-node-9118931640",
        "name": "Mirbag",
        "name_bn": "মীরবাগ",
        "level": "place",
        "place": "quarter",
        "status": "official",
        "confidence": "high",
        "source_url": "https://www.openstreetmap.org/node/9118931640",
        "source_license": "ODbL (OpenStreetMap contributors)",
        "retrieved_at": "2026-08-23T10:14:09Z"
      }
    },
    {
      "type": "Feature",
      "geometry": {
        "type": "Point",
        "coordinates": [
          90.42222,
          23.7618
        ]
      },
      "properties": {
        "id": "osm-node-9118986545",
        "name": "East Rampura",
        "name_bn": "পূর্ব রামপুরা",
        "level": "place",
        "place": "quarter",
        "status": "official",
        "confidence": "high",
        "source_url": "https://www.openstreetmap.org/node/9118986545",
        "source_license": "ODbL (OpenStreetMap contributors)",
        "retrieved_at": "2026-08-23T10:14:09Z"
      }
    },
    {
      "type": "Feature",
      "geometry": {
        "type": "Point",
        "coordinates": [
          90.41742,
          23.76234
        ]
      },
      "properties": {
        "id": "osm-node-9118986546",
        "name": "West Rampura",
        "name_bn": "পশ্চিম রামপুরা",
        "level": "place",
        "place": "quarter",
        "status": "official",
        "confidence": "high",
        "source_url": "https://www.openstreetmap.org/node/9118986546",
        "source_license": "ODbL (OpenStreetMap contributors)",
        "retrieved_at": "2026-08-23T10:14:09Z"
      }
    },
    {
      "type": "Feature",
      "geometry": {
        "type": "Point",
        "coordinates": [
          90.38589,
          23.82775
        ]
      },
      "properties": {
        "id": "osm-node-9119036266",
        "name": "Mastertek",
        "name_bn": "মাস্টারটেক",
        "level": "place",
        "place": "quarter",
        "status": "official",
        "confidence": "high",
        "source_url": "https://www.openstreetmap.org/node/9119036266",
        "source_license": "ODbL (OpenStreetMap contributors)",
        "retrieved_at": "2026-08-23T10:14:09Z"
      }
    },
    {
      "type": "Feature",
      "geometry": {
        "type": "Point",
        "coordinates": [
          90.39181,
          23.82622
        ]
      },
      "properties": {
        "id": "osm-node-9119048413",
        "name": "Manikdi",
        "name_bn": "মানিকদি",
        "level": "place",
        "place": "suburb",
        "status": "official",
        "confidence": "high",
        "source_url": "https://www.openstreetmap.org/node/9119048413",
        "source_license": "ODbL (OpenStreetMap contributors)",
        "retrieved_at": "2026-08-23T10:14:09Z"
      }
    },
    {
      "type": "Feature",
      "geometry": {
        "type": "Point",
        "coordinates": [
          90.38837,
          23.8222
        ]
      },
      "properties": {
        "id": "osm-node-9119048414",
        "name": "Namapara",
        "name_bn": "নামাপাড়া",
        "level": "place",
        "place": "quarter",
        "status": "official",
        "confidence": "high",
        "source_url": "https://www.openstreetmap.org/node/9119048414",
        "source_license": "ODbL (OpenStreetMap contributors)",
        "retrieved_at": "2026-08-23T10:14:09Z"
      }
    },
    {
      "type": "Feature",
      "geometry": {
        "type": "Point",
        "coordinates": [
          90.40687,
          23.8186
        ]
      },
      "properties": {
        "id": "osm-node-9119065717",
        "name": "Zia Colony",
        "name_bn": "জিয়া কলোনি",
        "level": "place",
        "place": "neighbourhood",
        "status": "official",
        "confidence": "high",
        "source_url": "https://www.openstreetmap.org/node/9119065717",
        "source_license": "ODbL (OpenStreetMap contributors)",
        "retrieved_at": "2026-08-23T10:14:09Z"
      }
    },
    {
      "type": "Feature",
      "geometry": {
        "type": "Point",
        "coordinates": [
          90.38178,
          23.81463
        ]
      },
      "properties": {
        "id": "osm-node-9119093404",
        "name": "Polash Nagar",
        "name_bn": "পলাশ নগর",
        "level": "place",
        "place": "quarter",
        "status": "official",
        "confidence": "high",
        "source_url": "https://www.openstreetmap.org/node/9119093404",
        "source_license": "ODbL (OpenStreetMap contributors)",
        "retrieved_at": "2026-08-23T10:14:09Z"
      }
    },
    {
      "type": "Feature",
      "geometry": {
        "type": "Point",
        "coordinates": [
          90.3857,
          23.83129
        ]
      },
      "properties": {
        "id": "osm-node-9119200511",
        "name": "Barontek",
        "name_bn": "বারুনটেক",
        "level": "place",
        "place": "quarter",
        "status": "official",
        "confidence": "high",
        "source_url": "https://www.openstreetmap.org/node/9119200511",
        "source_license": "ODbL (OpenStreetMap contributors)",
        "retrieved_at": "2026-08-23T10:14:09Z"
      }
    },
    {
      "type": "Feature",
      "geometry": {
        "type": "Point",
        "coordinates": [
          90.3774,
          23.83424
        ]
      },
      "properties": {
        "id": "osm-node-9120274349",
        "name": "Shagufta",
        "name_bn": "সাগুফতা",
        "level": "place",
        "place": "quarter",
        "status": "official",
        "confidence": "high",
        "source_url": "https://www.openstreetmap.org/node/9120274349",
        "source_license": "ODbL (OpenStreetMap contributors)",
        "retrieved_at": "2026-08-23T10:14:09Z"
      }
    },
    {
      "type": "Feature",
      "geometry": {
        "type": "Point",
        "coordinates": [
          90.39041,
          23.82894
        ]
      },
      "properties": {
        "id": "osm-node-9120295435",
        "name": "Balughat",
        "name_bn": "বালুঘাট",
        "level": "place",
        "place": "neighbourhood",
        "status": "official",
        "confidence": "high",
        "source_url": "https://www.openstreetmap.org/node/9120295435",
        "source_license": "ODbL (OpenStreetMap contributors)",
        "retrieved_at": "2026-08-23T10:14:09Z"
      }
    },
    {
      "type": "Feature",
      "geometry": {
        "type": "Point",
        "coordinates": [
          90.41338,
          23.74181
        ]
      },
      "properties": {
        "id": "osm-node-9121826541",
        "name": "Chamelibag",
        "name_bn": "চামেলিবাগ",
        "level": "place",
        "place": "neighbourhood",
        "status": "official",
        "confidence": "high",
        "source_url": "https://www.openstreetmap.org/node/9121826541",
        "source_license": "ODbL (OpenStreetMap contributors)",
        "retrieved_at": "2026-08-23T10:14:09Z"
      }
    },
    {
      "type": "Feature",
      "geometry": {
        "type": "Point",
        "coordinates": [
          90.56734,
          23.78368
        ]
      },
      "properties": {
        "id": "osm-node-9147243615",
        "name": "Bhulta",
        "name_bn": "ভুলতা",
        "level": "place",
        "place": "village",
        "status": "official",
        "confidence": "high",
        "source_url": "https://www.openstreetmap.org/node/9147243615",
        "source_license": "ODbL (OpenStreetMap contributors)",
        "retrieved_at": "2026-08-23T10:14:09Z"
      }
    },
    {
      "type": "Feature",
      "geometry": {
        "type": "Point",
        "coordinates": [
          90.51011,
          23.68868
        ]
      },
      "properties": {
        "id": "osm-node-9147243616",
        "name": "Shiddhirganj",
        "name_bn": "সিদ্ধিরগঞ্জ",
        "level": "place",
        "place": "suburb",
        "status": "official",
        "confidence": "high",
        "source_url": "https://www.openstreetmap.org/node/9147243616",
        "source_license": "ODbL (OpenStreetMap contributors)",
        "retrieved_at": "2026-08-23T10:14:09Z"
      }
    },
    {
      "type": "Feature",
      "geometry": {
        "type": "Point",
        "coordinates": [
          90.39305,
          23.71406
        ]
      },
      "properties": {
        "id": "osm-node-9160274267",
        "name": "Rahmatganj",
        "name_bn": "রহমতগঞ্জ",
        "level": "place",
        "place": "quarter",
        "status": "official",
        "confidence": "high",
        "source_url": "https://www.openstreetmap.org/node/9160274267",
        "source_license": "ODbL (OpenStreetMap contributors)",
        "retrieved_at": "2026-08-23T10:14:09Z"
      }
    },
    {
      "type": "Feature",
      "geometry": {
        "type": "Point",
        "coordinates": [
          90.378,
          23.72332
        ]
      },
      "properties": {
        "id": "osm-node-9160337677",
        "name": "Malitola",
        "name_bn": "মালিটোলা",
        "level": "place",
        "place": "neighbourhood",
        "status": "official",
        "confidence": "high",
        "source_url": "https://www.openstreetmap.org/node/9160337677",
        "source_license": "ODbL (OpenStreetMap contributors)",
        "retrieved_at": "2026-08-23T10:14:09Z"
      }
    },
    {
      "type": "Feature",
      "geometry": {
        "type": "Point",
        "coordinates": [
          90.42153,
          23.69735
        ]
      },
      "properties": {
        "id": "osm-node-9160354773",
        "name": "Alamganj",
        "name_bn": "আলমগঞ্জ",
        "level": "place",
        "place": "quarter",
        "status": "official",
        "confidence": "high",
        "source_url": "https://www.openstreetmap.org/node/9160354773",
        "source_license": "ODbL (OpenStreetMap contributors)",
        "retrieved_at": "2026-08-23T10:14:09Z"
      }
    },
    {
      "type": "Feature",
      "geometry": {
        "type": "Point",
        "coordinates": [
          90.38045,
          23.72138
        ]
      },
      "properties": {
        "id": "osm-node-9161734199",
        "name": "Nagar Beltoli",
        "name_bn": "নগর বেলতলী",
        "level": "place",
        "place": "neighbourhood",
        "status": "official",
        "confidence": "high",
        "source_url": "https://www.openstreetmap.org/node/9161734199",
        "source_license": "ODbL (OpenStreetMap contributors)",
        "retrieved_at": "2026-08-23T10:14:09Z"
      }
    },
    {
      "type": "Feature",
      "geometry": {
        "type": "Point",
        "coordinates": [
          90.40067,
          23.72032
        ]
      },
      "properties": {
        "id": "osm-node-9161758600",
        "name": "Kayettuli",
        "name_bn": "কায়েতটুলি",
        "level": "place",
        "place": "quarter",
        "status": "official",
        "confidence": "high",
        "source_url": "https://www.openstreetmap.org/node/9161758600",
        "source_license": "ODbL (OpenStreetMap contributors)",
        "retrieved_at": "2026-08-23T10:14:09Z"
      }
    },
    {
      "type": "Feature",
      "geometry": {
        "type": "Point",
        "coordinates": [
          90.35791,
          23.80993
        ]
      },
      "properties": {
        "id": "osm-node-9161780408",
        "name": "Shialbari",
        "name_bn": "শিয়ালবাড়ী",
        "level": "place",
        "place": "quarter",
        "status": "official",
        "confidence": "high",
        "source_url": "https://www.openstreetmap.org/node/9161780408",
        "source_license": "ODbL (OpenStreetMap contributors)",
        "retrieved_at": "2026-08-23T10:14:09Z"
      }
    },
    {
      "type": "Feature",
      "geometry": {
        "type": "Point",
        "coordinates": [
          90.39173,
          23.71996
        ]
      },
      "properties": {
        "id": "osm-node-9167657503",
        "name": "Khaze Dewan",
        "name_bn": "খাজে দেওয়ান",
        "level": "place",
        "place": "quarter",
        "status": "official",
        "confidence": "high",
        "source_url": "https://www.openstreetmap.org/node/9167657503",
        "source_license": "ODbL (OpenStreetMap contributors)",
        "retrieved_at": "2026-08-23T10:14:09Z"
      }
    },
    {
      "type": "Feature",
      "geometry": {
        "type": "Point",
        "coordinates": [
          90.39869,
          23.71265
        ]
      },
      "properties": {
        "id": "osm-node-9167658093",
        "name": "Nolgola",
        "name_bn": "নলগোলা",
        "level": "place",
        "place": "quarter",
        "status": "official",
        "confidence": "high",
        "source_url": "https://www.openstreetmap.org/node/9167658093",
        "source_license": "ODbL (OpenStreetMap contributors)",
        "retrieved_at": "2026-08-23T10:14:09Z"
      }
    },
    {
      "type": "Feature",
      "geometry": {
        "type": "Point",
        "coordinates": [
          90.39941,
          23.7197
        ]
      },
      "properties": {
        "id": "osm-node-9167665920",
        "name": "Sat Rawza",
        "name_bn": "সাত রওজা",
        "level": "place",
        "place": "quarter",
        "status": "official",
        "confidence": "high",
        "source_url": "https://www.openstreetmap.org/node/9167665920",
        "source_license": "ODbL (OpenStreetMap contributors)",
        "retrieved_at": "2026-08-23T10:14:09Z"
      }
    },
    {
      "type": "Feature",
      "geometry": {
        "type": "Point",
        "coordinates": [
          90.4255,
          23.7127
        ]
      },
      "properties": {
        "id": "osm-node-9167682203",
        "name": "Karatitola",
        "name_bn": "করাতিটোলা",
        "level": "place",
        "place": "quarter",
        "status": "official",
        "confidence": "high",
        "source_url": "https://www.openstreetmap.org/node/9167682203",
        "source_license": "ODbL (OpenStreetMap contributors)",
        "retrieved_at": "2026-08-23T10:14:09Z"
      }
    },
    {
      "type": "Feature",
      "geometry": {
        "type": "Point",
        "coordinates": [
          90.37271,
          23.88342
        ]
      },
      "properties": {
        "id": "osm-node-9167812184",
        "name": "Naya Nagar",
        "name_bn": "নয়া নগর",
        "level": "place",
        "place": "quarter",
        "status": "official",
        "confidence": "high",
        "source_url": "https://www.openstreetmap.org/node/9167812184",
        "source_license": "ODbL (OpenStreetMap contributors)",
        "retrieved_at": "2026-08-23T10:14:09Z"
      }
    },
    {
      "type": "Feature",
      "geometry": {
        "type": "Point",
        "coordinates": [
          90.34885,
          23.78347
        ]
      },
      "properties": {
        "id": "osm-node-9168989723",
        "name": "Nonderbag",
        "name_bn": "নন্দেরবাগ",
        "level": "place",
        "place": "neighbourhood",
        "status": "official",
        "confidence": "high",
        "source_url": "https://www.openstreetmap.org/node/9168989723",
        "source_license": "ODbL (OpenStreetMap contributors)",
        "retrieved_at": "2026-08-23T10:14:09Z"
      }
    },
    {
      "type": "Feature",
      "geometry": {
        "type": "Point",
        "coordinates": [
          90.34876,
          23.78647
        ]
      },
      "properties": {
        "id": "osm-node-9168989724",
        "name": "Baten Nagar",
        "name_bn": "বাতেন নগর",
        "level": "place",
        "place": "neighbourhood",
        "status": "official",
        "confidence": "high",
        "source_url": "https://www.openstreetmap.org/node/9168989724",
        "source_license": "ODbL (OpenStreetMap contributors)",
        "retrieved_at": "2026-08-23T10:14:09Z"
      }
    },
    {
      "type": "Feature",
      "geometry": {
        "type": "Point",
        "coordinates": [
          90.3469,
          23.7862
        ]
      },
      "properties": {
        "id": "osm-node-9169004934",
        "name": "1st Colony",
        "name_bn": "১ম কলোনী",
        "level": "place",
        "place": "quarter",
        "status": "official",
        "confidence": "high",
        "source_url": "https://www.openstreetmap.org/node/9169004934",
        "source_license": "ODbL (OpenStreetMap contributors)",
        "retrieved_at": "2026-08-23T10:14:09Z"
      }
    },
    {
      "type": "Feature",
      "geometry": {
        "type": "Point",
        "coordinates": [
          90.4452,
          23.76575
        ]
      },
      "properties": {
        "id": "osm-node-9169474120",
        "name": "Aftabnagar",
        "name_bn": "আফতাবনগর",
        "level": "place",
        "place": "suburb",
        "status": "official",
        "confidence": "high",
        "source_url": "https://www.openstreetmap.org/node/9169474120",
        "source_license": "ODbL (OpenStreetMap contributors)",
        "retrieved_at": "2026-08-23T10:14:09Z"
      }
    },
    {
      "type": "Feature",
      "geometry": {
        "type": "Point",
        "coordinates": [
          90.43344,
          23.80567
        ]
      },
      "properties": {
        "id": "osm-node-9169606176",
        "name": "Solmaid",
        "name_bn": "সোলমাইদ",
        "level": "place",
        "place": "suburb",
        "status": "official",
        "confidence": "high",
        "source_url": "https://www.openstreetmap.org/node/9169606176",
        "source_license": "ODbL (OpenStreetMap contributors)",
        "retrieved_at": "2026-08-23T10:14:09Z"
      }
    },
    {
      "type": "Feature",
      "geometry": {
        "type": "Point",
        "coordinates": [
          90.41661,
          23.80896
        ]
      },
      "properties": {
        "id": "osm-node-9169610777",
        "name": "Kalachandpur",
        "name_bn": "কালাচাঁদপুর",
        "level": "place",
        "place": "quarter",
        "status": "official",
        "confidence": "high",
        "source_url": "https://www.openstreetmap.org/node/9169610777",
        "source_license": "ODbL (OpenStreetMap contributors)",
        "retrieved_at": "2026-08-23T10:14:09Z"
      }
    },
    {
      "type": "Feature",
      "geometry": {
        "type": "Point",
        "coordinates": [
          90.41952,
          23.81037
        ]
      },
      "properties": {
        "id": "osm-node-9169610778",
        "name": "Nadda",
        "name_bn": "নদ্দা",
        "level": "place",
        "place": "quarter",
        "status": "official",
        "confidence": "high",
        "source_url": "https://www.openstreetmap.org/node/9169610778",
        "source_license": "ODbL (OpenStreetMap contributors)",
        "retrieved_at": "2026-08-23T10:14:09Z"
      }
    },
    {
      "type": "Feature",
      "geometry": {
        "type": "Point",
        "coordinates": [
          90.41313,
          23.81312
        ]
      },
      "properties": {
        "id": "osm-node-9169610779",
        "name": "DOHS Baridhara",
        "name_bn": "বারিধারা ডিওএইচএস",
        "level": "place",
        "place": "quarter",
        "status": "official",
        "confidence": "high",
        "source_url": "https://www.openstreetmap.org/node/9169610779",
        "source_license": "ODbL (OpenStreetMap contributors)",
        "retrieved_at": "2026-08-23T10:14:09Z"
      }
    },
    {
      "type": "Feature",
      "geometry": {
        "type": "Point",
        "coordinates": [
          90.41583,
          23.75453
        ]
      },
      "properties": {
        "id": "osm-node-9172080182",
        "name": "Chowdhurypara",
        "name_bn": "চৌধুরীপাড়া",
        "level": "place",
        "place": "quarter",
        "status": "official",
        "confidence": "high",
        "source_url": "https://www.openstreetmap.org/node/9172080182",
        "source_license": "ODbL (OpenStreetMap contributors)",
        "retrieved_at": "2026-08-23T10:14:09Z"
      }
    },
    {
      "type": "Feature",
      "geometry": {
        "type": "Point",
        "coordinates": [
          90.47579,
          23.65035
        ]
      },
      "properties": {
        "id": "osm-node-9173631340",
        "name": "Fatullah",
        "name_bn": "ফতুল্লা",
        "level": "place",
        "place": "suburb",
        "status": "official",
        "confidence": "high",
        "source_url": "https://www.openstreetmap.org/node/9173631340",
        "source_license": "ODbL (OpenStreetMap contributors)",
        "retrieved_at": "2026-08-23T10:14:09Z"
      }
    },
    {
      "type": "Feature",
      "geometry": {
        "type": "Point",
        "coordinates": [
          90.3187,
          23.91284
        ]
      },
      "properties": {
        "id": "osm-node-9186625730",
        "name": "Jirabo",
        "name_bn": "জিরাবো",
        "level": "place",
        "place": "suburb",
        "status": "official",
        "confidence": "high",
        "source_url": "https://www.openstreetmap.org/node/9186625730",
        "source_license": "ODbL (OpenStreetMap contributors)",
        "retrieved_at": "2026-08-23T10:14:09Z"
      }
    },
    {
      "type": "Feature",
      "geometry": {
        "type": "Point",
        "coordinates": [
          90.30794,
          23.93178
        ]
      },
      "properties": {
        "id": "osm-node-9186687239",
        "name": "Norshinghpur",
        "name_bn": "নরসিংহপুর",
        "level": "place",
        "place": "suburb",
        "status": "official",
        "confidence": "high",
        "source_url": "https://www.openstreetmap.org/node/9186687239",
        "source_license": "ODbL (OpenStreetMap contributors)",
        "retrieved_at": "2026-08-23T10:14:09Z"
      }
    },
    {
      "type": "Feature",
      "geometry": {
        "type": "Point",
        "coordinates": [
          90.39198,
          23.92133
        ]
      },
      "properties": {
        "id": "osm-node-9187772091",
        "name": "Gazipura",
        "name_bn": "গাজীপুরা",
        "level": "place",
        "place": "suburb",
        "status": "official",
        "confidence": "high",
        "source_url": "https://www.openstreetmap.org/node/9187772091",
        "source_license": "ODbL (OpenStreetMap contributors)",
        "retrieved_at": "2026-08-23T10:14:09Z"
      }
    },
    {
      "type": "Feature",
      "geometry": {
        "type": "Point",
        "coordinates": [
          90.47653,
          23.93523
        ]
      },
      "properties": {
        "id": "osm-node-9187802402",
        "name": "Pubail",
        "name_bn": "পুবাইল",
        "level": "place",
        "place": "village",
        "status": "official",
        "confidence": "high",
        "source_url": "https://www.openstreetmap.org/node/9187802402",
        "source_license": "ODbL (OpenStreetMap contributors)",
        "retrieved_at": "2026-08-23T10:14:09Z"
      }
    },
    {
      "type": "Feature",
      "geometry": {
        "type": "Point",
        "coordinates": [
          90.45301,
          23.92947
        ]
      },
      "properties": {
        "id": "osm-node-9187803889",
        "name": "Mirer Bazar",
        "name_bn": "মীরের বাজার",
        "level": "place",
        "place": "quarter",
        "status": "official",
        "confidence": "high",
        "source_url": "https://www.openstreetmap.org/node/9187803889",
        "source_license": "ODbL (OpenStreetMap contributors)",
        "retrieved_at": "2026-08-23T10:14:09Z"
      }
    },
    {
      "type": "Feature",
      "geometry": {
        "type": "Point",
        "coordinates": [
          90.31664,
          24.01204
        ]
      },
      "properties": {
        "id": "osm-node-9189423225",
        "name": "Konabari",
        "name_bn": "কোনাবাড়ী",
        "level": "place",
        "place": "village",
        "status": "official",
        "confidence": "high",
        "source_url": "https://www.openstreetmap.org/node/9189423225",
        "source_license": "ODbL (OpenStreetMap contributors)",
        "retrieved_at": "2026-08-23T10:14:09Z"
      }
    },
    {
      "type": "Feature",
      "geometry": {
        "type": "Point",
        "coordinates": [
          90.38467,
          24.02596
        ]
      },
      "properties": {
        "id": "osm-node-9189448956",
        "name": "Salna",
        "name_bn": "সালনা",
        "level": "place",
        "place": "suburb",
        "status": "official",
        "confidence": "high",
        "source_url": "https://www.openstreetmap.org/node/9189448956",
        "source_license": "ODbL (OpenStreetMap contributors)",
        "retrieved_at": "2026-08-23T10:14:09Z"
      }
    },
    {
      "type": "Feature",
      "geometry": {
        "type": "Point",
        "coordinates": [
          90.38106,
          23.97772
        ]
      },
      "properties": {
        "id": "osm-node-9195785050",
        "name": "Bhogra",
        "name_bn": "ভোগড়া",
        "level": "place",
        "place": "suburb",
        "status": "official",
        "confidence": "high",
        "source_url": "https://www.openstreetmap.org/node/9195785050",
        "source_license": "ODbL (OpenStreetMap contributors)",
        "retrieved_at": "2026-08-23T10:14:09Z"
      }
    },
    {
      "type": "Feature",
      "geometry": {
        "type": "Point",
        "coordinates": [
          90.35006,
          23.99363
        ]
      },
      "properties": {
        "id": "osm-node-9199812802",
        "name": "Kodda",
        "name_bn": "কড্ডা",
        "level": "place",
        "place": "village",
        "status": "official",
        "confidence": "high",
        "source_url": "https://www.openstreetmap.org/node/9199812802",
        "source_license": "ODbL (OpenStreetMap contributors)",
        "retrieved_at": "2026-08-23T10:14:09Z"
      }
    },
    {
      "type": "Feature",
      "geometry": {
        "type": "Point",
        "coordinates": [
          90.39911,
          23.90577
        ]
      },
      "properties": {
        "id": "osm-node-9201915834",
        "name": "Cherag Ali",
        "name_bn": "চেরাগ আলী",
        "level": "place",
        "place": "suburb",
        "status": "official",
        "confidence": "high",
        "source_url": "https://www.openstreetmap.org/node/9201915834",
        "source_license": "ODbL (OpenStreetMap contributors)",
        "retrieved_at": "2026-08-23T10:14:09Z"
      }
    },
    {
      "type": "Feature",
      "geometry": {
        "type": "Point",
        "coordinates": [
          90.44045,
          23.70687
        ]
      },
      "properties": {
        "id": "osm-node-9206652981",
        "name": "Kutubkhali",
        "name_bn": "কুতুবখালী",
        "level": "place",
        "place": "suburb",
        "status": "official",
        "confidence": "high",
        "source_url": "https://www.openstreetmap.org/node/9206652981",
        "source_license": "ODbL (OpenStreetMap contributors)",
        "retrieved_at": "2026-08-23T10:14:09Z"
      }
    },
    {
      "type": "Feature",
      "geometry": {
        "type": "Point",
        "coordinates": [
          90.44234,
          23.70413
        ]
      },
      "properties": {
        "id": "osm-node-9206652982",
        "name": "Rasulpur",
        "name_bn": "রসুলপুর",
        "level": "place",
        "place": "quarter",
        "status": "official",
        "confidence": "high",
        "source_url": "https://www.openstreetmap.org/node/9206652982",
        "source_license": "ODbL (OpenStreetMap contributors)",
        "retrieved_at": "2026-08-23T10:14:09Z"
      }
    },
    {
      "type": "Feature",
      "geometry": {
        "type": "Point",
        "coordinates": [
          90.42586,
          23.75422
        ]
      },
      "properties": {
        "id": "osm-node-9207103762",
        "name": "Riazbag",
        "name_bn": "রিয়াজবাগ",
        "level": "place",
        "place": "neighbourhood",
        "status": "official",
        "confidence": "high",
        "source_url": "https://www.openstreetmap.org/node/9207103762",
        "source_license": "ODbL (OpenStreetMap contributors)",
        "retrieved_at": "2026-08-23T10:14:09Z"
      }
    },
    {
      "type": "Feature",
      "geometry": {
        "type": "Point",
        "coordinates": [
          90.34218,
          23.7842
        ]
      },
      "properties": {
        "id": "osm-node-9227024279",
        "name": "Bagbari",
        "name_bn": "বাগবাড়ী",
        "level": "place",
        "place": "quarter",
        "status": "official",
        "confidence": "high",
        "source_url": "https://www.openstreetmap.org/node/9227024279",
        "source_license": "ODbL (OpenStreetMap contributors)",
        "retrieved_at": "2026-08-23T10:14:09Z"
      }
    },
    {
      "type": "Feature",
      "geometry": {
        "type": "Point",
        "coordinates": [
          90.3448,
          23.78528
        ]
      },
      "properties": {
        "id": "osm-node-9227024280",
        "name": "Basupara",
        "name_bn": "বাসুপাড়া",
        "level": "place",
        "place": "neighbourhood",
        "status": "official",
        "confidence": "high",
        "source_url": "https://www.openstreetmap.org/node/9227024280",
        "source_license": "ODbL (OpenStreetMap contributors)",
        "retrieved_at": "2026-08-23T10:14:09Z"
      }
    },
    {
      "type": "Feature",
      "geometry": {
        "type": "Point",
        "coordinates": [
          90.34489,
          23.78882
        ]
      },
      "properties": {
        "id": "osm-node-9227024281",
        "name": "3rd Colony",
        "name_bn": "৩য় কলোনী",
        "level": "place",
        "place": "quarter",
        "status": "official",
        "confidence": "high",
        "source_url": "https://www.openstreetmap.org/node/9227024281",
        "source_license": "ODbL (OpenStreetMap contributors)",
        "retrieved_at": "2026-08-23T10:14:09Z"
      }
    },
    {
      "type": "Feature",
      "geometry": {
        "type": "Point",
        "coordinates": [
          90.34839,
          23.79235
        ]
      },
      "properties": {
        "id": "osm-node-9227024282",
        "name": "2nd Colony",
        "name_bn": "২য় কলোনী",
        "level": "place",
        "place": "quarter",
        "status": "official",
        "confidence": "high",
        "source_url": "https://www.openstreetmap.org/node/9227024282",
        "source_license": "ODbL (OpenStreetMap contributors)",
        "retrieved_at": "2026-08-23T10:14:09Z"
      }
    },
    {
      "type": "Feature",
      "geometry": {
        "type": "Point",
        "coordinates": [
          90.34621,
          23.79982
        ]
      },
      "properties": {
        "id": "osm-node-9227034610",
        "name": "North Bishil",
        "name_bn": "উত্তর বিশিল",
        "level": "place",
        "place": "quarter",
        "status": "official",
        "confidence": "high",
        "source_url": "https://www.openstreetmap.org/node/9227034610",
        "source_license": "ODbL (OpenStreetMap contributors)",
        "retrieved_at": "2026-08-23T10:14:09Z"
      }
    },
    {
      "type": "Feature",
      "geometry": {
        "type": "Point",
        "coordinates": [
          90.47241,
          23.71504
        ]
      },
      "properties": {
        "id": "osm-node-9280245987",
        "name": "Paradogar",
        "name_bn": "পাড়াডোগার",
        "level": "place",
        "place": "suburb",
        "status": "official",
        "confidence": "high",
        "source_url": "https://www.openstreetmap.org/node/9280245987",
        "source_license": "ODbL (OpenStreetMap contributors)",
        "retrieved_at": "2026-08-23T10:14:09Z"
      }
    },
    {
      "type": "Feature",
      "geometry": {
        "type": "Point",
        "coordinates": [
          90.35634,
          23.79054
        ]
      },
      "properties": {
        "id": "osm-node-9306398087",
        "name": "Biharipara",
        "name_bn": "বিহারিপাড়া",
        "level": "place",
        "place": "quarter",
        "status": "official",
        "confidence": "high",
        "source_url": "https://www.openstreetmap.org/node/9306398087",
        "source_license": "ODbL (OpenStreetMap contributors)",
        "retrieved_at": "2026-08-23T10:14:09Z"
      }
    },
    {
      "type": "Feature",
      "geometry": {
        "type": "Point",
        "coordinates": [
          90.37444,
          23.83206
        ]
      },
      "properties": {
        "id": "osm-node-9320854352",
        "name": "Mirpur 9",
        "name_bn": "মিরপুর ৯",
        "level": "place",
        "place": "quarter",
        "status": "official",
        "confidence": "high",
        "source_url": "https://www.openstreetmap.org/node/9320854352",
        "source_license": "ODbL (OpenStreetMap contributors)",
        "retrieved_at": "2026-08-23T10:14:09Z"
      }
    },
    {
      "type": "Feature",
      "geometry": {
        "type": "Point",
        "coordinates": [
          90.41787,
          23.83026
        ]
      },
      "properties": {
        "id": "osm-node-9320872205",
        "name": "Nikunja",
        "name_bn": "নিকুঞ্জ",
        "level": "place",
        "place": "quarter",
        "status": "official",
        "confidence": "high",
        "source_url": "https://www.openstreetmap.org/node/9320872205",
        "source_license": "ODbL (OpenStreetMap contributors)",
        "retrieved_at": "2026-08-23T10:14:09Z"
      }
    },
    {
      "type": "Feature",
      "geometry": {
        "type": "Point",
        "coordinates": [
          90.42463,
          23.72653
        ]
      },
      "properties": {
        "id": "osm-node-9327076279",
        "name": "South Kamalapur",
        "name_bn": "দক্ষিণ কমলাপুর",
        "level": "place",
        "place": "quarter",
        "status": "official",
        "confidence": "high",
        "source_url": "https://www.openstreetmap.org/node/9327076279",
        "source_license": "ODbL (OpenStreetMap contributors)",
        "retrieved_at": "2026-08-23T10:14:09Z"
      }
    },
    {
      "type": "Feature",
      "geometry": {
        "type": "Point",
        "coordinates": [
          90.30775,
          23.68596
        ]
      },
      "properties": {
        "id": "osm-node-9331577200",
        "name": "Ruhitpur",
        "name_bn": "রুহিতপুর",
        "level": "place",
        "place": "village",
        "status": "official",
        "confidence": "high",
        "source_url": "https://www.openstreetmap.org/node/9331577200",
        "source_license": "ODbL (OpenStreetMap contributors)",
        "retrieved_at": "2026-08-23T10:14:09Z"
      }
    },
    {
      "type": "Feature",
      "geometry": {
        "type": "Point",
        "coordinates": [
          90.43878,
          23.67311
        ]
      },
      "properties": {
        "id": "osm-node-9331577201",
        "name": "Doleshwar",
        "name_bn": "দোলেশ্বর",
        "level": "place",
        "place": "village",
        "status": "official",
        "confidence": "high",
        "source_url": "https://www.openstreetmap.org/node/9331577201",
        "source_license": "ODbL (OpenStreetMap contributors)",
        "retrieved_at": "2026-08-23T10:14:09Z"
      }
    },
    {
      "type": "Feature",
      "geometry": {
        "type": "Point",
        "coordinates": [
          90.39245,
          23.68999
        ]
      },
      "properties": {
        "id": "osm-node-9331577202",
        "name": "Shuvadda",
        "name_bn": "শুভাড্ডা",
        "level": "place",
        "place": "village",
        "status": "official",
        "confidence": "high",
        "source_url": "https://www.openstreetmap.org/node/9331577202",
        "source_license": "ODbL (OpenStreetMap contributors)",
        "retrieved_at": "2026-08-23T10:14:09Z"
      }
    },
    {
      "type": "Feature",
      "geometry": {
        "type": "Point",
        "coordinates": [
          90.52678,
          23.77651
        ]
      },
      "properties": {
        "id": "osm-node-9331577203",
        "name": "Murapara",
        "name_bn": "মুড়াপাড়া",
        "level": "place",
        "place": "village",
        "status": "official",
        "confidence": "high",
        "source_url": "https://www.openstreetmap.org/node/9331577203",
        "source_license": "ODbL (OpenStreetMap contributors)",
        "retrieved_at": "2026-08-23T10:14:09Z"
      }
    },
    {
      "type": "Feature",
      "geometry": {
        "type": "Point",
        "coordinates": [
          90.40032,
          23.70246
        ]
      },
      "properties": {
        "id": "osm-node-9331577204",
        "name": "Aga Nagar",
        "name_bn": "আগা নগর",
        "level": "place",
        "place": "quarter",
        "status": "official",
        "confidence": "high",
        "source_url": "https://www.openstreetmap.org/node/9331577204",
        "source_license": "ODbL (OpenStreetMap contributors)",
        "retrieved_at": "2026-08-23T10:14:09Z"
      }
    },
    {
      "type": "Feature",
      "geometry": {
        "type": "Point",
        "coordinates": [
          90.41867,
          23.68904
        ]
      },
      "properties": {
        "id": "osm-node-9331577205",
        "name": "Mirerbag",
        "name_bn": "মিরেরবাগ",
        "level": "place",
        "place": "village",
        "status": "official",
        "confidence": "high",
        "source_url": "https://www.openstreetmap.org/node/9331577205",
        "source_license": "ODbL (OpenStreetMap contributors)",
        "retrieved_at": "2026-08-23T10:14:09Z"
      }
    },
    {
      "type": "Feature",
      "geometry": {
        "type": "Point",
        "coordinates": [
          90.42661,
          23.68264
        ]
      },
      "properties": {
        "id": "osm-node-9331577206",
        "name": "Hasnabad",
        "name_bn": "হাসনাবাদ",
        "level": "place",
        "place": "village",
        "status": "official",
        "confidence": "high",
        "source_url": "https://www.openstreetmap.org/node/9331577206",
        "source_license": "ODbL (OpenStreetMap contributors)",
        "retrieved_at": "2026-08-23T10:14:09Z"
      }
    },
    {
      "type": "Feature",
      "geometry": {
        "type": "Point",
        "coordinates": [
          90.54516,
          23.7473
        ]
      },
      "properties": {
        "id": "osm-node-9331577208",
        "name": "Borpa",
        "name_bn": "বরপা",
        "level": "place",
        "place": "village",
        "status": "official",
        "confidence": "high",
        "source_url": "https://www.openstreetmap.org/node/9331577208",
        "source_license": "ODbL (OpenStreetMap contributors)",
        "retrieved_at": "2026-08-23T10:14:09Z"
      }
    },
    {
      "type": "Feature",
      "geometry": {
        "type": "Point",
        "coordinates": [
          90.51059,
          23.70247
        ]
      },
      "properties": {
        "id": "osm-node-9331577209",
        "name": "Shimrail",
        "name_bn": "শিমরাইল",
        "level": "place",
        "place": "suburb",
        "status": "official",
        "confidence": "high",
        "source_url": "https://www.openstreetmap.org/node/9331577209",
        "source_license": "ODbL (OpenStreetMap contributors)",
        "retrieved_at": "2026-08-23T10:14:09Z"
      }
    },
    {
      "type": "Feature",
      "geometry": {
        "type": "Point",
        "coordinates": [
          90.35334,
          23.75524
        ]
      },
      "properties": {
        "id": "osm-node-9331577210",
        "name": "Chand Uddan",
        "name_bn": "চাঁদ উদ্যান",
        "level": "place",
        "place": "quarter",
        "status": "official",
        "confidence": "high",
        "source_url": "https://www.openstreetmap.org/node/9331577210",
        "source_license": "ODbL (OpenStreetMap contributors)",
        "retrieved_at": "2026-08-23T10:14:09Z"
      }
    },
    {
      "type": "Feature",
      "geometry": {
        "type": "Point",
        "coordinates": [
          90.43765,
          23.69364
        ]
      },
      "properties": {
        "id": "osm-node-9331577211",
        "name": "East Jurain",
        "name_bn": "পূর্ব জুরাইন",
        "level": "place",
        "place": "quarter",
        "status": "official",
        "confidence": "high",
        "source_url": "https://www.openstreetmap.org/node/9331577211",
        "source_license": "ODbL (OpenStreetMap contributors)",
        "retrieved_at": "2026-08-23T10:14:09Z"
      }
    },
    {
      "type": "Feature",
      "geometry": {
        "type": "Point",
        "coordinates": [
          90.40969,
          23.69576
        ]
      },
      "properties": {
        "id": "osm-node-9331577212",
        "name": "Khejurbag",
        "name_bn": "খেজুরবাগ",
        "level": "place",
        "place": "suburb",
        "status": "official",
        "confidence": "high",
        "source_url": "https://www.openstreetmap.org/node/9331577212",
        "source_license": "ODbL (OpenStreetMap contributors)",
        "retrieved_at": "2026-08-23T10:14:09Z"
      }
    },
    {
      "type": "Feature",
      "geometry": {
        "type": "Point",
        "coordinates": [
          90.40185,
          23.69377
        ]
      },
      "properties": {
        "id": "osm-node-9331577213",
        "name": "Nazirabag",
        "name_bn": "নাজিরাবাগ",
        "level": "place",
        "place": "suburb",
        "status": "official",
        "confidence": "high",
        "source_url": "https://www.openstreetmap.org/node/9331577213",
        "source_license": "ODbL (OpenStreetMap contributors)",
        "retrieved_at": "2026-08-23T10:14:09Z"
      }
    },
    {
      "type": "Feature",
      "geometry": {
        "type": "Point",
        "coordinates": [
          90.40063,
          23.69956
        ]
      },
      "properties": {
        "id": "osm-node-9331577214",
        "name": "Jhaubari",
        "name_bn": "ঝাউবাড়ি",
        "level": "place",
        "place": "quarter",
        "status": "official",
        "confidence": "high",
        "source_url": "https://www.openstreetmap.org/node/9331577214",
        "source_license": "ODbL (OpenStreetMap contributors)",
        "retrieved_at": "2026-08-23T10:14:09Z"
      }
    },
    {
      "type": "Feature",
      "geometry": {
        "type": "Point",
        "coordinates": [
          90.40059,
          23.7047
        ]
      },
      "properties": {
        "id": "osm-node-9331577215",
        "name": "Kathuria",
        "name_bn": "কাঠুরিয়া",
        "level": "place",
        "place": "quarter",
        "status": "official",
        "confidence": "high",
        "source_url": "https://www.openstreetmap.org/node/9331577215",
        "source_license": "ODbL (OpenStreetMap contributors)",
        "retrieved_at": "2026-08-23T10:14:09Z"
      }
    },
    {
      "type": "Feature",
      "geometry": {
        "type": "Point",
        "coordinates": [
          90.41457,
          23.69668
        ]
      },
      "properties": {
        "id": "osm-node-9331577216",
        "name": "Char Mirerbag",
        "name_bn": "চর মিরেরবাগ",
        "level": "place",
        "place": "village",
        "status": "official",
        "confidence": "high",
        "source_url": "https://www.openstreetmap.org/node/9331577216",
        "source_license": "ODbL (OpenStreetMap contributors)",
        "retrieved_at": "2026-08-23T10:14:09Z"
      }
    },
    {
      "type": "Feature",
      "geometry": {
        "type": "Point",
        "coordinates": [
          90.41024,
          23.70003
        ]
      },
      "properties": {
        "id": "osm-node-9331599917",
        "name": "Charkaliganj",
        "name_bn": "চরকালিগঞ্জ",
        "level": "place",
        "place": "quarter",
        "status": "official",
        "confidence": "high",
        "source_url": "https://www.openstreetmap.org/node/9331599917",
        "source_license": "ODbL (OpenStreetMap contributors)",
        "retrieved_at": "2026-08-23T10:14:09Z"
      }
    },
    {
      "type": "Feature",
      "geometry": {
        "type": "Point",
        "coordinates": [
          90.4059,
          23.7006
        ]
      },
      "properties": {
        "id": "osm-node-9331599918",
        "name": "Kaliganj",
        "name_bn": "কালিগঞ্জ",
        "level": "place",
        "place": "suburb",
        "status": "official",
        "confidence": "high",
        "source_url": "https://www.openstreetmap.org/node/9331599918",
        "source_license": "ODbL (OpenStreetMap contributors)",
        "retrieved_at": "2026-08-23T10:14:09Z"
      }
    },
    {
      "type": "Feature",
      "geometry": {
        "type": "Point",
        "coordinates": [
          90.37491,
          23.71597
        ]
      },
      "properties": {
        "id": "osm-node-9331599919",
        "name": "Baragram",
        "name_bn": "বড়গ্রাম",
        "level": "place",
        "place": "quarter",
        "status": "official",
        "confidence": "high",
        "source_url": "https://www.openstreetmap.org/node/9331599919",
        "source_license": "ODbL (OpenStreetMap contributors)",
        "retrieved_at": "2026-08-23T10:14:09Z"
      }
    },
    {
      "type": "Feature",
      "geometry": {
        "type": "Point",
        "coordinates": [
          90.38541,
          23.71101
        ]
      },
      "properties": {
        "id": "osm-node-9331599920",
        "name": "Raghunathpur",
        "name_bn": "রঘুনাথপুর",
        "level": "place",
        "place": "neighbourhood",
        "status": "official",
        "confidence": "high",
        "source_url": "https://www.openstreetmap.org/node/9331599920",
        "source_license": "ODbL (OpenStreetMap contributors)",
        "retrieved_at": "2026-08-23T10:14:09Z"
      }
    },
    {
      "type": "Feature",
      "geometry": {
        "type": "Point",
        "coordinates": [
          90.38336,
          23.7108
        ]
      },
      "properties": {
        "id": "osm-node-9331599921",
        "name": "Karimbag",
        "name_bn": "করিমবাগ",
        "level": "place",
        "place": "quarter",
        "status": "official",
        "confidence": "high",
        "source_url": "https://www.openstreetmap.org/node/9331599921",
        "source_license": "ODbL (OpenStreetMap contributors)",
        "retrieved_at": "2026-08-23T10:14:09Z"
      }
    },
    {
      "type": "Feature",
      "geometry": {
        "type": "Point",
        "coordinates": [
          90.36305,
          23.71857
        ]
      },
      "properties": {
        "id": "osm-node-9331599922",
        "name": "Sultanganj",
        "name_bn": "সুলতানগঞ্জ",
        "level": "place",
        "place": "quarter",
        "status": "official",
        "confidence": "high",
        "source_url": "https://www.openstreetmap.org/node/9331599922",
        "source_license": "ODbL (OpenStreetMap contributors)",
        "retrieved_at": "2026-08-23T10:14:09Z"
      }
    },
    {
      "type": "Feature",
      "geometry": {
        "type": "Point",
        "coordinates": [
          90.3637,
          23.72012
        ]
      },
      "properties": {
        "id": "osm-node-9331599923",
        "name": "Munshihati",
        "name_bn": "মুন্সিহাটি",
        "level": "place",
        "place": "quarter",
        "status": "official",
        "confidence": "high",
        "source_url": "https://www.openstreetmap.org/node/9331599923",
        "source_license": "ODbL (OpenStreetMap contributors)",
        "retrieved_at": "2026-08-23T10:14:09Z"
      }
    },
    {
      "type": "Feature",
      "geometry": {
        "type": "Point",
        "coordinates": [
          90.36019,
          23.72608
        ]
      },
      "properties": {
        "id": "osm-node-9331599924",
        "name": "Kalunagar",
        "name_bn": "কালুনগর",
        "level": "place",
        "place": "quarter",
        "status": "official",
        "confidence": "high",
        "source_url": "https://www.openstreetmap.org/node/9331599924",
        "source_license": "ODbL (OpenStreetMap contributors)",
        "retrieved_at": "2026-08-23T10:14:09Z"
      }
    },
    {
      "type": "Feature",
      "geometry": {
        "type": "Point",
        "coordinates": [
          90.39107,
          23.71206
        ]
      },
      "properties": {
        "id": "osm-node-9331599925",
        "name": "Kamalbag",
        "name_bn": "কামালবাগ",
        "level": "place",
        "place": "neighbourhood",
        "status": "official",
        "confidence": "high",
        "source_url": "https://www.openstreetmap.org/node/9331599925",
        "source_license": "ODbL (OpenStreetMap contributors)",
        "retrieved_at": "2026-08-23T10:14:09Z"
      }
    },
    {
      "type": "Feature",
      "geometry": {
        "type": "Point",
        "coordinates": [
          90.38169,
          23.71748
        ]
      },
      "properties": {
        "id": "osm-node-9331599926",
        "name": "Shahidnagar",
        "name_bn": "শহীদনগর",
        "level": "place",
        "place": "quarter",
        "status": "official",
        "confidence": "high",
        "source_url": "https://www.openstreetmap.org/node/9331599926",
        "source_license": "ODbL (OpenStreetMap contributors)",
        "retrieved_at": "2026-08-23T10:14:09Z"
      }
    },
    {
      "type": "Feature",
      "geometry": {
        "type": "Point",
        "coordinates": [
          90.37661,
          23.72449
        ]
      },
      "properties": {
        "id": "osm-node-9331599927",
        "name": "Bhagalpur",
        "name_bn": "ভাগলপুর",
        "level": "place",
        "place": "neighbourhood",
        "status": "official",
        "confidence": "high",
        "source_url": "https://www.openstreetmap.org/node/9331599927",
        "source_license": "ODbL (OpenStreetMap contributors)",
        "retrieved_at": "2026-08-23T10:14:09Z"
      }
    },
    {
      "type": "Feature",
      "geometry": {
        "type": "Point",
        "coordinates": [
          90.37694,
          23.72564
        ]
      },
      "properties": {
        "id": "osm-node-9331599928",
        "name": "Enayetganj",
        "name_bn": "এনায়েতগঞ্জ",
        "level": "place",
        "place": "neighbourhood",
        "status": "official",
        "confidence": "high",
        "source_url": "https://www.openstreetmap.org/node/9331599928",
        "source_license": "ODbL (OpenStreetMap contributors)",
        "retrieved_at": "2026-08-23T10:14:09Z"
      }
    },
    {
      "type": "Feature",
      "geometry": {
        "type": "Point",
        "coordinates": [
          90.36724,
          23.72946
        ]
      },
      "properties": {
        "id": "osm-node-9331599929",
        "name": "Burhanpur",
        "name_bn": "বুরহানপুর",
        "level": "place",
        "place": "neighbourhood",
        "status": "official",
        "confidence": "high",
        "source_url": "https://www.openstreetmap.org/node/9331599929",
        "source_license": "ODbL (OpenStreetMap contributors)",
        "retrieved_at": "2026-08-23T10:14:09Z"
      }
    },
    {
      "type": "Feature",
      "geometry": {
        "type": "Point",
        "coordinates": [
          90.3731,
          23.72963
        ]
      },
      "properties": {
        "id": "osm-node-9331599930",
        "name": "Maneshwar",
        "name_bn": "মনেশ্বর",
        "level": "place",
        "place": "quarter",
        "status": "official",
        "confidence": "high",
        "source_url": "https://www.openstreetmap.org/node/9331599930",
        "source_license": "ODbL (OpenStreetMap contributors)",
        "retrieved_at": "2026-08-23T10:14:09Z"
      }
    },
    {
      "type": "Feature",
      "geometry": {
        "type": "Point",
        "coordinates": [
          90.36781,
          23.74079
        ]
      },
      "properties": {
        "id": "osm-node-9331599931",
        "name": "Tallabag",
        "name_bn": "তল্লাবাগ",
        "level": "place",
        "place": "neighbourhood",
        "status": "official",
        "confidence": "high",
        "source_url": "https://www.openstreetmap.org/node/9331599931",
        "source_license": "ODbL (OpenStreetMap contributors)",
        "retrieved_at": "2026-08-23T10:14:09Z"
      }
    },
    {
      "type": "Feature",
      "geometry": {
        "type": "Point",
        "coordinates": [
          90.36203,
          23.74925
        ]
      },
      "properties": {
        "id": "osm-node-9331599932",
        "name": "Zafarabad",
        "name_bn": "জাফরাবাদ",
        "level": "place",
        "place": "quarter",
        "status": "official",
        "confidence": "high",
        "source_url": "https://www.openstreetmap.org/node/9331599932",
        "source_license": "ODbL (OpenStreetMap contributors)",
        "retrieved_at": "2026-08-23T10:14:09Z"
      }
    },
    {
      "type": "Feature",
      "geometry": {
        "type": "Point",
        "coordinates": [
          90.3661,
          23.74961
        ]
      },
      "properties": {
        "id": "osm-node-9331599933",
        "name": "Shankar",
        "name_bn": "শংকর",
        "level": "place",
        "place": "quarter",
        "status": "official",
        "confidence": "high",
        "source_url": "https://www.openstreetmap.org/node/9331599933",
        "source_license": "ODbL (OpenStreetMap contributors)",
        "retrieved_at": "2026-08-23T10:14:09Z"
      }
    },
    {
      "type": "Feature",
      "geometry": {
        "type": "Point",
        "coordinates": [
          90.34671,
          23.7602
        ]
      },
      "properties": {
        "id": "osm-node-9331599934",
        "name": "Nabinagar Housing",
        "name_bn": "নবীনগর হাউজিং",
        "level": "place",
        "place": "quarter",
        "status": "official",
        "confidence": "high",
        "source_url": "https://www.openstreetmap.org/node/9331599934",
        "source_license": "ODbL (OpenStreetMap contributors)",
        "retrieved_at": "2026-08-23T10:14:09Z"
      }
    },
    {
      "type": "Feature",
      "geometry": {
        "type": "Point",
        "coordinates": [
          90.38442,
          23.86284
        ]
      },
      "properties": {
        "id": "osm-node-9331599935",
        "name": "Ahalia",
        "name_bn": "আহালিয়া",
        "level": "place",
        "place": "quarter",
        "status": "official",
        "confidence": "high",
        "source_url": "https://www.openstreetmap.org/node/9331599935",
        "source_license": "ODbL (OpenStreetMap contributors)",
        "retrieved_at": "2026-08-23T10:14:09Z"
      }
    },
    {
      "type": "Feature",
      "geometry": {
        "type": "Point",
        "coordinates": [
          90.37434,
          23.85697
        ]
      },
      "properties": {
        "id": "osm-node-9331599936",
        "name": "Uludaha",
        "name_bn": "উলুদহ",
        "level": "place",
        "place": "quarter",
        "status": "official",
        "confidence": "high",
        "source_url": "https://www.openstreetmap.org/node/9331599936",
        "source_license": "ODbL (OpenStreetMap contributors)",
        "retrieved_at": "2026-08-23T10:14:09Z"
      }
    },
    {
      "type": "Feature",
      "geometry": {
        "type": "Point",
        "coordinates": [
          90.38077,
          23.8547
        ]
      },
      "properties": {
        "id": "osm-node-9331599937",
        "name": "Badaldi",
        "name_bn": "বাদলদি",
        "level": "place",
        "place": "quarter",
        "status": "official",
        "confidence": "high",
        "source_url": "https://www.openstreetmap.org/node/9331599937",
        "source_license": "ODbL (OpenStreetMap contributors)",
        "retrieved_at": "2026-08-23T10:14:09Z"
      }
    },
    {
      "type": "Feature",
      "geometry": {
        "type": "Point",
        "coordinates": [
          90.37756,
          23.85149
        ]
      },
      "properties": {
        "id": "osm-node-9331599938",
        "name": "Tafalia",
        "name_bn": "তাফালিয়া",
        "level": "place",
        "place": "quarter",
        "status": "official",
        "confidence": "high",
        "source_url": "https://www.openstreetmap.org/node/9331599938",
        "source_license": "ODbL (OpenStreetMap contributors)",
        "retrieved_at": "2026-08-23T10:14:09Z"
      }
    },
    {
      "type": "Feature",
      "geometry": {
        "type": "Point",
        "coordinates": [
          90.43764,
          23.79217
        ]
      },
      "properties": {
        "id": "osm-node-9331599941",
        "name": "East Nurer Chala",
        "name_bn": "পূর্ব নুরের চালা",
        "level": "place",
        "place": "quarter",
        "status": "official",
        "confidence": "high",
        "source_url": "https://www.openstreetmap.org/node/9331599941",
        "source_license": "ODbL (OpenStreetMap contributors)",
        "retrieved_at": "2026-08-23T10:14:09Z"
      }
    },
    {
      "type": "Feature",
      "geometry": {
        "type": "Point",
        "coordinates": [
          90.43558,
          23.7574
        ]
      },
      "properties": {
        "id": "osm-node-9331599942",
        "name": "Ansarbag",
        "name_bn": "আনসারবাগ",
        "level": "place",
        "place": "neighbourhood",
        "status": "official",
        "confidence": "high",
        "source_url": "https://www.openstreetmap.org/node/9331599942",
        "source_license": "ODbL (OpenStreetMap contributors)",
        "retrieved_at": "2026-08-23T10:14:09Z"
      }
    },
    {
      "type": "Feature",
      "geometry": {
        "type": "Point",
        "coordinates": [
          90.44064,
          23.73956
        ]
      },
      "properties": {
        "id": "osm-node-9331599943",
        "name": "Baganbari",
        "name_bn": "বাগানবাড়ি",
        "level": "place",
        "place": "neighbourhood",
        "status": "official",
        "confidence": "high",
        "source_url": "https://www.openstreetmap.org/node/9331599943",
        "source_license": "ODbL (OpenStreetMap contributors)",
        "retrieved_at": "2026-08-23T10:14:09Z"
      }
    },
    {
      "type": "Feature",
      "geometry": {
        "type": "Point",
        "coordinates": [
          90.43216,
          23.7356
        ]
      },
      "properties": {
        "id": "osm-node-9331599944",
        "name": "Ahmadbag",
        "name_bn": "আহমদবাগ",
        "level": "place",
        "place": "quarter",
        "status": "official",
        "confidence": "high",
        "source_url": "https://www.openstreetmap.org/node/9331599944",
        "source_license": "ODbL (OpenStreetMap contributors)",
        "retrieved_at": "2026-08-23T10:14:09Z"
      }
    },
    {
      "type": "Feature",
      "geometry": {
        "type": "Point",
        "coordinates": [
          90.43349,
          23.71672
        ]
      },
      "properties": {
        "id": "osm-node-9331599945",
        "name": "Dholpur",
        "name_bn": "ধলপুর",
        "level": "place",
        "place": "quarter",
        "status": "official",
        "confidence": "high",
        "source_url": "https://www.openstreetmap.org/node/9331599945",
        "source_license": "ODbL (OpenStreetMap contributors)",
        "retrieved_at": "2026-08-23T10:14:09Z"
      }
    },
    {
      "type": "Feature",
      "geometry": {
        "type": "Point",
        "coordinates": [
          90.42138,
          23.71172
        ]
      },
      "properties": {
        "id": "osm-node-9331599946",
        "name": "Rishipara",
        "name_bn": "ঋষিপাড়া",
        "level": "place",
        "place": "neighbourhood",
        "status": "official",
        "confidence": "high",
        "source_url": "https://www.openstreetmap.org/node/9331599946",
        "source_license": "ODbL (OpenStreetMap contributors)",
        "retrieved_at": "2026-08-23T10:14:09Z"
      }
    },
    {
      "type": "Feature",
      "geometry": {
        "type": "Point",
        "coordinates": [
          90.37412,
          23.87251
        ]
      },
      "properties": {
        "id": "osm-node-9331599947",
        "name": "Chandalbhog",
        "name_bn": "চন্ডালভোগ",
        "level": "place",
        "place": "quarter",
        "status": "official",
        "confidence": "high",
        "source_url": "https://www.openstreetmap.org/node/9331599947",
        "source_license": "ODbL (OpenStreetMap contributors)",
        "retrieved_at": "2026-08-23T10:14:09Z"
      }
    },
    {
      "type": "Feature",
      "geometry": {
        "type": "Point",
        "coordinates": [
          90.38393,
          23.8906
        ]
      },
      "properties": {
        "id": "osm-node-9331599948",
        "name": "Kamarpara",
        "name_bn": "কামারপাড়া",
        "level": "place",
        "place": "quarter",
        "status": "official",
        "confidence": "high",
        "source_url": "https://www.openstreetmap.org/node/9331599948",
        "source_license": "ODbL (OpenStreetMap contributors)",
        "retrieved_at": "2026-08-23T10:14:09Z"
      }
    },
    {
      "type": "Feature",
      "geometry": {
        "type": "Point",
        "coordinates": [
          90.37552,
          23.87749
        ]
      },
      "properties": {
        "id": "osm-node-9331599949",
        "name": "Nalbhog",
        "name_bn": "নলভোগ",
        "level": "place",
        "place": "suburb",
        "status": "official",
        "confidence": "high",
        "source_url": "https://www.openstreetmap.org/node/9331599949",
        "source_license": "ODbL (OpenStreetMap contributors)",
        "retrieved_at": "2026-08-23T10:14:09Z"
      }
    },
    {
      "type": "Feature",
      "geometry": {
        "type": "Point",
        "coordinates": [
          90.38425,
          23.88403
        ]
      },
      "properties": {
        "id": "osm-node-9331599950",
        "name": "Ranabhola",
        "name_bn": "রানাভোলা",
        "level": "place",
        "place": "quarter",
        "status": "official",
        "confidence": "high",
        "source_url": "https://www.openstreetmap.org/node/9331599950",
        "source_license": "ODbL (OpenStreetMap contributors)",
        "retrieved_at": "2026-08-23T10:14:09Z"
      }
    },
    {
      "type": "Feature",
      "geometry": {
        "type": "Point",
        "coordinates": [
          90.40896,
          23.87259
        ]
      },
      "properties": {
        "id": "osm-node-9331599951",
        "name": "Dewanpara",
        "name_bn": "দেওয়ানপাড়া",
        "level": "place",
        "place": "quarter",
        "status": "official",
        "confidence": "high",
        "source_url": "https://www.openstreetmap.org/node/9331599951",
        "source_license": "ODbL (OpenStreetMap contributors)",
        "retrieved_at": "2026-08-23T10:14:09Z"
      }
    },
    {
      "type": "Feature",
      "geometry": {
        "type": "Point",
        "coordinates": [
          90.42039,
          23.87564
        ]
      },
      "properties": {
        "id": "osm-node-9331599952",
        "name": "Chanbari",
        "name_bn": "চানবাড়ি",
        "level": "place",
        "place": "quarter",
        "status": "official",
        "confidence": "high",
        "source_url": "https://www.openstreetmap.org/node/9331599952",
        "source_license": "ODbL (OpenStreetMap contributors)",
        "retrieved_at": "2026-08-23T10:14:09Z"
      }
    },
    {
      "type": "Feature",
      "geometry": {
        "type": "Point",
        "coordinates": [
          90.42298,
          23.88338
        ]
      },
      "properties": {
        "id": "osm-node-9331599953",
        "name": "Borobag",
        "name_bn": "বড়বাগ",
        "level": "place",
        "place": "quarter",
        "status": "official",
        "confidence": "high",
        "source_url": "https://www.openstreetmap.org/node/9331599953",
        "source_license": "ODbL (OpenStreetMap contributors)",
        "retrieved_at": "2026-08-23T10:14:09Z"
      }
    },
    {
      "type": "Feature",
      "geometry": {
        "type": "Point",
        "coordinates": [
          90.41497,
          23.87013
        ]
      },
      "properties": {
        "id": "osm-node-9331599954",
        "name": "Chalabon",
        "name_bn": "চালাবন",
        "level": "place",
        "place": "quarter",
        "status": "official",
        "confidence": "high",
        "source_url": "https://www.openstreetmap.org/node/9331599954",
        "source_license": "ODbL (OpenStreetMap contributors)",
        "retrieved_at": "2026-08-23T10:14:09Z"
      }
    },
    {
      "type": "Feature",
      "geometry": {
        "type": "Point",
        "coordinates": [
          90.37907,
          23.86418
        ]
      },
      "properties": {
        "id": "osm-node-9331599955",
        "name": "Pakuria",
        "name_bn": "পাকুরিয়া",
        "level": "place",
        "place": "quarter",
        "status": "official",
        "confidence": "high",
        "source_url": "https://www.openstreetmap.org/node/9331599955",
        "source_license": "ODbL (OpenStreetMap contributors)",
        "retrieved_at": "2026-08-23T10:14:09Z"
      }
    },
    {
      "type": "Feature",
      "geometry": {
        "type": "Point",
        "coordinates": [
          90.41439,
          23.8272
        ]
      },
      "properties": {
        "id": "osm-node-9331599956",
        "name": "Tanpara",
        "name_bn": "টানপাড়া",
        "level": "place",
        "place": "quarter",
        "status": "official",
        "confidence": "high",
        "source_url": "https://www.openstreetmap.org/node/9331599956",
        "source_license": "ODbL (OpenStreetMap contributors)",
        "retrieved_at": "2026-08-23T10:14:09Z"
      }
    },
    {
      "type": "Feature",
      "geometry": {
        "type": "Point",
        "coordinates": [
          90.42368,
          23.82379
        ]
      },
      "properties": {
        "id": "osm-node-9331599957",
        "name": "Kuratoli",
        "name_bn": "কুরাতলি",
        "level": "place",
        "place": "quarter",
        "status": "official",
        "confidence": "high",
        "source_url": "https://www.openstreetmap.org/node/9331599957",
        "source_license": "ODbL (OpenStreetMap contributors)",
        "retrieved_at": "2026-08-23T10:14:09Z"
      }
    },
    {
      "type": "Feature",
      "geometry": {
        "type": "Point",
        "coordinates": [
          90.41912,
          23.86281
        ]
      },
      "properties": {
        "id": "osm-node-9331599958",
        "name": "Kazibari",
        "name_bn": "কাজিবাড়ি",
        "level": "place",
        "place": "quarter",
        "status": "official",
        "confidence": "high",
        "source_url": "https://www.openstreetmap.org/node/9331599958",
        "source_license": "ODbL (OpenStreetMap contributors)",
        "retrieved_at": "2026-08-23T10:14:09Z"
      }
    },
    {
      "type": "Feature",
      "geometry": {
        "type": "Point",
        "coordinates": [
          90.424,
          23.86203
        ]
      },
      "properties": {
        "id": "osm-node-9331599959",
        "name": "Anurbag",
        "name_bn": "অনুরবাগ",
        "level": "place",
        "place": "quarter",
        "status": "official",
        "confidence": "high",
        "source_url": "https://www.openstreetmap.org/node/9331599959",
        "source_license": "ODbL (OpenStreetMap contributors)",
        "retrieved_at": "2026-08-23T10:14:09Z"
      }
    },
    {
      "type": "Feature",
      "geometry": {
        "type": "Point",
        "coordinates": [
          90.41472,
          23.86328
        ]
      },
      "properties": {
        "id": "osm-node-9331599960",
        "name": "Hazipara",
        "name_bn": "হাজিপাড়া",
        "level": "place",
        "place": "quarter",
        "status": "official",
        "confidence": "high",
        "source_url": "https://www.openstreetmap.org/node/9331599960",
        "source_license": "ODbL (OpenStreetMap contributors)",
        "retrieved_at": "2026-08-23T10:14:09Z"
      }
    },
    {
      "type": "Feature",
      "geometry": {
        "type": "Point",
        "coordinates": [
          90.4439,
          23.83918
        ]
      },
      "properties": {
        "id": "osm-node-9331599961",
        "name": "Borua",
        "name_bn": "বরুয়া",
        "level": "place",
        "place": "suburb",
        "status": "official",
        "confidence": "high",
        "source_url": "https://www.openstreetmap.org/node/9331599961",
        "source_license": "ODbL (OpenStreetMap contributors)",
        "retrieved_at": "2026-08-23T10:14:09Z"
      }
    },
    {
      "type": "Feature",
      "geometry": {
        "type": "Point",
        "coordinates": [
          90.434,
          23.78174
        ]
      },
      "properties": {
        "id": "osm-node-9331599962",
        "name": "Tekpara",
        "name_bn": "টেকপাড়া",
        "level": "place",
        "place": "quarter",
        "status": "official",
        "confidence": "high",
        "source_url": "https://www.openstreetmap.org/node/9331599962",
        "source_license": "ODbL (OpenStreetMap contributors)",
        "retrieved_at": "2026-08-23T10:14:09Z"
      }
    },
    {
      "type": "Feature",
      "geometry": {
        "type": "Point",
        "coordinates": [
          90.43598,
          23.77511
        ]
      },
      "properties": {
        "id": "osm-node-9331599963",
        "name": "Sonakatra",
        "name_bn": "সোনাকাটরা",
        "level": "place",
        "place": "quarter",
        "status": "official",
        "confidence": "high",
        "source_url": "https://www.openstreetmap.org/node/9331599963",
        "source_license": "ODbL (OpenStreetMap contributors)",
        "retrieved_at": "2026-08-23T10:14:09Z"
      }
    },
    {
      "type": "Feature",
      "geometry": {
        "type": "Point",
        "coordinates": [
          90.43193,
          23.77104
        ]
      },
      "properties": {
        "id": "osm-node-9331599964",
        "name": "Ananda Nagar",
        "name_bn": "আনন্দ নগর",
        "level": "place",
        "place": "quarter",
        "status": "official",
        "confidence": "high",
        "source_url": "https://www.openstreetmap.org/node/9331599964",
        "source_license": "ODbL (OpenStreetMap contributors)",
        "retrieved_at": "2026-08-23T10:14:09Z"
      }
    },
    {
      "type": "Feature",
      "geometry": {
        "type": "Point",
        "coordinates": [
          90.48878,
          23.77363
        ]
      },
      "properties": {
        "id": "osm-node-9331599965",
        "name": "Nogorpara",
        "name_bn": "নগরপাড়া",
        "level": "place",
        "place": "neighbourhood",
        "status": "official",
        "confidence": "high",
        "source_url": "https://www.openstreetmap.org/node/9331599965",
        "source_license": "ODbL (OpenStreetMap contributors)",
        "retrieved_at": "2026-08-23T10:14:09Z"
      }
    },
    {
      "type": "Feature",
      "geometry": {
        "type": "Point",
        "coordinates": [
          90.49267,
          23.77283
        ]
      },
      "properties": {
        "id": "osm-node-9331599966",
        "name": "Kayetpara",
        "name_bn": "কায়েতপাড়া",
        "level": "place",
        "place": "village",
        "status": "official",
        "confidence": "high",
        "source_url": "https://www.openstreetmap.org/node/9331599966",
        "source_license": "ODbL (OpenStreetMap contributors)",
        "retrieved_at": "2026-08-23T10:14:09Z"
      }
    },
    {
      "type": "Feature",
      "geometry": {
        "type": "Point",
        "coordinates": [
          90.48149,
          23.76458
        ]
      },
      "properties": {
        "id": "osm-node-9331599967",
        "name": "Balurpar",
        "name_bn": "বালুরপাড়",
        "level": "place",
        "place": "quarter",
        "status": "official",
        "confidence": "high",
        "source_url": "https://www.openstreetmap.org/node/9331599967",
        "source_license": "ODbL (OpenStreetMap contributors)",
        "retrieved_at": "2026-08-23T10:14:09Z"
      }
    },
    {
      "type": "Feature",
      "geometry": {
        "type": "Point",
        "coordinates": [
          90.46553,
          23.75664
        ]
      },
      "properties": {
        "id": "osm-node-9331599968",
        "name": "Nasirabad",
        "name_bn": "নাসিরাবাদ",
        "level": "place",
        "place": "village",
        "status": "official",
        "confidence": "high",
        "source_url": "https://www.openstreetmap.org/node/9331599968",
        "source_license": "ODbL (OpenStreetMap contributors)",
        "retrieved_at": "2026-08-23T10:14:09Z"
      }
    },
    {
      "type": "Feature",
      "geometry": {
        "type": "Point",
        "coordinates": [
          90.4661,
          23.7656
        ]
      },
      "properties": {
        "id": "osm-node-9331599969",
        "name": "Dasherkandi",
        "name_bn": "দাসেরকান্দি",
        "level": "place",
        "place": "village",
        "status": "official",
        "confidence": "high",
        "source_url": "https://www.openstreetmap.org/node/9331599969",
        "source_license": "ODbL (OpenStreetMap contributors)",
        "retrieved_at": "2026-08-23T10:14:09Z"
      }
    },
    {
      "type": "Feature",
      "geometry": {
        "type": "Point",
        "coordinates": [
          90.44832,
          23.76102
        ]
      },
      "properties": {
        "id": "osm-node-9331599970",
        "name": "Angarjora",
        "name_bn": "আঙ্গারজোড়া",
        "level": "place",
        "place": "quarter",
        "status": "official",
        "confidence": "high",
        "source_url": "https://www.openstreetmap.org/node/9331599970",
        "source_license": "ODbL (OpenStreetMap contributors)",
        "retrieved_at": "2026-08-23T10:14:09Z"
      }
    },
    {
      "type": "Feature",
      "geometry": {
        "type": "Point",
        "coordinates": [
          90.45552,
          23.75575
        ]
      },
      "properties": {
        "id": "osm-node-9331599971",
        "name": "Trimohani",
        "name_bn": "ত্রিমোহনী",
        "level": "place",
        "place": "suburb",
        "status": "official",
        "confidence": "high",
        "source_url": "https://www.openstreetmap.org/node/9331599971",
        "source_license": "ODbL (OpenStreetMap contributors)",
        "retrieved_at": "2026-08-23T10:14:09Z"
      }
    },
    {
      "type": "Feature",
      "geometry": {
        "type": "Point",
        "coordinates": [
          90.45688,
          23.73867
        ]
      },
      "properties": {
        "id": "osm-node-9331599972",
        "name": "Manikdia",
        "name_bn": "মানিকদিয়া",
        "level": "place",
        "place": "quarter",
        "status": "official",
        "confidence": "high",
        "source_url": "https://www.openstreetmap.org/node/9331599972",
        "source_license": "ODbL (OpenStreetMap contributors)",
        "retrieved_at": "2026-08-23T10:14:09Z"
      }
    },
    {
      "type": "Feature",
      "geometry": {
        "type": "Point",
        "coordinates": [
          90.44082,
          23.73583
        ]
      },
      "properties": {
        "id": "osm-node-9331599973",
        "name": "Rajarbag",
        "name_bn": "রাজারবাগ",
        "level": "place",
        "place": "suburb",
        "status": "official",
        "confidence": "high",
        "source_url": "https://www.openstreetmap.org/node/9331599973",
        "source_license": "ODbL (OpenStreetMap contributors)",
        "retrieved_at": "2026-08-23T10:14:09Z"
      }
    },
    {
      "type": "Feature",
      "geometry": {
        "type": "Point",
        "coordinates": [
          90.44049,
          23.74151
        ]
      },
      "properties": {
        "id": "osm-node-9331599974",
        "name": "South Madartek",
        "name_bn": "দক্ষিণ মাদারটেক",
        "level": "place",
        "place": "quarter",
        "status": "official",
        "confidence": "high",
        "source_url": "https://www.openstreetmap.org/node/9331599974",
        "source_license": "ODbL (OpenStreetMap contributors)",
        "retrieved_at": "2026-08-23T10:14:09Z"
      }
    },
    {
      "type": "Feature",
      "geometry": {
        "type": "Point",
        "coordinates": [
          90.42993,
          23.74693
        ]
      },
      "properties": {
        "id": "osm-node-9331599975",
        "name": "Provatibag",
        "name_bn": "প্রভাতিবাগ",
        "level": "place",
        "place": "neighbourhood",
        "status": "official",
        "confidence": "high",
        "source_url": "https://www.openstreetmap.org/node/9331599975",
        "source_license": "ODbL (OpenStreetMap contributors)",
        "retrieved_at": "2026-08-23T10:14:09Z"
      }
    },
    {
      "type": "Feature",
      "geometry": {
        "type": "Point",
        "coordinates": [
          90.43141,
          23.7457
        ]
      },
      "properties": {
        "id": "osm-node-9331599976",
        "name": "Shantipur",
        "name_bn": "শান্তিপুর",
        "level": "place",
        "place": "neighbourhood",
        "status": "official",
        "confidence": "high",
        "source_url": "https://www.openstreetmap.org/node/9331599976",
        "source_license": "ODbL (OpenStreetMap contributors)",
        "retrieved_at": "2026-08-23T10:14:09Z"
      }
    },
    {
      "type": "Feature",
      "geometry": {
        "type": "Point",
        "coordinates": [
          90.43537,
          23.75272
        ]
      },
      "properties": {
        "id": "osm-node-9331599977",
        "name": "Momenbag",
        "name_bn": "মোমেনবাগ",
        "level": "place",
        "place": "neighbourhood",
        "status": "official",
        "confidence": "high",
        "source_url": "https://www.openstreetmap.org/node/9331599977",
        "source_license": "ODbL (OpenStreetMap contributors)",
        "retrieved_at": "2026-08-23T10:14:09Z"
      }
    },
    {
      "type": "Feature",
      "geometry": {
        "type": "Point",
        "coordinates": [
          90.43725,
          23.75168
        ]
      },
      "properties": {
        "id": "osm-node-9331599978",
        "name": "Nabinbag",
        "name_bn": "নবীনবাগ",
        "level": "place",
        "place": "neighbourhood",
        "status": "official",
        "confidence": "high",
        "source_url": "https://www.openstreetmap.org/node/9331599978",
        "source_license": "ODbL (OpenStreetMap contributors)",
        "retrieved_at": "2026-08-23T10:14:09Z"
      }
    },
    {
      "type": "Feature",
      "geometry": {
        "type": "Point",
        "coordinates": [
          90.43436,
          23.74993
        ]
      },
      "properties": {
        "id": "osm-node-9331599979",
        "name": "Nurbag",
        "name_bn": "নুরবাগ",
        "level": "place",
        "place": "neighbourhood",
        "status": "official",
        "confidence": "high",
        "source_url": "https://www.openstreetmap.org/node/9331599979",
        "source_license": "ODbL (OpenStreetMap contributors)",
        "retrieved_at": "2026-08-23T10:14:09Z"
      }
    },
    {
      "type": "Feature",
      "geometry": {
        "type": "Point",
        "coordinates": [
          90.43398,
          23.75141
        ]
      },
      "properties": {
        "id": "osm-node-9331599980",
        "name": "Adarshabag",
        "name_bn": "আদর্শবাগ",
        "level": "place",
        "place": "neighbourhood",
        "status": "official",
        "confidence": "high",
        "source_url": "https://www.openstreetmap.org/node/9331599980",
        "source_license": "ODbL (OpenStreetMap contributors)",
        "retrieved_at": "2026-08-23T10:14:09Z"
      }
    },
    {
      "type": "Feature",
      "geometry": {
        "type": "Point",
        "coordinates": [
          90.43653,
          23.7482
        ]
      },
      "properties": {
        "id": "osm-node-9331599981",
        "name": "East Goran",
        "name_bn": "পূর্ব গোড়ান",
        "level": "place",
        "place": "quarter",
        "status": "official",
        "confidence": "high",
        "source_url": "https://www.openstreetmap.org/node/9331599981",
        "source_license": "ODbL (OpenStreetMap contributors)",
        "retrieved_at": "2026-08-23T10:14:09Z"
      }
    },
    {
      "type": "Feature",
      "geometry": {
        "type": "Point",
        "coordinates": [
          90.4445,
          23.7485
        ]
      },
      "properties": {
        "id": "osm-node-9331599982",
        "name": "West Nandipara",
        "name_bn": "পশ্চিম নন্দিপাড়া",
        "level": "place",
        "place": "quarter",
        "status": "official",
        "confidence": "high",
        "source_url": "https://www.openstreetmap.org/node/9331599982",
        "source_license": "ODbL (OpenStreetMap contributors)",
        "retrieved_at": "2026-08-23T10:14:09Z"
      }
    },
    {
      "type": "Feature",
      "geometry": {
        "type": "Point",
        "coordinates": [
          90.36313,
          23.78761
        ]
      },
      "properties": {
        "id": "osm-node-9333465940",
        "name": "Bottola",
        "name_bn": "বটতলা",
        "level": "place",
        "place": "neighbourhood",
        "status": "official",
        "confidence": "high",
        "source_url": "https://www.openstreetmap.org/node/9333465940",
        "source_license": "ODbL (OpenStreetMap contributors)",
        "retrieved_at": "2026-08-23T10:14:09Z"
      }
    },
    {
      "type": "Feature",
      "geometry": {
        "type": "Point",
        "coordinates": [
          90.36384,
          23.78742
        ]
      },
      "properties": {
        "id": "osm-node-9333465941",
        "name": "Sonali Nagar",
        "name_bn": "সোনালি নগর",
        "level": "place",
        "place": "neighbourhood",
        "status": "official",
        "confidence": "high",
        "source_url": "https://www.openstreetmap.org/node/9333465941",
        "source_license": "ODbL (OpenStreetMap contributors)",
        "retrieved_at": "2026-08-23T10:14:09Z"
      }
    },
    {
      "type": "Feature",
      "geometry": {
        "type": "Point",
        "coordinates": [
          90.35163,
          23.79506
        ]
      },
      "properties": {
        "id": "osm-node-9355050132",
        "name": "South Bishil",
        "name_bn": "দক্ষিণ বিশিল",
        "level": "place",
        "place": "quarter",
        "status": "official",
        "confidence": "high",
        "source_url": "https://www.openstreetmap.org/node/9355050132",
        "source_license": "ODbL (OpenStreetMap contributors)",
        "retrieved_at": "2026-08-23T10:14:09Z"
      }
    },
    {
      "type": "Feature",
      "geometry": {
        "type": "Point",
        "coordinates": [
          90.45917,
          23.69649
        ]
      },
      "properties": {
        "id": "osm-node-9363852600",
        "name": "Mujahid Nagar",
        "name_bn": "মুজাহিদ নগর",
        "level": "place",
        "place": "quarter",
        "status": "official",
        "confidence": "high",
        "source_url": "https://www.openstreetmap.org/node/9363852600",
        "source_license": "ODbL (OpenStreetMap contributors)",
        "retrieved_at": "2026-08-23T10:14:09Z"
      }
    },
    {
      "type": "Feature",
      "geometry": {
        "type": "Point",
        "coordinates": [
          90.4613,
          23.69376
        ]
      },
      "properties": {
        "id": "osm-node-9363852601",
        "name": "Habib Nagar",
        "name_bn": "হাবিব নগর",
        "level": "place",
        "place": "quarter",
        "status": "official",
        "confidence": "high",
        "source_url": "https://www.openstreetmap.org/node/9363852601",
        "source_license": "ODbL (OpenStreetMap contributors)",
        "retrieved_at": "2026-08-23T10:14:09Z"
      }
    },
    {
      "type": "Feature",
      "geometry": {
        "type": "Point",
        "coordinates": [
          90.4564,
          23.69722
        ]
      },
      "properties": {
        "id": "osm-node-9365180889",
        "name": "Madinabag",
        "name_bn": "মদিনাবাগ",
        "level": "place",
        "place": "quarter",
        "status": "official",
        "confidence": "high",
        "source_url": "https://www.openstreetmap.org/node/9365180889",
        "source_license": "ODbL (OpenStreetMap contributors)",
        "retrieved_at": "2026-08-23T10:14:09Z"
      }
    },
    {
      "type": "Feature",
      "geometry": {
        "type": "Point",
        "coordinates": [
          90.41883,
          23.70843
        ]
      },
      "properties": {
        "id": "osm-node-9365246448",
        "name": "Bania Nagar",
        "name_bn": "বানিয়া নগর",
        "level": "place",
        "place": "neighbourhood",
        "status": "official",
        "confidence": "high",
        "source_url": "https://www.openstreetmap.org/node/9365246448",
        "source_license": "ODbL (OpenStreetMap contributors)",
        "retrieved_at": "2026-08-23T10:14:09Z"
      }
    },
    {
      "type": "Feature",
      "geometry": {
        "type": "Point",
        "coordinates": [
          90.4549,
          23.6986
        ]
      },
      "properties": {
        "id": "osm-node-9382042748",
        "name": "Janatabag",
        "name_bn": "জনতাবাগ",
        "level": "place",
        "place": "quarter",
        "status": "official",
        "confidence": "high",
        "source_url": "https://www.openstreetmap.org/node/9382042748",
        "source_license": "ODbL (OpenStreetMap contributors)",
        "retrieved_at": "2026-08-23T10:14:09Z"
      }
    },
    {
      "type": "Feature",
      "geometry": {
        "type": "Point",
        "coordinates": [
          90.44945,
          23.70061
        ]
      },
      "properties": {
        "id": "osm-node-9382109172",
        "name": "Noorpur",
        "name_bn": "নূরপুর",
        "level": "place",
        "place": "quarter",
        "status": "official",
        "confidence": "high",
        "source_url": "https://www.openstreetmap.org/node/9382109172",
        "source_license": "ODbL (OpenStreetMap contributors)",
        "retrieved_at": "2026-08-23T10:14:09Z"
      }
    },
    {
      "type": "Feature",
      "geometry": {
        "type": "Point",
        "coordinates": [
          90.45788,
          23.69188
        ]
      },
      "properties": {
        "id": "osm-node-9383507264",
        "name": "Merajnagar",
        "name_bn": "মেরাজনগর",
        "level": "place",
        "place": "suburb",
        "status": "official",
        "confidence": "high",
        "source_url": "https://www.openstreetmap.org/node/9383507264",
        "source_license": "ODbL (OpenStreetMap contributors)",
        "retrieved_at": "2026-08-23T10:14:09Z"
      }
    },
    {
      "type": "Feature",
      "geometry": {
        "type": "Point",
        "coordinates": [
          90.44645,
          23.70585
        ]
      },
      "properties": {
        "id": "osm-node-9383680784",
        "name": "Chhantek",
        "name_bn": "ছনটেক",
        "level": "place",
        "place": "quarter",
        "status": "official",
        "confidence": "high",
        "source_url": "https://www.openstreetmap.org/node/9383680784",
        "source_license": "ODbL (OpenStreetMap contributors)",
        "retrieved_at": "2026-08-23T10:14:09Z"
      }
    },
    {
      "type": "Feature",
      "geometry": {
        "type": "Point",
        "coordinates": [
          90.4497,
          23.70641
        ]
      },
      "properties": {
        "id": "osm-node-9383680785",
        "name": "Sheikhdi",
        "name_bn": "শেখদি",
        "level": "place",
        "place": "suburb",
        "status": "official",
        "confidence": "high",
        "source_url": "https://www.openstreetmap.org/node/9383680785",
        "source_license": "ODbL (OpenStreetMap contributors)",
        "retrieved_at": "2026-08-23T10:14:09Z"
      }
    },
    {
      "type": "Feature",
      "geometry": {
        "type": "Point",
        "coordinates": [
          90.44896,
          23.68518
        ]
      },
      "properties": {
        "id": "osm-node-9383689420",
        "name": "Kadamtali",
        "name_bn": "কদমতলী",
        "level": "place",
        "place": "suburb",
        "status": "official",
        "confidence": "high",
        "source_url": "https://www.openstreetmap.org/node/9383689420",
        "source_license": "ODbL (OpenStreetMap contributors)",
        "retrieved_at": "2026-08-23T10:14:09Z"
      }
    },
    {
      "type": "Feature",
      "geometry": {
        "type": "Point",
        "coordinates": [
          90.45594,
          23.68626
        ]
      },
      "properties": {
        "id": "osm-node-9383707159",
        "name": "Mohammadbag",
        "name_bn": "মোহাম্মদবাগ",
        "level": "place",
        "place": "quarter",
        "status": "official",
        "confidence": "high",
        "source_url": "https://www.openstreetmap.org/node/9383707159",
        "source_license": "ODbL (OpenStreetMap contributors)",
        "retrieved_at": "2026-08-23T10:14:09Z"
      }
    },
    {
      "type": "Feature",
      "geometry": {
        "type": "Point",
        "coordinates": [
          90.46043,
          23.6867
        ]
      },
      "properties": {
        "id": "osm-node-9383707160",
        "name": "Munshibag",
        "name_bn": "মুন্সিবাগ",
        "level": "place",
        "place": "quarter",
        "status": "official",
        "confidence": "high",
        "source_url": "https://www.openstreetmap.org/node/9383707160",
        "source_license": "ODbL (OpenStreetMap contributors)",
        "retrieved_at": "2026-08-23T10:14:09Z"
      }
    },
    {
      "type": "Feature",
      "geometry": {
        "type": "Point",
        "coordinates": [
          90.33544,
          23.73505
        ]
      },
      "properties": {
        "id": "osm-node-9384000239",
        "name": "Ghatarchar",
        "name_bn": "ঘাটারচর",
        "level": "place",
        "place": "village",
        "status": "official",
        "confidence": "high",
        "source_url": "https://www.openstreetmap.org/node/9384000239",
        "source_license": "ODbL (OpenStreetMap contributors)",
        "retrieved_at": "2026-08-23T10:14:09Z"
      }
    },
    {
      "type": "Feature",
      "geometry": {
        "type": "Point",
        "coordinates": [
          90.42974,
          23.69576
        ]
      },
      "properties": {
        "id": "osm-node-9421970183",
        "name": "West Jurain",
        "name_bn": "পশ্চিম জুরাইন",
        "level": "place",
        "place": "quarter",
        "status": "official",
        "confidence": "high",
        "source_url": "https://www.openstreetmap.org/node/9421970183",
        "source_license": "ODbL (OpenStreetMap contributors)",
        "retrieved_at": "2026-08-23T10:14:09Z"
      }
    },
    {
      "type": "Feature",
      "geometry": {
        "type": "Point",
        "coordinates": [
          90.44871,
          23.70251
        ]
      },
      "properties": {
        "id": "osm-node-9421997131",
        "name": "Noyapara",
        "name_bn": "নয়াপাড়া",
        "level": "place",
        "place": "quarter",
        "status": "official",
        "confidence": "high",
        "source_url": "https://www.openstreetmap.org/node/9421997131",
        "source_license": "ODbL (OpenStreetMap contributors)",
        "retrieved_at": "2026-08-23T10:14:09Z"
      }
    },
    {
      "type": "Feature",
      "geometry": {
        "type": "Point",
        "coordinates": [
          90.45186,
          23.69996
        ]
      },
      "properties": {
        "id": "osm-node-9422011918",
        "name": "Polashpur",
        "name_bn": "পলাশপুর",
        "level": "place",
        "place": "quarter",
        "status": "official",
        "confidence": "high",
        "source_url": "https://www.openstreetmap.org/node/9422011918",
        "source_license": "ODbL (OpenStreetMap contributors)",
        "retrieved_at": "2026-08-23T10:14:09Z"
      }
    },
    {
      "type": "Feature",
      "geometry": {
        "type": "Point",
        "coordinates": [
          90.4786,
          23.67777
        ]
      },
      "properties": {
        "id": "osm-node-9422524327",
        "name": "Bhuigar",
        "name_bn": "ভুঁইগড়",
        "level": "place",
        "place": "suburb",
        "status": "official",
        "confidence": "high",
        "source_url": "https://www.openstreetmap.org/node/9422524327",
        "source_license": "ODbL (OpenStreetMap contributors)",
        "retrieved_at": "2026-08-23T10:14:09Z"
      }
    },
    {
      "type": "Feature",
      "geometry": {
        "type": "Point",
        "coordinates": [
          90.4506,
          23.71065
        ]
      },
      "properties": {
        "id": "osm-node-9422544252",
        "name": "Kazirgaon",
        "name_bn": "কাজীরগাঁও",
        "level": "place",
        "place": "quarter",
        "status": "official",
        "confidence": "high",
        "source_url": "https://www.openstreetmap.org/node/9422544252",
        "source_license": "ODbL (OpenStreetMap contributors)",
        "retrieved_at": "2026-08-23T10:14:09Z"
      }
    },
    {
      "type": "Feature",
      "geometry": {
        "type": "Point",
        "coordinates": [
          90.46994,
          23.72122
        ]
      },
      "properties": {
        "id": "osm-node-9422576199",
        "name": "Dharmikpara",
        "name_bn": "ধার্মিকপাড়া",
        "level": "place",
        "place": "quarter",
        "status": "official",
        "confidence": "high",
        "source_url": "https://www.openstreetmap.org/node/9422576199",
        "source_license": "ODbL (OpenStreetMap contributors)",
        "retrieved_at": "2026-08-23T10:14:09Z"
      }
    },
    {
      "type": "Feature",
      "geometry": {
        "type": "Point",
        "coordinates": [
          90.43983,
          23.70166
        ]
      },
      "properties": {
        "id": "osm-node-9422598044",
        "name": "Nurbag",
        "name_bn": "নুরবাগ",
        "level": "place",
        "place": "neighbourhood",
        "status": "official",
        "confidence": "high",
        "source_url": "https://www.openstreetmap.org/node/9422598044",
        "source_license": "ODbL (OpenStreetMap contributors)",
        "retrieved_at": "2026-08-23T10:14:09Z"
      }
    },
    {
      "type": "Feature",
      "geometry": {
        "type": "Point",
        "coordinates": [
          90.48089,
          23.70763
        ]
      },
      "properties": {
        "id": "osm-node-9422604603",
        "name": "Dogair",
        "name_bn": "ডগাইর",
        "level": "place",
        "place": "suburb",
        "status": "official",
        "confidence": "high",
        "source_url": "https://www.openstreetmap.org/node/9422604603",
        "source_license": "ODbL (OpenStreetMap contributors)",
        "retrieved_at": "2026-08-23T10:14:09Z"
      }
    },
    {
      "type": "Feature",
      "geometry": {
        "type": "Point",
        "coordinates": [
          90.43975,
          23.70331
        ]
      },
      "properties": {
        "id": "osm-node-9422604628",
        "name": "Kabirajbag",
        "name_bn": "কবিরাজবাগ",
        "level": "place",
        "place": "quarter",
        "status": "official",
        "confidence": "high",
        "source_url": "https://www.openstreetmap.org/node/9422604628",
        "source_license": "ODbL (OpenStreetMap contributors)",
        "retrieved_at": "2026-08-23T10:14:09Z"
      }
    },
    {
      "type": "Feature",
      "geometry": {
        "type": "Point",
        "coordinates": [
          90.44166,
          23.70029
        ]
      },
      "properties": {
        "id": "osm-node-9422639654",
        "name": "Sorai",
        "name_bn": "সরাই",
        "level": "place",
        "place": "quarter",
        "status": "official",
        "confidence": "high",
        "source_url": "https://www.openstreetmap.org/node/9422639654",
        "source_license": "ODbL (OpenStreetMap contributors)",
        "retrieved_at": "2026-08-23T10:14:09Z"
      }
    },
    {
      "type": "Feature",
      "geometry": {
        "type": "Point",
        "coordinates": [
          90.41555,
          23.79218
        ]
      },
      "properties": {
        "id": "osm-node-9439896189",
        "name": "Gulshan",
        "name_bn": "গুলশান",
        "level": "place",
        "place": "suburb",
        "status": "official",
        "confidence": "high",
        "source_url": "https://www.openstreetmap.org/node/9439896189",
        "source_license": "ODbL (OpenStreetMap contributors)",
        "retrieved_at": "2026-08-23T10:14:09Z"
      }
    },
    {
      "type": "Feature",
      "geometry": {
        "type": "Point",
        "coordinates": [
          90.41573,
          23.75786
        ]
      },
      "properties": {
        "id": "osm-node-9442242797",
        "name": "Pashchim Hajipara",
        "name_bn": "পশ্চিম হাজিপাড়া",
        "level": "place",
        "place": "neighbourhood",
        "status": "official",
        "confidence": "high",
        "source_url": "https://www.openstreetmap.org/node/9442242797",
        "source_license": "ODbL (OpenStreetMap contributors)",
        "retrieved_at": "2026-08-23T10:14:09Z"
      }
    },
    {
      "type": "Feature",
      "geometry": {
        "type": "Point",
        "coordinates": [
          90.42025,
          23.75812
        ]
      },
      "properties": {
        "id": "osm-node-9442281457",
        "name": "East Hajipara",
        "name_bn": "পূর্ব হাজিপাড়া",
        "level": "place",
        "place": "neighbourhood",
        "status": "official",
        "confidence": "high",
        "source_url": "https://www.openstreetmap.org/node/9442281457",
        "source_license": "ODbL (OpenStreetMap contributors)",
        "retrieved_at": "2026-08-23T10:14:09Z"
      }
    },
    {
      "type": "Feature",
      "geometry": {
        "type": "Point",
        "coordinates": [
          90.43543,
          23.69093
        ]
      },
      "properties": {
        "id": "osm-node-9442285744",
        "name": "New Jurain",
        "name_bn": "নতুন জুরাইন",
        "level": "place",
        "place": "quarter",
        "status": "official",
        "confidence": "high",
        "source_url": "https://www.openstreetmap.org/node/9442285744",
        "source_license": "ODbL (OpenStreetMap contributors)",
        "retrieved_at": "2026-08-23T10:14:09Z"
      }
    },
    {
      "type": "Feature",
      "geometry": {
        "type": "Point",
        "coordinates": [
          90.41806,
          23.7667
        ]
      },
      "properties": {
        "id": "osm-node-9469428944",
        "name": "Ulon",
        "name_bn": "উলন",
        "level": "place",
        "place": "quarter",
        "status": "official",
        "confidence": "high",
        "source_url": "https://www.openstreetmap.org/node/9469428944",
        "source_license": "ODbL (OpenStreetMap contributors)",
        "retrieved_at": "2026-08-23T10:14:09Z"
      }
    },
    {
      "type": "Feature",
      "geometry": {
        "type": "Point",
        "coordinates": [
          90.5243,
          23.72748
        ]
      },
      "properties": {
        "id": "osm-node-9510031638",
        "name": "Mugrakul",
        "name_bn": "মুগরাকুল",
        "level": "place",
        "place": "suburb",
        "status": "official",
        "confidence": "high",
        "source_url": "https://www.openstreetmap.org/node/9510031638",
        "source_license": "ODbL (OpenStreetMap contributors)",
        "retrieved_at": "2026-08-23T10:14:09Z"
      }
    },
    {
      "type": "Feature",
      "geometry": {
        "type": "Point",
        "coordinates": [
          90.38351,
          23.83671
        ]
      },
      "properties": {
        "id": "osm-node-9577459819",
        "name": "Baigertek",
        "name_bn": "বাইগারটেক",
        "level": "place",
        "place": "quarter",
        "status": "official",
        "confidence": "high",
        "source_url": "https://www.openstreetmap.org/node/9577459819",
        "source_license": "ODbL (OpenStreetMap contributors)",
        "retrieved_at": "2026-08-23T10:14:09Z"
      }
    },
    {
      "type": "Feature",
      "geometry": {
        "type": "Point",
        "coordinates": [
          90.34078,
          23.75718
        ]
      },
      "properties": {
        "id": "osm-node-9582859133",
        "name": "Chandrima Model Town",
        "name_bn": "চন্দ্রিমা মডেল টাউন",
        "level": "place",
        "place": "quarter",
        "status": "official",
        "confidence": "high",
        "source_url": "https://www.openstreetmap.org/node/9582859133",
        "source_license": "ODbL (OpenStreetMap contributors)",
        "retrieved_at": "2026-08-23T10:14:09Z"
      }
    },
    {
      "type": "Feature",
      "geometry": {
        "type": "Point",
        "coordinates": [
          90.37134,
          23.71749
        ]
      },
      "properties": {
        "id": "osm-node-9587184396",
        "name": "Jannatbag",
        "name_bn": "জান্নাতবাগ",
        "level": "place",
        "place": "quarter",
        "status": "official",
        "confidence": "high",
        "source_url": "https://www.openstreetmap.org/node/9587184396",
        "source_license": "ODbL (OpenStreetMap contributors)",
        "retrieved_at": "2026-08-23T10:14:09Z"
      }
    },
    {
      "type": "Feature",
      "geometry": {
        "type": "Point",
        "coordinates": [
          90.37122,
          23.71815
        ]
      },
      "properties": {
        "id": "osm-node-9587198342",
        "name": "Nilkomol Residential Area",
        "name_bn": "নীলকমল আবাসিক এলাকা",
        "level": "place",
        "place": "neighbourhood",
        "status": "official",
        "confidence": "high",
        "source_url": "https://www.openstreetmap.org/node/9587198342",
        "source_license": "ODbL (OpenStreetMap contributors)",
        "retrieved_at": "2026-08-23T10:14:09Z"
      }
    },
    {
      "type": "Feature",
      "geometry": {
        "type": "Point",
        "coordinates": [
          90.37292,
          23.71865
        ]
      },
      "properties": {
        "id": "osm-node-9587212532",
        "name": "Khalifa Ghat",
        "name_bn": "খলিফা ঘাট",
        "level": "place",
        "place": "quarter",
        "status": "official",
        "confidence": "high",
        "source_url": "https://www.openstreetmap.org/node/9587212532",
        "source_license": "ODbL (OpenStreetMap contributors)",
        "retrieved_at": "2026-08-23T10:14:09Z"
      }
    },
    {
      "type": "Feature",
      "geometry": {
        "type": "Point",
        "coordinates": [
          90.35097,
          23.75774
        ]
      },
      "properties": {
        "id": "osm-node-9591512989",
        "name": "Sat Masjid Housing",
        "name_bn": "সাত মসজিদ হাউজিং",
        "level": "place",
        "place": "quarter",
        "status": "official",
        "confidence": "high",
        "source_url": "https://www.openstreetmap.org/node/9591512989",
        "source_license": "ODbL (OpenStreetMap contributors)",
        "retrieved_at": "2026-08-23T10:14:09Z"
      }
    },
    {
      "type": "Feature",
      "geometry": {
        "type": "Point",
        "coordinates": [
          90.33889,
          23.7526
        ]
      },
      "properties": {
        "id": "osm-node-9591514898",
        "name": "Bosila Garden City",
        "name_bn": "বসিলা গার্ডেন সিটি",
        "level": "place",
        "place": "quarter",
        "status": "official",
        "confidence": "high",
        "source_url": "https://www.openstreetmap.org/node/9591514898",
        "source_license": "ODbL (OpenStreetMap contributors)",
        "retrieved_at": "2026-08-23T10:14:09Z"
      }
    },
    {
      "type": "Feature",
      "geometry": {
        "type": "Point",
        "coordinates": [
          90.35156,
          23.7639
        ]
      },
      "properties": {
        "id": "osm-node-9594344609",
        "name": "Naboday Housing",
        "name_bn": "নবোদয় হাউজিং",
        "level": "place",
        "place": "quarter",
        "status": "official",
        "confidence": "high",
        "source_url": "https://www.openstreetmap.org/node/9594344609",
        "source_license": "ODbL (OpenStreetMap contributors)",
        "retrieved_at": "2026-08-23T10:14:09Z"
      }
    },
    {
      "type": "Feature",
      "geometry": {
        "type": "Point",
        "coordinates": [
          90.35572,
          23.76317
        ]
      },
      "properties": {
        "id": "osm-node-9597015219",
        "name": "Mohammadia Housing Society",
        "name_bn": "মোহাম্মদিয়া হাউজিং সোসাইটি",
        "level": "place",
        "place": "quarter",
        "status": "official",
        "confidence": "high",
        "source_url": "https://www.openstreetmap.org/node/9597015219",
        "source_license": "ODbL (OpenStreetMap contributors)",
        "retrieved_at": "2026-08-23T10:14:09Z"
      }
    },
    {
      "type": "Feature",
      "geometry": {
        "type": "Point",
        "coordinates": [
          90.35778,
          23.7647
        ]
      },
      "properties": {
        "id": "osm-node-9597015220",
        "name": "Japan Garden City",
        "name_bn": "জাপান গার্ডেন সিটি",
        "level": "place",
        "place": "neighbourhood",
        "status": "official",
        "confidence": "high",
        "source_url": "https://www.openstreetmap.org/node/9597015220",
        "source_license": "ODbL (OpenStreetMap contributors)",
        "retrieved_at": "2026-08-23T10:14:09Z"
      }
    },
    {
      "type": "Feature",
      "geometry": {
        "type": "Point",
        "coordinates": [
          90.35876,
          23.85409
        ]
      },
      "properties": {
        "id": "osm-node-9622950372",
        "name": "Sector 18",
        "name_bn": "সেক্টর ১৮",
        "level": "place",
        "place": "quarter",
        "status": "official",
        "confidence": "high",
        "source_url": "https://www.openstreetmap.org/node/9622950372",
        "source_license": "ODbL (OpenStreetMap contributors)",
        "retrieved_at": "2026-08-23T10:14:09Z"
      }
    },
    {
      "type": "Feature",
      "geometry": {
        "type": "Point",
        "coordinates": [
          90.35978,
          23.7536
        ]
      },
      "properties": {
        "id": "osm-node-9676683355",
        "name": "Kaderabad Housing",
        "name_bn": "কাদেরাবাদ হাউজিং",
        "level": "place",
        "place": "quarter",
        "status": "official",
        "confidence": "high",
        "source_url": "https://www.openstreetmap.org/node/9676683355",
        "source_license": "ODbL (OpenStreetMap contributors)",
        "retrieved_at": "2026-08-23T10:14:09Z"
      }
    },
    {
      "type": "Feature",
      "geometry": {
        "type": "Point",
        "coordinates": [
          90.38252,
          23.98904
        ]
      },
      "properties": {
        "id": "osm-node-9684373258",
        "name": "Chandona",
        "name_bn": "চান্দনা",
        "level": "place",
        "place": "suburb",
        "status": "official",
        "confidence": "high",
        "source_url": "https://www.openstreetmap.org/node/9684373258",
        "source_license": "ODbL (OpenStreetMap contributors)",
        "retrieved_at": "2026-08-23T10:14:09Z"
      }
    },
    {
      "type": "Feature",
      "geometry": {
        "type": "Point",
        "coordinates": [
          90.37126,
          23.70907
        ]
      },
      "properties": {
        "id": "osm-node-9722050258",
        "name": "Madrasapara",
        "name_bn": "মাদ্রাসাপাড়া",
        "level": "place",
        "place": "quarter",
        "status": "official",
        "confidence": "high",
        "source_url": "https://www.openstreetmap.org/node/9722050258",
        "source_license": "ODbL (OpenStreetMap contributors)",
        "retrieved_at": "2026-08-23T10:14:09Z"
      }
    },
    {
      "type": "Feature",
      "geometry": {
        "type": "Point",
        "coordinates": [
          90.4719,
          23.83133
        ]
      },
      "properties": {
        "id": "osm-node-9722223856",
        "name": "Dumni",
        "name_bn": "ডুমনী",
        "level": "place",
        "place": "suburb",
        "status": "official",
        "confidence": "high",
        "source_url": "https://www.openstreetmap.org/node/9722223856",
        "source_license": "ODbL (OpenStreetMap contributors)",
        "retrieved_at": "2026-08-23T10:14:09Z"
      }
    },
    {
      "type": "Feature",
      "geometry": {
        "type": "Point",
        "coordinates": [
          90.28085,
          23.79778
        ]
      },
      "properties": {
        "id": "osm-node-9759804506",
        "name": "Alam Nagar",
        "name_bn": "আলম নগর",
        "level": "place",
        "place": "quarter",
        "status": "official",
        "confidence": "high",
        "source_url": "https://www.openstreetmap.org/node/9759804506",
        "source_license": "ODbL (OpenStreetMap contributors)",
        "retrieved_at": "2026-08-23T10:14:09Z"
      }
    },
    {
      "type": "Feature",
      "geometry": {
        "type": "Point",
        "coordinates": [
          90.29047,
          23.79596
        ]
      },
      "properties": {
        "id": "osm-node-9832278513",
        "name": "Boliarpur",
        "name_bn": "বলিয়ারপুর",
        "level": "place",
        "place": "village",
        "status": "official",
        "confidence": "high",
        "source_url": "https://www.openstreetmap.org/node/9832278513",
        "source_license": "ODbL (OpenStreetMap contributors)",
        "retrieved_at": "2026-08-23T10:14:09Z"
      }
    },
    {
      "type": "Feature",
      "geometry": {
        "type": "Point",
        "coordinates": [
          90.41058,
          23.73495
        ]
      },
      "properties": {
        "id": "osm-node-9907368470",
        "name": "Bijoynagar",
        "name_bn": "বিজয়নগর",
        "level": "place",
        "place": "quarter",
        "status": "official",
        "confidence": "high",
        "source_url": "https://www.openstreetmap.org/node/9907368470",
        "source_license": "ODbL (OpenStreetMap contributors)",
        "retrieved_at": "2026-08-23T10:14:09Z"
      }
    },
    {
      "type": "Feature",
      "geometry": {
        "type": "Point",
        "coordinates": [
          90.3315,
          23.77767
        ]
      },
      "properties": {
        "id": "osm-node-9958549795",
        "name": "Rupali Shaikat",
        "name_bn": "রূপালি সৈকত",
        "level": "place",
        "place": "quarter",
        "status": "official",
        "confidence": "high",
        "source_url": "https://www.openstreetmap.org/node/9958549795",
        "source_license": "ODbL (OpenStreetMap contributors)",
        "retrieved_at": "2026-08-23T10:14:09Z"
      }
    },
    {
      "type": "Feature",
      "geometry": {
        "type": "Point",
        "coordinates": [
          90.43479,
          23.73049
        ]
      },
      "properties": {
        "id": "osm-node-10079803798",
        "name": "Madinabag",
        "name_bn": "মদীনাবাগ",
        "level": "place",
        "place": "quarter",
        "status": "official",
        "confidence": "high",
        "source_url": "https://www.openstreetmap.org/node/10079803798",
        "source_license": "ODbL (OpenStreetMap contributors)",
        "retrieved_at": "2026-08-23T10:14:09Z"
      }
    },
    {
      "type": "Feature",
      "geometry": {
        "type": "Point",
        "coordinates": [
          90.4301,
          23.73488
        ]
      },
      "properties": {
        "id": "osm-node-10081723147",
        "name": "Mayakanon",
        "name_bn": "মায়াকানন",
        "level": "place",
        "place": "neighbourhood",
        "status": "official",
        "confidence": "high",
        "source_url": "https://www.openstreetmap.org/node/10081723147",
        "source_license": "ODbL (OpenStreetMap contributors)",
        "retrieved_at": "2026-08-23T10:14:09Z"
      }
    },
    {
      "type": "Feature",
      "geometry": {
        "type": "Point",
        "coordinates": [
          90.42907,
          23.73322
        ]
      },
      "properties": {
        "id": "osm-node-10081723148",
        "name": "Sabujkanon",
        "name_bn": "সবুজকানন",
        "level": "place",
        "place": "neighbourhood",
        "status": "official",
        "confidence": "high",
        "source_url": "https://www.openstreetmap.org/node/10081723148",
        "source_license": "ODbL (OpenStreetMap contributors)",
        "retrieved_at": "2026-08-23T10:14:09Z"
      }
    },
    {
      "type": "Feature",
      "geometry": {
        "type": "Point",
        "coordinates": [
          90.4058,
          23.76488
        ]
      },
      "properties": {
        "id": "osm-node-10105868844",
        "name": "Tejgaon Industrial Area",
        "name_bn": "তেজগাঁও শিল্প এলাকা",
        "level": "place",
        "place": "suburb",
        "status": "official",
        "confidence": "high",
        "source_url": "https://www.openstreetmap.org/node/10105868844",
        "source_license": "ODbL (OpenStreetMap contributors)",
        "retrieved_at": "2026-08-23T10:14:09Z"
      }
    },
    {
      "type": "Feature",
      "geometry": {
        "type": "Point",
        "coordinates": [
          90.51237,
          23.69659
        ]
      },
      "properties": {
        "id": "osm-node-10307736542",
        "name": "Bhumi polly Abason",
        "name_bn": "ভূমি পল্লী আবাসন",
        "level": "place",
        "place": "neighbourhood",
        "status": "official",
        "confidence": "high",
        "source_url": "https://www.openstreetmap.org/node/10307736542",
        "source_license": "ODbL (OpenStreetMap contributors)",
        "retrieved_at": "2026-08-23T10:14:09Z"
      }
    },
    {
      "type": "Feature",
      "geometry": {
        "type": "Point",
        "coordinates": [
          90.40811,
          23.76282
        ]
      },
      "properties": {
        "id": "osm-node-10316956589",
        "name": "Kunipara",
        "name_bn": "কুনীপাড়া",
        "level": "place",
        "place": "quarter",
        "status": "official",
        "confidence": "high",
        "source_url": "https://www.openstreetmap.org/node/10316956589",
        "source_license": "ODbL (OpenStreetMap contributors)",
        "retrieved_at": "2026-08-23T10:14:09Z"
      }
    },
    {
      "type": "Feature",
      "geometry": {
        "type": "Point",
        "coordinates": [
          90.40504,
          23.76045
        ]
      },
      "properties": {
        "id": "osm-node-10316962342",
        "name": "Begunbari",
        "name_bn": "বেগুনবাড়ী",
        "level": "place",
        "place": "quarter",
        "status": "official",
        "confidence": "high",
        "source_url": "https://www.openstreetmap.org/node/10316962342",
        "source_license": "ODbL (OpenStreetMap contributors)",
        "retrieved_at": "2026-08-23T10:14:09Z"
      }
    },
    {
      "type": "Feature",
      "geometry": {
        "type": "Point",
        "coordinates": [
          90.42935,
          23.8721
        ]
      },
      "properties": {
        "id": "osm-node-10972370912",
        "name": "Madarbari",
        "name_bn": "মাদারবাড়ী",
        "level": "place",
        "place": "quarter",
        "status": "official",
        "confidence": "high",
        "source_url": "https://www.openstreetmap.org/node/10972370912",
        "source_license": "ODbL (OpenStreetMap contributors)",
        "retrieved_at": "2026-08-23T10:14:09Z"
      }
    },
    {
      "type": "Feature",
      "geometry": {
        "type": "Point",
        "coordinates": [
          90.4102,
          23.7562
        ]
      },
      "properties": {
        "id": "osm-node-11049031592",
        "name": "Noyatola",
        "name_bn": "নয়াটোলা",
        "level": "place",
        "place": "suburb",
        "status": "official",
        "confidence": "high",
        "source_url": "https://www.openstreetmap.org/node/11049031592",
        "source_license": "ODbL (OpenStreetMap contributors)",
        "retrieved_at": "2026-08-23T10:14:09Z"
      }
    },
    {
      "type": "Feature",
      "geometry": {
        "type": "Point",
        "coordinates": [
          90.39611,
          23.77661
        ]
      },
      "properties": {
        "id": "osm-node-11050256162",
        "name": "Arjotpara",
        "name_bn": "আরজতপাড়া",
        "level": "place",
        "place": "quarter",
        "status": "official",
        "confidence": "high",
        "source_url": "https://www.openstreetmap.org/node/11050256162",
        "source_license": "ODbL (OpenStreetMap contributors)",
        "retrieved_at": "2026-08-23T10:14:09Z"
      }
    },
    {
      "type": "Feature",
      "geometry": {
        "type": "Point",
        "coordinates": [
          90.40624,
          23.75167
        ]
      },
      "properties": {
        "id": "osm-node-11050264539",
        "name": "Peyarabag",
        "name_bn": "পেয়ারাবাগ",
        "level": "place",
        "place": "neighbourhood",
        "status": "official",
        "confidence": "high",
        "source_url": "https://www.openstreetmap.org/node/11050264539",
        "source_license": "ODbL (OpenStreetMap contributors)",
        "retrieved_at": "2026-08-23T10:14:09Z"
      }
    },
    {
      "type": "Feature",
      "geometry": {
        "type": "Point",
        "coordinates": [
          90.42432,
          23.78644
        ]
      },
      "properties": {
        "id": "osm-node-11050265853",
        "name": "Gupipara",
        "name_bn": "গুপিপাড়া",
        "level": "place",
        "place": "neighbourhood",
        "status": "official",
        "confidence": "high",
        "source_url": "https://www.openstreetmap.org/node/11050265853",
        "source_license": "ODbL (OpenStreetMap contributors)",
        "retrieved_at": "2026-08-23T10:14:09Z"
      }
    },
    {
      "type": "Feature",
      "geometry": {
        "type": "Point",
        "coordinates": [
          90.43748,
          23.80749
        ]
      },
      "properties": {
        "id": "osm-node-11050271795",
        "name": "Nasirertek",
        "name_bn": "নাসিরেরটেক",
        "level": "place",
        "place": "quarter",
        "status": "official",
        "confidence": "high",
        "source_url": "https://www.openstreetmap.org/node/11050271795",
        "source_license": "ODbL (OpenStreetMap contributors)",
        "retrieved_at": "2026-08-23T10:14:09Z"
      }
    },
    {
      "type": "Feature",
      "geometry": {
        "type": "Point",
        "coordinates": [
          90.42831,
          23.81109
        ]
      },
      "properties": {
        "id": "osm-node-11052926788",
        "name": "Block A",
        "name_bn": "ব্লক এ",
        "level": "place",
        "place": "quarter",
        "status": "official",
        "confidence": "high",
        "source_url": "https://www.openstreetmap.org/node/11052926788",
        "source_license": "ODbL (OpenStreetMap contributors)",
        "retrieved_at": "2026-08-23T10:14:09Z"
      }
    },
    {
      "type": "Feature",
      "geometry": {
        "type": "Point",
        "coordinates": [
          90.42816,
          23.8144
        ]
      },
      "properties": {
        "id": "osm-node-11052926789",
        "name": "Block B",
        "name_bn": "ব্লক বি",
        "level": "place",
        "place": "quarter",
        "status": "official",
        "confidence": "high",
        "source_url": "https://www.openstreetmap.org/node/11052926789",
        "source_license": "ODbL (OpenStreetMap contributors)",
        "retrieved_at": "2026-08-23T10:14:09Z"
      }
    },
    {
      "type": "Feature",
      "geometry": {
        "type": "Point",
        "coordinates": [
          90.42778,
          23.81839
        ]
      },
      "properties": {
        "id": "osm-node-11052926790",
        "name": "Block C",
        "name_bn": "ব্লক সি",
        "level": "place",
        "place": "quarter",
        "status": "official",
        "confidence": "high",
        "source_url": "https://www.openstreetmap.org/node/11052926790",
        "source_license": "ODbL (OpenStreetMap contributors)",
        "retrieved_at": "2026-08-23T10:14:09Z"
      }
    },
    {
      "type": "Feature",
      "geometry": {
        "type": "Point",
        "coordinates": [
          90.43358,
          23.82028
        ]
      },
      "properties": {
        "id": "osm-node-11052926791",
        "name": "Block F",
        "name_bn": "ব্লক এফ",
        "level": "place",
        "place": "quarter",
        "status": "official",
        "confidence": "high",
        "source_url": "https://www.openstreetmap.org/node/11052926791",
        "source_license": "ODbL (OpenStreetMap contributors)",
        "retrieved_at": "2026-08-23T10:14:09Z"
      }
    },
    {
      "type": "Feature",
      "geometry": {
        "type": "Point",
        "coordinates": [
          90.43326,
          23.81599
        ]
      },
      "properties": {
        "id": "osm-node-11052926792",
        "name": "Block D",
        "name_bn": "ব্লক ডি",
        "level": "place",
        "place": "quarter",
        "status": "official",
        "confidence": "high",
        "source_url": "https://www.openstreetmap.org/node/11052926792",
        "source_license": "ODbL (OpenStreetMap contributors)",
        "retrieved_at": "2026-08-23T10:14:09Z"
      }
    },
    {
      "type": "Feature",
      "geometry": {
        "type": "Point",
        "coordinates": [
          90.4327,
          23.81124
        ]
      },
      "properties": {
        "id": "osm-node-11052926793",
        "name": "Block E",
        "name_bn": "ব্লক ই",
        "level": "place",
        "place": "quarter",
        "status": "official",
        "confidence": "high",
        "source_url": "https://www.openstreetmap.org/node/11052926793",
        "source_license": "ODbL (OpenStreetMap contributors)",
        "retrieved_at": "2026-08-23T10:14:09Z"
      }
    },
    {
      "type": "Feature",
      "geometry": {
        "type": "Point",
        "coordinates": [
          90.43349,
          23.82445
        ]
      },
      "properties": {
        "id": "osm-node-11052926795",
        "name": "Block G",
        "name_bn": "ব্লক জি",
        "level": "place",
        "place": "quarter",
        "status": "official",
        "confidence": "high",
        "source_url": "https://www.openstreetmap.org/node/11052926795",
        "source_license": "ODbL (OpenStreetMap contributors)",
        "retrieved_at": "2026-08-23T10:14:09Z"
      }
    },
    {
      "type": "Feature",
      "geometry": {
        "type": "Point",
        "coordinates": [
          90.43955,
          23.82473
        ]
      },
      "properties": {
        "id": "osm-node-11052926796",
        "name": "Block H",
        "name_bn": "ব্লক এইচ",
        "level": "place",
        "place": "quarter",
        "status": "official",
        "confidence": "high",
        "source_url": "https://www.openstreetmap.org/node/11052926796",
        "source_license": "ODbL (OpenStreetMap contributors)",
        "retrieved_at": "2026-08-23T10:14:09Z"
      }
    },
    {
      "type": "Feature",
      "geometry": {
        "type": "Point",
        "coordinates": [
          90.44004,
          23.8174
        ]
      },
      "properties": {
        "id": "osm-node-11052926797",
        "name": "Block I",
        "name_bn": "ব্লক আই",
        "level": "place",
        "place": "quarter",
        "status": "official",
        "confidence": "high",
        "source_url": "https://www.openstreetmap.org/node/11052926797",
        "source_license": "ODbL (OpenStreetMap contributors)",
        "retrieved_at": "2026-08-23T10:14:09Z"
      }
    },
    {
      "type": "Feature",
      "geometry": {
        "type": "Point",
        "coordinates": [
          90.44609,
          23.82308
        ]
      },
      "properties": {
        "id": "osm-node-11052955049",
        "name": "Block K",
        "name_bn": "ব্লক কে",
        "level": "place",
        "place": "quarter",
        "status": "official",
        "confidence": "high",
        "source_url": "https://www.openstreetmap.org/node/11052955049",
        "source_license": "ODbL (OpenStreetMap contributors)",
        "retrieved_at": "2026-08-23T10:14:09Z"
      }
    },
    {
      "type": "Feature",
      "geometry": {
        "type": "Point",
        "coordinates": [
          90.44257,
          23.82278
        ]
      },
      "properties": {
        "id": "osm-node-11054174462",
        "name": "Block J",
        "name_bn": "ব্লক জে",
        "level": "place",
        "place": "quarter",
        "status": "official",
        "confidence": "high",
        "source_url": "https://www.openstreetmap.org/node/11054174462",
        "source_license": "ODbL (OpenStreetMap contributors)",
        "retrieved_at": "2026-08-23T10:14:09Z"
      }
    },
    {
      "type": "Feature",
      "geometry": {
        "type": "Point",
        "coordinates": [
          90.47276,
          23.81563
        ]
      },
      "properties": {
        "id": "osm-node-11054174469",
        "name": "Block P",
        "name_bn": "ব্লক পি",
        "level": "place",
        "place": "quarter",
        "status": "official",
        "confidence": "high",
        "source_url": "https://www.openstreetmap.org/node/11054174469",
        "source_license": "ODbL (OpenStreetMap contributors)",
        "retrieved_at": "2026-08-23T10:14:09Z"
      }
    },
    {
      "type": "Feature",
      "geometry": {
        "type": "Point",
        "coordinates": [
          90.46241,
          23.82247
        ]
      },
      "properties": {
        "id": "osm-node-11054176952",
        "name": "Block N",
        "name_bn": "ব্লক এন",
        "level": "place",
        "place": "quarter",
        "status": "official",
        "confidence": "high",
        "source_url": "https://www.openstreetmap.org/node/11054176952",
        "source_license": "ODbL (OpenStreetMap contributors)",
        "retrieved_at": "2026-08-23T10:14:09Z"
      }
    },
    {
      "type": "Feature",
      "geometry": {
        "type": "Point",
        "coordinates": [
          90.4556,
          23.82192
        ]
      },
      "properties": {
        "id": "osm-node-11054176953",
        "name": "Block M",
        "name_bn": "ব্লক এম",
        "level": "place",
        "place": "quarter",
        "status": "official",
        "confidence": "high",
        "source_url": "https://www.openstreetmap.org/node/11054176953",
        "source_license": "ODbL (OpenStreetMap contributors)",
        "retrieved_at": "2026-08-23T10:14:09Z"
      }
    },
    {
      "type": "Feature",
      "geometry": {
        "type": "Point",
        "coordinates": [
          90.45063,
          23.82156
        ]
      },
      "properties": {
        "id": "osm-node-11054176954",
        "name": "Block L",
        "name_bn": "ব্লক এল",
        "level": "place",
        "place": "quarter",
        "status": "official",
        "confidence": "high",
        "source_url": "https://www.openstreetmap.org/node/11054176954",
        "source_license": "ODbL (OpenStreetMap contributors)",
        "retrieved_at": "2026-08-23T10:14:09Z"
      }
    },
    {
      "type": "Feature",
      "geometry": {
        "type": "Point",
        "coordinates": [
          90.448,
          23.72756
        ]
      },
      "properties": {
        "id": "osm-node-11054840012",
        "name": "Block A",
        "name_bn": "ব্লক এ",
        "level": "place",
        "place": "quarter",
        "status": "official",
        "confidence": "high",
        "source_url": "https://www.openstreetmap.org/node/11054840012",
        "source_license": "ODbL (OpenStreetMap contributors)",
        "retrieved_at": "2026-08-23T10:14:09Z"
      }
    },
    {
      "type": "Feature",
      "geometry": {
        "type": "Point",
        "coordinates": [
          90.4506,
          23.72952
        ]
      },
      "properties": {
        "id": "osm-node-11054840013",
        "name": "Block B",
        "name_bn": "ব্লক বি",
        "level": "place",
        "place": "quarter",
        "status": "official",
        "confidence": "high",
        "source_url": "https://www.openstreetmap.org/node/11054840013",
        "source_license": "ODbL (OpenStreetMap contributors)",
        "retrieved_at": "2026-08-23T10:14:09Z"
      }
    },
    {
      "type": "Feature",
      "geometry": {
        "type": "Point",
        "coordinates": [
          90.45066,
          23.72611
        ]
      },
      "properties": {
        "id": "osm-node-11054840014",
        "name": "Block C",
        "name_bn": "ব্লক সি",
        "level": "place",
        "place": "quarter",
        "status": "official",
        "confidence": "high",
        "source_url": "https://www.openstreetmap.org/node/11054840014",
        "source_license": "ODbL (OpenStreetMap contributors)",
        "retrieved_at": "2026-08-23T10:14:09Z"
      }
    },
    {
      "type": "Feature",
      "geometry": {
        "type": "Point",
        "coordinates": [
          90.45441,
          23.72707
        ]
      },
      "properties": {
        "id": "osm-node-11054840015",
        "name": "Block D",
        "name_bn": "ব্লক ডি",
        "level": "place",
        "place": "quarter",
        "status": "official",
        "confidence": "high",
        "source_url": "https://www.openstreetmap.org/node/11054840015",
        "source_license": "ODbL (OpenStreetMap contributors)",
        "retrieved_at": "2026-08-23T10:14:09Z"
      }
    },
    {
      "type": "Feature",
      "geometry": {
        "type": "Point",
        "coordinates": [
          90.45399,
          23.73101
        ]
      },
      "properties": {
        "id": "osm-node-11054840016",
        "name": "Block E",
        "name_bn": "ব্লক ই",
        "level": "place",
        "place": "quarter",
        "status": "official",
        "confidence": "high",
        "source_url": "https://www.openstreetmap.org/node/11054840016",
        "source_license": "ODbL (OpenStreetMap contributors)",
        "retrieved_at": "2026-08-23T10:14:09Z"
      }
    },
    {
      "type": "Feature",
      "geometry": {
        "type": "Point",
        "coordinates": [
          90.45829,
          23.73133
        ]
      },
      "properties": {
        "id": "osm-node-11054840017",
        "name": "Block H",
        "name_bn": "ব্লক এইচ",
        "level": "place",
        "place": "quarter",
        "status": "official",
        "confidence": "high",
        "source_url": "https://www.openstreetmap.org/node/11054840017",
        "source_license": "ODbL (OpenStreetMap contributors)",
        "retrieved_at": "2026-08-23T10:14:09Z"
      }
    },
    {
      "type": "Feature",
      "geometry": {
        "type": "Point",
        "coordinates": [
          90.45652,
          23.72973
        ]
      },
      "properties": {
        "id": "osm-node-11054840018",
        "name": "Block G",
        "name_bn": "ব্লক জি",
        "level": "place",
        "place": "quarter",
        "status": "official",
        "confidence": "high",
        "source_url": "https://www.openstreetmap.org/node/11054840018",
        "source_license": "ODbL (OpenStreetMap contributors)",
        "retrieved_at": "2026-08-23T10:14:09Z"
      }
    },
    {
      "type": "Feature",
      "geometry": {
        "type": "Point",
        "coordinates": [
          90.45694,
          23.73411
        ]
      },
      "properties": {
        "id": "osm-node-11054840019",
        "name": "Block N",
        "name_bn": "ব্লক এন",
        "level": "place",
        "place": "quarter",
        "status": "official",
        "confidence": "high",
        "source_url": "https://www.openstreetmap.org/node/11054840019",
        "source_license": "ODbL (OpenStreetMap contributors)",
        "retrieved_at": "2026-08-23T10:14:09Z"
      }
    },
    {
      "type": "Feature",
      "geometry": {
        "type": "Point",
        "coordinates": [
          90.45443,
          23.734
        ]
      },
      "properties": {
        "id": "osm-node-11054840020",
        "name": "Block M",
        "name_bn": "ব্লক এম",
        "level": "place",
        "place": "quarter",
        "status": "official",
        "confidence": "high",
        "source_url": "https://www.openstreetmap.org/node/11054840020",
        "source_license": "ODbL (OpenStreetMap contributors)",
        "retrieved_at": "2026-08-23T10:14:09Z"
      }
    },
    {
      "type": "Feature",
      "geometry": {
        "type": "Point",
        "coordinates": [
          90.45397,
          23.729
        ]
      },
      "properties": {
        "id": "osm-node-11056029505",
        "name": "Block F",
        "name_bn": "ব্লক এফ",
        "level": "place",
        "place": "quarter",
        "status": "official",
        "confidence": "high",
        "source_url": "https://www.openstreetmap.org/node/11056029505",
        "source_license": "ODbL (OpenStreetMap contributors)",
        "retrieved_at": "2026-08-23T10:14:09Z"
      }
    },
    {
      "type": "Feature",
      "geometry": {
        "type": "Point",
        "coordinates": [
          90.41516,
          23.7486
        ]
      },
      "properties": {
        "id": "osm-node-11058042557",
        "name": "Bakshibag",
        "name_bn": "বকশীবাগ",
        "level": "place",
        "place": "neighbourhood",
        "status": "official",
        "confidence": "high",
        "source_url": "https://www.openstreetmap.org/node/11058042557",
        "source_license": "ODbL (OpenStreetMap contributors)",
        "retrieved_at": "2026-08-23T10:14:09Z"
      }
    },
    {
      "type": "Feature",
      "geometry": {
        "type": "Point",
        "coordinates": [
          90.4039,
          23.72389
        ]
      },
      "properties": {
        "id": "osm-node-11109360712",
        "name": "Anandabazar",
        "name_bn": "আনন্দবাজার",
        "level": "place",
        "place": "neighbourhood",
        "status": "official",
        "confidence": "high",
        "source_url": "https://www.openstreetmap.org/node/11109360712",
        "source_license": "ODbL (OpenStreetMap contributors)",
        "retrieved_at": "2026-08-23T10:14:09Z"
      }
    },
    {
      "type": "Feature",
      "geometry": {
        "type": "Point",
        "coordinates": [
          90.43349,
          23.68703
        ]
      },
      "properties": {
        "id": "osm-node-11111043625",
        "name": "Alibohar",
        "name_bn": "আলীবহর",
        "level": "place",
        "place": "quarter",
        "status": "official",
        "confidence": "high",
        "source_url": "https://www.openstreetmap.org/node/11111043625",
        "source_license": "ODbL (OpenStreetMap contributors)",
        "retrieved_at": "2026-08-23T10:14:09Z"
      }
    },
    {
      "type": "Feature",
      "geometry": {
        "type": "Point",
        "coordinates": [
          90.43479,
          23.74198
        ]
      },
      "properties": {
        "id": "osm-node-11166092115",
        "name": "Chhayabithi",
        "name_bn": "ছায়াবিথি",
        "level": "place",
        "place": "neighbourhood",
        "status": "official",
        "confidence": "high",
        "source_url": "https://www.openstreetmap.org/node/11166092115",
        "source_license": "ODbL (OpenStreetMap contributors)",
        "retrieved_at": "2026-08-23T10:14:09Z"
      }
    },
    {
      "type": "Feature",
      "geometry": {
        "type": "Point",
        "coordinates": [
          90.38321,
          23.80554
        ]
      },
      "properties": {
        "id": "osm-node-11167038804",
        "name": "Mirpur 15",
        "name_bn": "মিরপুর ১৫",
        "level": "place",
        "place": "quarter",
        "status": "official",
        "confidence": "high",
        "source_url": "https://www.openstreetmap.org/node/11167038804",
        "source_license": "ODbL (OpenStreetMap contributors)",
        "retrieved_at": "2026-08-23T10:14:09Z"
      }
    },
    {
      "type": "Feature",
      "geometry": {
        "type": "Point",
        "coordinates": [
          90.43019,
          23.72006
        ]
      },
      "properties": {
        "id": "osm-node-11195210730",
        "name": "Kazirbag",
        "name_bn": "কাজিরবাগ",
        "level": "place",
        "place": "neighbourhood",
        "status": "official",
        "confidence": "high",
        "source_url": "https://www.openstreetmap.org/node/11195210730",
        "source_license": "ODbL (OpenStreetMap contributors)",
        "retrieved_at": "2026-08-23T10:14:09Z"
      }
    },
    {
      "type": "Feature",
      "geometry": {
        "type": "Point",
        "coordinates": [
          90.43678,
          23.7237
        ]
      },
      "properties": {
        "id": "osm-node-11195296719",
        "name": "East Maniknagar",
        "name_bn": "পূর্ব মানিকনগর",
        "level": "place",
        "place": "quarter",
        "status": "official",
        "confidence": "high",
        "source_url": "https://www.openstreetmap.org/node/11195296719",
        "source_license": "ODbL (OpenStreetMap contributors)",
        "retrieved_at": "2026-08-23T10:14:09Z"
      }
    },
    {
      "type": "Feature",
      "geometry": {
        "type": "Point",
        "coordinates": [
          90.43332,
          23.72544
        ]
      },
      "properties": {
        "id": "osm-node-11195296720",
        "name": "North Maniknagar",
        "name_bn": "উত্তর মানিকনগর",
        "level": "place",
        "place": "quarter",
        "status": "official",
        "confidence": "high",
        "source_url": "https://www.openstreetmap.org/node/11195296720",
        "source_license": "ODbL (OpenStreetMap contributors)",
        "retrieved_at": "2026-08-23T10:14:09Z"
      }
    },
    {
      "type": "Feature",
      "geometry": {
        "type": "Point",
        "coordinates": [
          90.43187,
          23.72304
        ]
      },
      "properties": {
        "id": "osm-node-11195296721",
        "name": "Pukurpar",
        "name_bn": "পুকুরপাড়",
        "level": "place",
        "place": "neighbourhood",
        "status": "official",
        "confidence": "high",
        "source_url": "https://www.openstreetmap.org/node/11195296721",
        "source_license": "ODbL (OpenStreetMap contributors)",
        "retrieved_at": "2026-08-23T10:14:09Z"
      }
    },
    {
      "type": "Feature",
      "geometry": {
        "type": "Point",
        "coordinates": [
          90.44126,
          23.72843
        ]
      },
      "properties": {
        "id": "osm-node-11209916400",
        "name": "South Manda",
        "name_bn": "দক্ষিণ মান্ডা",
        "level": "place",
        "place": "quarter",
        "status": "official",
        "confidence": "high",
        "source_url": "https://www.openstreetmap.org/node/11209916400",
        "source_license": "ODbL (OpenStreetMap contributors)",
        "retrieved_at": "2026-08-23T10:14:09Z"
      }
    },
    {
      "type": "Feature",
      "geometry": {
        "type": "Point",
        "coordinates": [
          90.4389,
          23.72354
        ]
      },
      "properties": {
        "id": "osm-node-11215671125",
        "name": "Balur Math",
        "name_bn": "বালুর মাঠ",
        "level": "place",
        "place": "neighbourhood",
        "status": "official",
        "confidence": "high",
        "source_url": "https://www.openstreetmap.org/node/11215671125",
        "source_license": "ODbL (OpenStreetMap contributors)",
        "retrieved_at": "2026-08-23T10:14:09Z"
      }
    },
    {
      "type": "Feature",
      "geometry": {
        "type": "Point",
        "coordinates": [
          90.4307,
          23.75744
        ]
      },
      "properties": {
        "id": "osm-node-11218446137",
        "name": "Bhuiyapara",
        "name_bn": "ভূইয়াপাড়া",
        "level": "place",
        "place": "quarter",
        "status": "official",
        "confidence": "high",
        "source_url": "https://www.openstreetmap.org/node/11218446137",
        "source_license": "ODbL (OpenStreetMap contributors)",
        "retrieved_at": "2026-08-23T10:14:09Z"
      }
    },
    {
      "type": "Feature",
      "geometry": {
        "type": "Point",
        "coordinates": [
          90.43499,
          23.7257
        ]
      },
      "properties": {
        "id": "osm-node-11232998960",
        "name": "Khalpar",
        "name_bn": "খালপাড়",
        "level": "place",
        "place": "neighbourhood",
        "status": "official",
        "confidence": "high",
        "source_url": "https://www.openstreetmap.org/node/11232998960",
        "source_license": "ODbL (OpenStreetMap contributors)",
        "retrieved_at": "2026-08-23T10:14:09Z"
      }
    },
    {
      "type": "Feature",
      "geometry": {
        "type": "Point",
        "coordinates": [
          90.37334,
          23.66497
        ]
      },
      "properties": {
        "id": "osm-node-11422162367",
        "name": "South Town",
        "name_bn": "সাউথ টাউন",
        "level": "place",
        "place": "suburb",
        "status": "official",
        "confidence": "high",
        "source_url": "https://www.openstreetmap.org/node/11422162367",
        "source_license": "ODbL (OpenStreetMap contributors)",
        "retrieved_at": "2026-08-23T10:14:09Z"
      }
    },
    {
      "type": "Feature",
      "geometry": {
        "type": "Point",
        "coordinates": [
          90.46798,
          23.70696
        ]
      },
      "properties": {
        "id": "osm-node-11521137999",
        "name": "Adorshobag",
        "name_bn": "আদর্শবাগ",
        "level": "place",
        "place": "neighbourhood",
        "status": "official",
        "confidence": "high",
        "source_url": "https://www.openstreetmap.org/node/11521137999",
        "source_license": "ODbL (OpenStreetMap contributors)",
        "retrieved_at": "2026-08-23T10:14:09Z"
      }
    },
    {
      "type": "Feature",
      "geometry": {
        "type": "Point",
        "coordinates": [
          90.44748,
          23.71421
        ]
      },
      "properties": {
        "id": "osm-node-11525788767",
        "name": "Samadnagar",
        "name_bn": "সামাদনগর",
        "level": "place",
        "place": "neighbourhood",
        "status": "official",
        "confidence": "high",
        "source_url": "https://www.openstreetmap.org/node/11525788767",
        "source_license": "ODbL (OpenStreetMap contributors)",
        "retrieved_at": "2026-08-23T10:14:09Z"
      }
    },
    {
      "type": "Feature",
      "geometry": {
        "type": "Point",
        "coordinates": [
          90.45304,
          23.70462
        ]
      },
      "properties": {
        "id": "osm-node-11527382875",
        "name": "Gobindapur",
        "name_bn": "গোবিন্দপুর",
        "level": "place",
        "place": "quarter",
        "status": "official",
        "confidence": "high",
        "source_url": "https://www.openstreetmap.org/node/11527382875",
        "source_license": "ODbL (OpenStreetMap contributors)",
        "retrieved_at": "2026-08-23T10:14:09Z"
      }
    },
    {
      "type": "Feature",
      "geometry": {
        "type": "Point",
        "coordinates": [
          90.45342,
          23.71262
        ]
      },
      "properties": {
        "id": "osm-node-11527435475",
        "name": "Mridhabari",
        "name_bn": "মৃধাবাড়ী",
        "level": "place",
        "place": "neighbourhood",
        "status": "official",
        "confidence": "high",
        "source_url": "https://www.openstreetmap.org/node/11527435475",
        "source_license": "ODbL (OpenStreetMap contributors)",
        "retrieved_at": "2026-08-23T10:14:09Z"
      }
    },
    {
      "type": "Feature",
      "geometry": {
        "type": "Point",
        "coordinates": [
          90.46272,
          23.83069
        ]
      },
      "properties": {
        "id": "osm-node-11572623972",
        "name": "Pink City",
        "name_bn": "পিঙ্ক সিটি",
        "level": "place",
        "place": "quarter",
        "status": "official",
        "confidence": "high",
        "source_url": "https://www.openstreetmap.org/node/11572623972",
        "source_license": "ODbL (OpenStreetMap contributors)",
        "retrieved_at": "2026-08-23T10:14:09Z"
      }
    },
    {
      "type": "Feature",
      "geometry": {
        "type": "Point",
        "coordinates": [
          90.43312,
          23.72583
        ]
      },
      "properties": {
        "id": "osm-node-11663604531",
        "name": "Shantidhara Society",
        "name_bn": "শান্তিধারা সোসাইটি",
        "level": "place",
        "place": "neighbourhood",
        "status": "official",
        "confidence": "high",
        "source_url": "https://www.openstreetmap.org/node/11663604531",
        "source_license": "ODbL (OpenStreetMap contributors)",
        "retrieved_at": "2026-08-23T10:14:09Z"
      }
    },
    {
      "type": "Feature",
      "geometry": {
        "type": "Point",
        "coordinates": [
          90.43106,
          23.72563
        ]
      },
      "properties": {
        "id": "osm-node-11663604532",
        "name": "Anondodhara",
        "name_bn": "আনন্দধারা",
        "level": "place",
        "place": "neighbourhood",
        "status": "official",
        "confidence": "high",
        "source_url": "https://www.openstreetmap.org/node/11663604532",
        "source_license": "ODbL (OpenStreetMap contributors)",
        "retrieved_at": "2026-08-23T10:14:09Z"
      }
    },
    {
      "type": "Feature",
      "geometry": {
        "type": "Point",
        "coordinates": [
          90.36444,
          23.79523
        ]
      },
      "properties": {
        "id": "osm-node-11774841405",
        "name": "Mollapara",
        "name_bn": "মোল্লাপাড়া",
        "level": "place",
        "place": "neighbourhood",
        "status": "official",
        "confidence": "high",
        "source_url": "https://www.openstreetmap.org/node/11774841405",
        "source_license": "ODbL (OpenStreetMap contributors)",
        "retrieved_at": "2026-08-23T10:14:09Z"
      }
    },
    {
      "type": "Feature",
      "geometry": {
        "type": "Point",
        "coordinates": [
          90.44845,
          23.74241
        ]
      },
      "properties": {
        "id": "osm-node-11780294862",
        "name": "Dakkhingaon",
        "name_bn": "দক্ষিণগাঁও",
        "level": "place",
        "place": "suburb",
        "status": "official",
        "confidence": "high",
        "source_url": "https://www.openstreetmap.org/node/11780294862",
        "source_license": "ODbL (OpenStreetMap contributors)",
        "retrieved_at": "2026-08-23T10:14:09Z"
      }
    },
    {
      "type": "Feature",
      "geometry": {
        "type": "Point",
        "coordinates": [
          90.41131,
          23.85891
        ]
      },
      "properties": {
        "id": "osm-node-11799830383",
        "name": "Mollartek",
        "name_bn": "মোল্লারটেক",
        "level": "place",
        "place": "quarter",
        "status": "official",
        "confidence": "high",
        "source_url": "https://www.openstreetmap.org/node/11799830383",
        "source_license": "ODbL (OpenStreetMap contributors)",
        "retrieved_at": "2026-08-23T10:14:09Z"
      }
    },
    {
      "type": "Feature",
      "geometry": {
        "type": "Point",
        "coordinates": [
          90.41693,
          23.86509
        ]
      },
      "properties": {
        "id": "osm-node-11813085067",
        "name": "Chalabon",
        "name_bn": "চালাবন",
        "level": "place",
        "place": "quarter",
        "status": "official",
        "confidence": "high",
        "source_url": "https://www.openstreetmap.org/node/11813085067",
        "source_license": "ODbL (OpenStreetMap contributors)",
        "retrieved_at": "2026-08-23T10:14:09Z"
      }
    },
    {
      "type": "Feature",
      "geometry": {
        "type": "Point",
        "coordinates": [
          90.33224,
          23.77974
        ]
      },
      "properties": {
        "id": "osm-node-11903067063",
        "name": "Block A",
        "name_bn": "ব্লক এ",
        "level": "place",
        "place": "neighbourhood",
        "status": "official",
        "confidence": "high",
        "source_url": "https://www.openstreetmap.org/node/11903067063",
        "source_license": "ODbL (OpenStreetMap contributors)",
        "retrieved_at": "2026-08-23T10:14:09Z"
      }
    },
    {
      "type": "Feature",
      "geometry": {
        "type": "Point",
        "coordinates": [
          90.32835,
          23.77969
        ]
      },
      "properties": {
        "id": "osm-node-11903143307",
        "name": "Block C",
        "name_bn": "ব্লক সি",
        "level": "place",
        "place": "neighbourhood",
        "status": "official",
        "confidence": "high",
        "source_url": "https://www.openstreetmap.org/node/11903143307",
        "source_license": "ODbL (OpenStreetMap contributors)",
        "retrieved_at": "2026-08-23T10:14:09Z"
      }
    },
    {
      "type": "Feature",
      "geometry": {
        "type": "Point",
        "coordinates": [
          90.37048,
          23.78953
        ]
      },
      "properties": {
        "id": "osm-node-11991447441",
        "name": "Oli Miar Tek",
        "name_bn": "অলি মিয়ার টেক",
        "level": "place",
        "place": "neighbourhood",
        "status": "official",
        "confidence": "high",
        "source_url": "https://www.openstreetmap.org/node/11991447441",
        "source_license": "ODbL (OpenStreetMap contributors)",
        "retrieved_at": "2026-08-23T10:14:09Z"
      }
    },
    {
      "type": "Feature",
      "geometry": {
        "type": "Point",
        "coordinates": [
          90.34028,
          23.78708
        ]
      },
      "properties": {
        "id": "osm-node-12091448015",
        "name": "Boro Bazar",
        "name_bn": "বড় বাজার",
        "level": "place",
        "place": "quarter",
        "status": "official",
        "confidence": "high",
        "source_url": "https://www.openstreetmap.org/node/12091448015",
        "source_license": "ODbL (OpenStreetMap contributors)",
        "retrieved_at": "2026-08-23T10:14:09Z"
      }
    },
    {
      "type": "Feature",
      "geometry": {
        "type": "Point",
        "coordinates": [
          90.58256,
          23.8315
        ]
      },
      "properties": {
        "id": "osm-node-12112959181",
        "name": "American City",
        "name_bn": "আমেরিকান সিটি",
        "level": "place",
        "place": "suburb",
        "status": "official",
        "confidence": "high",
        "source_url": "https://www.openstreetmap.org/node/12112959181",
        "source_license": "ODbL (OpenStreetMap contributors)",
        "retrieved_at": "2026-08-23T10:14:09Z"
      }
    },
    {
      "type": "Feature",
      "geometry": {
        "type": "Point",
        "coordinates": [
          90.32418,
          23.78871
        ]
      },
      "properties": {
        "id": "osm-node-12149780450",
        "name": "Salehpur",
        "name_bn": "সালেহপুর",
        "level": "place",
        "place": "village",
        "status": "official",
        "confidence": "high",
        "source_url": "https://www.openstreetmap.org/node/12149780450",
        "source_license": "ODbL (OpenStreetMap contributors)",
        "retrieved_at": "2026-08-23T10:14:09Z"
      }
    },
    {
      "type": "Feature",
      "geometry": {
        "type": "Point",
        "coordinates": [
          90.29727,
          23.85917
        ]
      },
      "properties": {
        "id": "osm-node-12395927989",
        "name": "Navy Co-operative Housing",
        "name_bn": "নেভি কো-অপারেটিভ হাউজিং",
        "level": "place",
        "place": "quarter",
        "status": "official",
        "confidence": "high",
        "source_url": "https://www.openstreetmap.org/node/12395927989",
        "source_license": "ODbL (OpenStreetMap contributors)",
        "retrieved_at": "2026-08-23T10:14:09Z"
      }
    },
    {
      "type": "Feature",
      "geometry": {
        "type": "Point",
        "coordinates": [
          90.31954,
          23.87259
        ]
      },
      "properties": {
        "id": "osm-node-12561291498",
        "name": "Dattapata",
        "name_bn": "দত্তপাড়া",
        "level": "place",
        "place": "village",
        "status": "official",
        "confidence": "high",
        "source_url": "https://www.openstreetmap.org/node/12561291498",
        "source_license": "ODbL (OpenStreetMap contributors)",
        "retrieved_at": "2026-08-23T10:14:09Z"
      }
    },
    {
      "type": "Feature",
      "geometry": {
        "type": "Point",
        "coordinates": [
          90.3546,
          23.76024
        ]
      },
      "properties": {
        "id": "osm-node-12692064068",
        "name": "Mohammadia Housing Ltd.",
        "name_bn": "মোহাম্মদিয়া হাউজিং লি:",
        "level": "place",
        "place": "quarter",
        "status": "official",
        "confidence": "high",
        "source_url": "https://www.openstreetmap.org/node/12692064068",
        "source_license": "ODbL (OpenStreetMap contributors)",
        "retrieved_at": "2026-08-23T10:14:09Z"
      }
    },
    {
      "type": "Feature",
      "geometry": {
        "type": "Point",
        "coordinates": [
          90.36936,
          23.83698
        ]
      },
      "properties": {
        "id": "osm-node-12849206266",
        "name": "Mirpur DOHS",
        "name_bn": "মিরপুর ডিওএইচএস",
        "level": "place",
        "place": "quarter",
        "status": "official",
        "confidence": "high",
        "source_url": "https://www.openstreetmap.org/node/12849206266",
        "source_license": "ODbL (OpenStreetMap contributors)",
        "retrieved_at": "2026-08-23T10:14:09Z"
      }
    },
    {
      "type": "Feature",
      "geometry": {
        "type": "Point",
        "coordinates": [
          90.29733,
          23.85912
        ]
      },
      "properties": {
        "id": "osm-node-12891967260",
        "name": "Navy Co-operative Housing",
        "name_bn": "নেভি কো-অপারেটিভ হাউজিং",
        "level": "place",
        "place": "quarter",
        "status": "official",
        "confidence": "high",
        "source_url": "https://www.openstreetmap.org/node/12891967260",
        "source_license": "ODbL (OpenStreetMap contributors)",
        "retrieved_at": "2026-08-23T10:14:09Z"
      }
    },
    {
      "type": "Feature",
      "geometry": {
        "type": "Point",
        "coordinates": [
          90.40689,
          23.85803
        ]
      },
      "properties": {
        "id": "osm-node-12908935536",
        "name": "Koshaibari",
        "name_bn": "কসাইবাড়ী",
        "level": "place",
        "place": "quarter",
        "status": "official",
        "confidence": "high",
        "source_url": "https://www.openstreetmap.org/node/12908935536",
        "source_license": "ODbL (OpenStreetMap contributors)",
        "retrieved_at": "2026-08-23T10:14:09Z"
      }
    },
    {
      "type": "Feature",
      "geometry": {
        "type": "Point",
        "coordinates": [
          90.42231,
          23.84613
        ]
      },
      "properties": {
        "id": "osm-node-12908936181",
        "name": "Kaola",
        "name_bn": "কাওলা",
        "level": "place",
        "place": "quarter",
        "status": "official",
        "confidence": "high",
        "source_url": "https://www.openstreetmap.org/node/12908936181",
        "source_license": "ODbL (OpenStreetMap contributors)",
        "retrieved_at": "2026-08-23T10:14:09Z"
      }
    },
    {
      "type": "Feature",
      "geometry": {
        "type": "Point",
        "coordinates": [
          90.41324,
          23.85697
        ]
      },
      "properties": {
        "id": "osm-node-12908939555",
        "name": "Prembagan",
        "name_bn": "প্রেমবাগান",
        "level": "place",
        "place": "neighbourhood",
        "status": "official",
        "confidence": "high",
        "source_url": "https://www.openstreetmap.org/node/12908939555",
        "source_license": "ODbL (OpenStreetMap contributors)",
        "retrieved_at": "2026-08-23T10:14:09Z"
      }
    },
    {
      "type": "Feature",
      "geometry": {
        "type": "Point",
        "coordinates": [
          90.44509,
          23.73673
        ]
      },
      "properties": {
        "id": "osm-node-13055833631",
        "name": "Kushumbagh",
        "name_bn": "কুসুমবাগ",
        "level": "place",
        "place": "neighbourhood",
        "status": "official",
        "confidence": "high",
        "source_url": "https://www.openstreetmap.org/node/13055833631",
        "source_license": "ODbL (OpenStreetMap contributors)",
        "retrieved_at": "2026-08-23T10:14:09Z"
      }
    },
    {
      "type": "Feature",
      "geometry": {
        "type": "Point",
        "coordinates": [
          90.50432,
          23.6057
        ]
      },
      "properties": {
        "id": "osm-node-13063540580",
        "name": "Nitaiganj",
        "name_bn": null,
        "level": "place",
        "place": "quarter",
        "status": "official",
        "confidence": "high",
        "source_url": "https://www.openstreetmap.org/node/13063540580",
        "source_license": "ODbL (OpenStreetMap contributors)",
        "retrieved_at": "2026-08-23T10:14:09Z"
      }
    },
    {
      "type": "Feature",
      "geometry": {
        "type": "Point",
        "coordinates": [
          90.31745,
          23.83432
        ]
      },
      "properties": {
        "id": "osm-node-13070575142",
        "name": "Dakhina City",
        "name_bn": null,
        "level": "place",
        "place": "neighbourhood",
        "status": "official",
        "confidence": "high",
        "source_url": "https://www.openstreetmap.org/node/13070575142",
        "source_license": "ODbL (OpenStreetMap contributors)",
        "retrieved_at": "2026-08-23T10:14:09Z"
      }
    },
    {
      "type": "Feature",
      "geometry": {
        "type": "Point",
        "coordinates": [
          90.40324,
          23.9004
        ]
      },
      "properties": {
        "id": "osm-node-13288700113",
        "name": "National Tubes Colony",
        "name_bn": null,
        "level": "place",
        "place": "neighbourhood",
        "status": "official",
        "confidence": "high",
        "source_url": "https://www.openstreetmap.org/node/13288700113",
        "source_license": "ODbL (OpenStreetMap contributors)",
        "retrieved_at": "2026-08-23T10:14:09Z"
      }
    },
    {
      "type": "Feature",
      "geometry": {
        "type": "Point",
        "coordinates": [
          90.36751,
          23.80442
        ]
      },
      "properties": {
        "id": "osm-node-13306949201",
        "name": "Christian Para",
        "name_bn": null,
        "level": "place",
        "place": "neighbourhood",
        "status": "official",
        "confidence": "high",
        "source_url": "https://www.openstreetmap.org/node/13306949201",
        "source_license": "ODbL (OpenStreetMap contributors)",
        "retrieved_at": "2026-08-23T10:14:09Z"
      }
    },
    {
      "type": "Feature",
      "geometry": {
        "type": "Point",
        "coordinates": [
          90.35987,
          23.7046
        ]
      },
      "properties": {
        "id": "osm-node-13325786971",
        "name": "Brahmonkitta Model Tawn",
        "name_bn": null,
        "level": "place",
        "place": "village",
        "status": "official",
        "confidence": "high",
        "source_url": "https://www.openstreetmap.org/node/13325786971",
        "source_license": "ODbL (OpenStreetMap contributors)",
        "retrieved_at": "2026-08-23T10:14:09Z"
      }
    },
    {
      "type": "Feature",
      "geometry": {
        "type": "Point",
        "coordinates": [
          90.36408,
          23.70475
        ]
      },
      "properties": {
        "id": "osm-node-13359508833",
        "name": "Brahmankitta",
        "name_bn": "ব্রাহ্মণকিত্তা",
        "level": "place",
        "place": "village",
        "status": "official",
        "confidence": "high",
        "source_url": "https://www.openstreetmap.org/node/13359508833",
        "source_license": "ODbL (OpenStreetMap contributors)",
        "retrieved_at": "2026-08-23T10:14:09Z"
      }
    },
    {
      "type": "Feature",
      "geometry": {
        "type": "Point",
        "coordinates": [
          90.35981,
          23.70853
        ]
      },
      "properties": {
        "id": "osm-node-13359523742",
        "name": "Khagail",
        "name_bn": null,
        "level": "place",
        "place": "village",
        "status": "official",
        "confidence": "high",
        "source_url": "https://www.openstreetmap.org/node/13359523742",
        "source_license": "ODbL (OpenStreetMap contributors)",
        "retrieved_at": "2026-08-23T10:14:09Z"
      }
    },
    {
      "type": "Feature",
      "geometry": {
        "type": "Point",
        "coordinates": [
          90.59202,
          23.6355
        ]
      },
      "properties": {
        "id": "osm-node-13392077150",
        "name": "Mograpara",
        "name_bn": "মোগরাপাড়া",
        "level": "place",
        "place": "quarter",
        "status": "official",
        "confidence": "high",
        "source_url": "https://www.openstreetmap.org/node/13392077150",
        "source_license": "ODbL (OpenStreetMap contributors)",
        "retrieved_at": "2026-08-23T10:14:09Z"
      }
    },
    {
      "type": "Feature",
      "geometry": {
        "type": "Point",
        "coordinates": [
          90.56565,
          23.65674
        ]
      },
      "properties": {
        "id": "osm-node-13392084943",
        "name": "Langalbandh",
        "name_bn": "লাঙ্গলবন্ধ",
        "level": "place",
        "place": "village",
        "status": "official",
        "confidence": "high",
        "source_url": "https://www.openstreetmap.org/node/13392084943",
        "source_license": "ODbL (OpenStreetMap contributors)",
        "retrieved_at": "2026-08-23T10:14:09Z"
      }
    },
    {
      "type": "Feature",
      "geometry": {
        "type": "Point",
        "coordinates": [
          90.35485,
          23.70071
        ]
      },
      "properties": {
        "id": "osm-node-13523361853",
        "name": "Dewshur Brahmonkitta",
        "name_bn": "দেওশুর ব্রহ্মকিত্তা",
        "level": "place",
        "place": "village",
        "status": "official",
        "confidence": "high",
        "source_url": "https://www.openstreetmap.org/node/13523361853",
        "source_license": "ODbL (OpenStreetMap contributors)",
        "retrieved_at": "2026-08-23T10:14:09Z"
      }
    },
    {
      "type": "Feature",
      "geometry": {
        "type": "Point",
        "coordinates": [
          90.3576,
          23.713
        ]
      },
      "properties": {
        "id": "osm-node-13523439847",
        "name": "খোলামোড়া",
        "name_bn": "খোলামোড়া",
        "level": "place",
        "place": "village",
        "status": "official",
        "confidence": "high",
        "source_url": "https://www.openstreetmap.org/node/13523439847",
        "source_license": "ODbL (OpenStreetMap contributors)",
        "retrieved_at": "2026-08-23T10:14:09Z"
      }
    },
    {
      "type": "Feature",
      "geometry": {
        "type": "Point",
        "coordinates": [
          90.42353,
          24.00012
        ]
      },
      "properties": {
        "id": "osm-node-13592133792",
        "name": "Joydebpur",
        "name_bn": "জয়দেবপুর",
        "level": "place",
        "place": "suburb",
        "status": "official",
        "confidence": "high",
        "source_url": "https://www.openstreetmap.org/node/13592133792",
        "source_license": "ODbL (OpenStreetMap contributors)",
        "retrieved_at": "2026-08-23T10:14:09Z"
      }
    },
    {
      "type": "Feature",
      "geometry": {
        "type": "Point",
        "coordinates": [
          90.34324,
          23.75825
        ]
      },
      "properties": {
        "id": "osm-node-13748364984",
        "name": "Block A",
        "name_bn": "ব্লক এ",
        "level": "place",
        "place": "quarter",
        "status": "official",
        "confidence": "high",
        "source_url": "https://www.openstreetmap.org/node/13748364984",
        "source_license": "ODbL (OpenStreetMap contributors)",
        "retrieved_at": "2026-08-23T10:14:09Z"
      }
    },
    {
      "type": "Feature",
      "geometry": {
        "type": "Point",
        "coordinates": [
          90.34148,
          23.75796
        ]
      },
      "properties": {
        "id": "osm-node-13748364985",
        "name": "Block B",
        "name_bn": "ব্লক বি",
        "level": "place",
        "place": "quarter",
        "status": "official",
        "confidence": "high",
        "source_url": "https://www.openstreetmap.org/node/13748364985",
        "source_license": "ODbL (OpenStreetMap contributors)",
        "retrieved_at": "2026-08-23T10:14:09Z"
      }
    },
    {
      "type": "Feature",
      "geometry": {
        "type": "Point",
        "coordinates": [
          90.33973,
          23.7577
        ]
      },
      "properties": {
        "id": "osm-node-13748364986",
        "name": "Block C",
        "name_bn": "ব্লক সি",
        "level": "place",
        "place": "quarter",
        "status": "official",
        "confidence": "high",
        "source_url": "https://www.openstreetmap.org/node/13748364986",
        "source_license": "ODbL (OpenStreetMap contributors)",
        "retrieved_at": "2026-08-23T10:14:09Z"
      }
    },
    {
      "type": "Feature",
      "geometry": {
        "type": "Point",
        "coordinates": [
          90.47168,
          23.80593
        ]
      },
      "properties": {
        "id": "osm-node-13765578281",
        "name": "Panchdirtek",
        "name_bn": "পাঁচদীরটেক",
        "level": "place",
        "place": "quarter",
        "status": "official",
        "confidence": "high",
        "source_url": "https://www.openstreetmap.org/node/13765578281",
        "source_license": "ODbL (OpenStreetMap contributors)",
        "retrieved_at": "2026-08-23T10:14:09Z"
      }
    },
    {
      "type": "Feature",
      "geometry": {
        "type": "Point",
        "coordinates": [
          90.46349,
          23.80015
        ]
      },
      "properties": {
        "id": "osm-node-13765578282",
        "name": "Panchkhola",
        "name_bn": null,
        "level": "place",
        "place": "village",
        "status": "official",
        "confidence": "high",
        "source_url": "https://www.openstreetmap.org/node/13765578282",
        "source_license": "ODbL (OpenStreetMap contributors)",
        "retrieved_at": "2026-08-23T10:14:09Z"
      }
    },
    {
      "type": "Feature",
      "geometry": {
        "type": "Point",
        "coordinates": [
          90.44393,
          23.70771
        ]
      },
      "properties": {
        "id": "osm-node-13786706820",
        "name": "South Kajla",
        "name_bn": "দক্ষিণ কাজলা",
        "level": "place",
        "place": "quarter",
        "status": "official",
        "confidence": "high",
        "source_url": "https://www.openstreetmap.org/node/13786706820",
        "source_license": "ODbL (OpenStreetMap contributors)",
        "retrieved_at": "2026-08-23T10:14:09Z"
      }
    },
    {
      "type": "Feature",
      "geometry": {
        "type": "Point",
        "coordinates": [
          90.4309,
          23.852
        ]
      },
      "properties": {
        "id": "osm-node-13805241537",
        "name": "Holan",
        "name_bn": "হলান",
        "level": "place",
        "place": "quarter",
        "status": "official",
        "confidence": "high",
        "source_url": "https://www.openstreetmap.org/node/13805241537",
        "source_license": "ODbL (OpenStreetMap contributors)",
        "retrieved_at": "2026-08-23T10:14:09Z"
      }
    },
    {
      "type": "Feature",
      "geometry": {
        "type": "Point",
        "coordinates": [
          90.50071,
          23.69781
        ]
      },
      "properties": {
        "id": "osm-node-13955336898",
        "name": "Madaninagar",
        "name_bn": "মাদানীনগর",
        "level": "place",
        "place": "neighbourhood",
        "status": "official",
        "confidence": "high",
        "source_url": "https://www.openstreetmap.org/node/13955336898",
        "source_license": "ODbL (OpenStreetMap contributors)",
        "retrieved_at": "2026-08-23T10:14:09Z"
      }
    },
    {
      "type": "Feature",
      "geometry": {
        "type": "Point",
        "coordinates": [
          90.49032,
          23.69691
        ]
      },
      "properties": {
        "id": "osm-node-13955363716",
        "name": "Sanarpar",
        "name_bn": "সানারপাড়",
        "level": "place",
        "place": "suburb",
        "status": "official",
        "confidence": "high",
        "source_url": "https://www.openstreetmap.org/node/13955363716",
        "source_license": "ODbL (OpenStreetMap contributors)",
        "retrieved_at": "2026-08-23T10:14:09Z"
      }
    },
    {
      "type": "Feature",
      "geometry": {
        "type": "Point",
        "coordinates": [
          90.49516,
          23.69468
        ]
      },
      "properties": {
        "id": "osm-node-13957211984",
        "name": "Mouchak",
        "name_bn": "মৌচাক",
        "level": "place",
        "place": "quarter",
        "status": "official",
        "confidence": "high",
        "source_url": "https://www.openstreetmap.org/node/13957211984",
        "source_license": "ODbL (OpenStreetMap contributors)",
        "retrieved_at": "2026-08-23T10:14:09Z"
      }
    },
    {
      "type": "Feature",
      "geometry": {
        "type": "Point",
        "coordinates": [
          90.33908,
          23.77622
        ]
      },
      "properties": {
        "id": "osm-node-13987866372",
        "name": "Dipnagar",
        "name_bn": "দ্বীপনগর",
        "level": "place",
        "place": "quarter",
        "status": "official",
        "confidence": "high",
        "source_url": "https://www.openstreetmap.org/node/13987866372",
        "source_license": "ODbL (OpenStreetMap contributors)",
        "retrieved_at": "2026-08-23T10:14:09Z"
      }
    },
    {
      "type": "Feature",
      "geometry": {
        "type": "Point",
        "coordinates": [
          90.34445,
          23.79089
        ]
      },
      "properties": {
        "id": "osm-node-13987905513",
        "name": "Bardhanbari",
        "name_bn": "বর্ধনবাড়ী",
        "level": "place",
        "place": "quarter",
        "status": "official",
        "confidence": "high",
        "source_url": "https://www.openstreetmap.org/node/13987905513",
        "source_license": "ODbL (OpenStreetMap contributors)",
        "retrieved_at": "2026-08-23T10:14:09Z"
      }
    },
    {
      "type": "Feature",
      "geometry": {
        "type": "Point",
        "coordinates": [
          90.34063,
          23.79147
        ]
      },
      "properties": {
        "id": "osm-node-13987905514",
        "name": "Jahanabad",
        "name_bn": "জাহানাবাদ",
        "level": "place",
        "place": "neighbourhood",
        "status": "official",
        "confidence": "high",
        "source_url": "https://www.openstreetmap.org/node/13987905514",
        "source_license": "ODbL (OpenStreetMap contributors)",
        "retrieved_at": "2026-08-23T10:14:09Z"
      }
    },
    {
      "type": "Feature",
      "geometry": {
        "type": "Point",
        "coordinates": [
          90.34244,
          23.78818
        ]
      },
      "properties": {
        "id": "osm-node-13987920319",
        "name": "Anandanagar",
        "name_bn": "আনন্দনগর",
        "level": "place",
        "place": "quarter",
        "status": "official",
        "confidence": "high",
        "source_url": "https://www.openstreetmap.org/node/13987920319",
        "source_license": "ODbL (OpenStreetMap contributors)",
        "retrieved_at": "2026-08-23T10:14:09Z"
      }
    },
    {
      "type": "Feature",
      "geometry": {
        "type": "Point",
        "coordinates": [
          90.35299,
          23.79017
        ]
      },
      "properties": {
        "id": "osm-node-13987962201",
        "name": "Staff Quarrter",
        "name_bn": "স্টাফ কোয়ার্টার",
        "level": "place",
        "place": "neighbourhood",
        "status": "official",
        "confidence": "high",
        "source_url": "https://www.openstreetmap.org/node/13987962201",
        "source_license": "ODbL (OpenStreetMap contributors)",
        "retrieved_at": "2026-08-23T10:14:09Z"
      }
    },
    {
      "type": "Feature",
      "geometry": {
        "type": "Point",
        "coordinates": [
          90.36597,
          23.79958
        ]
      },
      "properties": {
        "id": "osm-node-13987963701",
        "name": "Middle Monipur",
        "name_bn": "মধ্য মনিপুর",
        "level": "place",
        "place": "quarter",
        "status": "official",
        "confidence": "high",
        "source_url": "https://www.openstreetmap.org/node/13987963701",
        "source_license": "ODbL (OpenStreetMap contributors)",
        "retrieved_at": "2026-08-23T10:14:09Z"
      }
    },
    {
      "type": "Feature",
      "geometry": {
        "type": "Point",
        "coordinates": [
          90.36859,
          23.80215
        ]
      },
      "properties": {
        "id": "osm-node-13987973146",
        "name": "East Monipur",
        "name_bn": "পূর্ব মনিপুর",
        "level": "place",
        "place": "quarter",
        "status": "official",
        "confidence": "high",
        "source_url": "https://www.openstreetmap.org/node/13987973146",
        "source_license": "ODbL (OpenStreetMap contributors)",
        "retrieved_at": "2026-08-23T10:14:09Z"
      }
    },
    {
      "type": "Feature",
      "geometry": {
        "type": "Point",
        "coordinates": [
          90.3703,
          23.79872
        ]
      },
      "properties": {
        "id": "osm-node-13987973147",
        "name": "West Kazipara",
        "name_bn": "পশ্চিম কাজিপাড়া",
        "level": "place",
        "place": "quarter",
        "status": "official",
        "confidence": "high",
        "source_url": "https://www.openstreetmap.org/node/13987973147",
        "source_license": "ODbL (OpenStreetMap contributors)",
        "retrieved_at": "2026-08-23T10:14:09Z"
      }
    },
    {
      "type": "Feature",
      "geometry": {
        "type": "Point",
        "coordinates": [
          90.37704,
          23.79427
        ]
      },
      "properties": {
        "id": "osm-node-13987973604",
        "name": "East Shewrapara",
        "name_bn": "পূর্ব শেওড়াপাড়া",
        "level": "place",
        "place": "quarter",
        "status": "official",
        "confidence": "high",
        "source_url": "https://www.openstreetmap.org/node/13987973604",
        "source_license": "ODbL (OpenStreetMap contributors)",
        "retrieved_at": "2026-08-23T10:14:09Z"
      }
    },
    {
      "type": "Feature",
      "geometry": {
        "type": "Point",
        "coordinates": [
          90.3874,
          23.78753
        ]
      },
      "properties": {
        "id": "osm-node-13988017983",
        "name": "East Kafrul",
        "name_bn": "পূর্ব কাফরুল",
        "level": "place",
        "place": "neighbourhood",
        "status": "official",
        "confidence": "high",
        "source_url": "https://www.openstreetmap.org/node/13988017983",
        "source_license": "ODbL (OpenStreetMap contributors)",
        "retrieved_at": "2026-08-23T10:14:09Z"
      }
    },
    {
      "type": "Feature",
      "geometry": {
        "type": "Point",
        "coordinates": [
          90.38956,
          23.78671
        ]
      },
      "properties": {
        "id": "osm-node-13988050211",
        "name": "Rojonigondha",
        "name_bn": "রজনীগন্ধা",
        "level": "place",
        "place": "neighbourhood",
        "status": "official",
        "confidence": "high",
        "source_url": "https://www.openstreetmap.org/node/13988050211",
        "source_license": "ODbL (OpenStreetMap contributors)",
        "retrieved_at": "2026-08-23T10:14:09Z"
      }
    },
    {
      "type": "Feature",
      "geometry": {
        "type": "Point",
        "coordinates": [
          90.38937,
          23.79813
        ]
      },
      "properties": {
        "id": "osm-node-13988110468",
        "name": "Senapolli",
        "name_bn": "সেনাপল্লী",
        "level": "place",
        "place": "neighbourhood",
        "status": "official",
        "confidence": "high",
        "source_url": "https://www.openstreetmap.org/node/13988110468",
        "source_license": "ODbL (OpenStreetMap contributors)",
        "retrieved_at": "2026-08-23T10:14:09Z"
      }
    },
    {
      "type": "Feature",
      "geometry": {
        "type": "Point",
        "coordinates": [
          90.38011,
          23.80964
        ]
      },
      "properties": {
        "id": "osm-node-13988110469",
        "name": "Baishteki",
        "name_bn": "বাইশটেকি",
        "level": "place",
        "place": "quarter",
        "status": "official",
        "confidence": "high",
        "source_url": "https://www.openstreetmap.org/node/13988110469",
        "source_license": "ODbL (OpenStreetMap contributors)",
        "retrieved_at": "2026-08-23T10:14:09Z"
      }
    },
    {
      "type": "Feature",
      "geometry": {
        "type": "Point",
        "coordinates": [
          90.38683,
          23.8073
        ]
      },
      "properties": {
        "id": "osm-node-13988110470",
        "name": "Dhamalkot",
        "name_bn": "ধামালকোট",
        "level": "place",
        "place": "quarter",
        "status": "official",
        "confidence": "high",
        "source_url": "https://www.openstreetmap.org/node/13988110470",
        "source_license": "ODbL (OpenStreetMap contributors)",
        "retrieved_at": "2026-08-23T10:14:09Z"
      }
    },
    {
      "type": "Feature",
      "geometry": {
        "type": "Point",
        "coordinates": [
          90.38981,
          23.80313
        ]
      },
      "properties": {
        "id": "osm-node-13988110471",
        "name": "Lalsorai",
        "name_bn": "লালসরাই",
        "level": "place",
        "place": "neighbourhood",
        "status": "official",
        "confidence": "high",
        "source_url": "https://www.openstreetmap.org/node/13988110471",
        "source_license": "ODbL (OpenStreetMap contributors)",
        "retrieved_at": "2026-08-23T10:14:09Z"
      }
    },
    {
      "type": "Feature",
      "geometry": {
        "type": "Point",
        "coordinates": [
          90.39325,
          23.80823
        ]
      },
      "properties": {
        "id": "osm-node-13988116246",
        "name": "Nirjhor Residential",
        "name_bn": "নির্ঝর আবাসিক",
        "level": "place",
        "place": "quarter",
        "status": "official",
        "confidence": "high",
        "source_url": "https://www.openstreetmap.org/node/13988116246",
        "source_license": "ODbL (OpenStreetMap contributors)",
        "retrieved_at": "2026-08-23T10:14:09Z"
      }
    },
    {
      "type": "Feature",
      "geometry": {
        "type": "Point",
        "coordinates": [
          90.38982,
          23.81359
        ]
      },
      "properties": {
        "id": "osm-node-13988167539",
        "name": "Bhashantek",
        "name_bn": "ভাষানটেক",
        "level": "place",
        "place": "suburb",
        "status": "official",
        "confidence": "high",
        "source_url": "https://www.openstreetmap.org/node/13988167539",
        "source_license": "ODbL (OpenStreetMap contributors)",
        "retrieved_at": "2026-08-23T10:14:09Z"
      }
    },
    {
      "type": "Feature",
      "geometry": {
        "type": "Point",
        "coordinates": [
          90.38062,
          23.82084
        ]
      },
      "properties": {
        "id": "osm-node-13988404737",
        "name": "Bauniabad",
        "name_bn": "বাউনিয়াবাদ",
        "level": "place",
        "place": "quarter",
        "status": "official",
        "confidence": "high",
        "source_url": "https://www.openstreetmap.org/node/13988404737",
        "source_license": "ODbL (OpenStreetMap contributors)",
        "retrieved_at": "2026-08-23T10:14:09Z"
      }
    },
    {
      "type": "Feature",
      "geometry": {
        "type": "Point",
        "coordinates": [
          90.30149,
          23.88855
        ]
      },
      "properties": {
        "id": "osm-node-13988506157",
        "name": "Dosaid",
        "name_bn": "দোসাইদ",
        "level": "place",
        "place": "village",
        "status": "official",
        "confidence": "high",
        "source_url": "https://www.openstreetmap.org/node/13988506157",
        "source_license": "ODbL (OpenStreetMap contributors)",
        "retrieved_at": "2026-08-23T10:14:09Z"
      }
    },
    {
      "type": "Feature",
      "geometry": {
        "type": "Point",
        "coordinates": [
          90.37842,
          23.89101
        ]
      },
      "properties": {
        "id": "osm-node-13988648795",
        "name": "Rajabari",
        "name_bn": "রাজাবাড়ী",
        "level": "place",
        "place": "neighbourhood",
        "status": "official",
        "confidence": "high",
        "source_url": "https://www.openstreetmap.org/node/13988648795",
        "source_license": "ODbL (OpenStreetMap contributors)",
        "retrieved_at": "2026-08-23T10:14:09Z"
      }
    },
    {
      "type": "Feature",
      "geometry": {
        "type": "Point",
        "coordinates": [
          90.38101,
          23.86548
        ]
      },
      "properties": {
        "id": "osm-node-13988656978",
        "name": "Khantek",
        "name_bn": "খানটেক",
        "level": "place",
        "place": "neighbourhood",
        "status": "official",
        "confidence": "high",
        "source_url": "https://www.openstreetmap.org/node/13988656978",
        "source_license": "ODbL (OpenStreetMap contributors)",
        "retrieved_at": "2026-08-23T10:14:09Z"
      }
    },
    {
      "type": "Feature",
      "geometry": {
        "type": "Point",
        "coordinates": [
          90.39289,
          23.86203
        ]
      },
      "properties": {
        "id": "osm-node-13988656979",
        "name": "Badshartek",
        "name_bn": "বাদশারটেক",
        "level": "place",
        "place": "neighbourhood",
        "status": "official",
        "confidence": "high",
        "source_url": "https://www.openstreetmap.org/node/13988656979",
        "source_license": "ODbL (OpenStreetMap contributors)",
        "retrieved_at": "2026-08-23T10:14:09Z"
      }
    },
    {
      "type": "Feature",
      "geometry": {
        "type": "Point",
        "coordinates": [
          90.483,
          23.82625
        ]
      },
      "properties": {
        "id": "osm-node-13988695221",
        "name": "Patira",
        "name_bn": "পাতিরা",
        "level": "place",
        "place": "suburb",
        "status": "official",
        "confidence": "high",
        "source_url": "https://www.openstreetmap.org/node/13988695221",
        "source_license": "ODbL (OpenStreetMap contributors)",
        "retrieved_at": "2026-08-23T10:14:09Z"
      }
    },
    {
      "type": "Feature",
      "geometry": {
        "type": "Point",
        "coordinates": [
          90.50328,
          23.73225
        ]
      },
      "properties": {
        "id": "osm-node-13989747989",
        "name": "Chanpara Punorbasan",
        "name_bn": "চনপাড়া পুনর্বাসন",
        "level": "place",
        "place": "quarter",
        "status": "official",
        "confidence": "high",
        "source_url": "https://www.openstreetmap.org/node/13989747989",
        "source_license": "ODbL (OpenStreetMap contributors)",
        "retrieved_at": "2026-08-23T10:14:09Z"
      }
    },
    {
      "type": "Feature",
      "geometry": {
        "type": "Point",
        "coordinates": [
          90.46314,
          23.75012
        ]
      },
      "properties": {
        "id": "osm-node-13989808588",
        "name": "Nagdarpar",
        "name_bn": "নাগদারপাড়",
        "level": "place",
        "place": "neighbourhood",
        "status": "official",
        "confidence": "high",
        "source_url": "https://www.openstreetmap.org/node/13989808588",
        "source_license": "ODbL (OpenStreetMap contributors)",
        "retrieved_at": "2026-08-23T10:14:09Z"
      }
    },
    {
      "type": "Feature",
      "geometry": {
        "type": "Point",
        "coordinates": [
          90.45704,
          23.74758
        ]
      },
      "properties": {
        "id": "osm-node-13989808589",
        "name": "Newajbag",
        "name_bn": "নেওয়াজবাগ",
        "level": "place",
        "place": "neighbourhood",
        "status": "official",
        "confidence": "high",
        "source_url": "https://www.openstreetmap.org/node/13989808589",
        "source_license": "ODbL (OpenStreetMap contributors)",
        "retrieved_at": "2026-08-23T10:14:09Z"
      }
    },
    {
      "type": "Feature",
      "geometry": {
        "type": "Point",
        "coordinates": [
          90.43315,
          23.7299
        ]
      },
      "properties": {
        "id": "osm-node-13989834668",
        "name": "Jannatbag",
        "name_bn": "জান্নাতবাগ",
        "level": "place",
        "place": "neighbourhood",
        "status": "official",
        "confidence": "high",
        "source_url": "https://www.openstreetmap.org/node/13989834668",
        "source_license": "ODbL (OpenStreetMap contributors)",
        "retrieved_at": "2026-08-23T10:14:09Z"
      }
    },
    {
      "type": "Feature",
      "geometry": {
        "type": "Point",
        "coordinates": [
          90.44732,
          23.75419
        ]
      },
      "properties": {
        "id": "osm-node-13989947346",
        "name": "Rasulbag",
        "name_bn": "রসুলবাগ",
        "level": "place",
        "place": "quarter",
        "status": "official",
        "confidence": "high",
        "source_url": "https://www.openstreetmap.org/node/13989947346",
        "source_license": "ODbL (OpenStreetMap contributors)",
        "retrieved_at": "2026-08-23T10:14:09Z"
      }
    },
    {
      "type": "Feature",
      "geometry": {
        "type": "Point",
        "coordinates": [
          90.43931,
          23.73127
        ]
      },
      "properties": {
        "id": "osm-node-13989953179",
        "name": "North Manda",
        "name_bn": "উত্তর মান্ডা",
        "level": "place",
        "place": "quarter",
        "status": "official",
        "confidence": "high",
        "source_url": "https://www.openstreetmap.org/node/13989953179",
        "source_license": "ODbL (OpenStreetMap contributors)",
        "retrieved_at": "2026-08-23T10:14:09Z"
      }
    },
    {
      "type": "Feature",
      "geometry": {
        "type": "Point",
        "coordinates": [
          90.4493,
          23.73589
        ]
      },
      "properties": {
        "id": "osm-node-13989953180",
        "name": "Begunbari",
        "name_bn": "বেগুনবাড়ী",
        "level": "place",
        "place": "quarter",
        "status": "official",
        "confidence": "high",
        "source_url": "https://www.openstreetmap.org/node/13989953180",
        "source_license": "ODbL (OpenStreetMap contributors)",
        "retrieved_at": "2026-08-23T10:14:09Z"
      }
    },
    {
      "type": "Feature",
      "geometry": {
        "type": "Point",
        "coordinates": [
          90.45089,
          23.73852
        ]
      },
      "properties": {
        "id": "osm-node-13989953181",
        "name": "Shahibag",
        "name_bn": "শাহীবাগ",
        "level": "place",
        "place": "neighbourhood",
        "status": "official",
        "confidence": "high",
        "source_url": "https://www.openstreetmap.org/node/13989953181",
        "source_license": "ODbL (OpenStreetMap contributors)",
        "retrieved_at": "2026-08-23T10:14:09Z"
      }
    },
    {
      "type": "Feature",
      "geometry": {
        "type": "Point",
        "coordinates": [
          90.52525,
          23.71183
        ]
      },
      "properties": {
        "id": "osm-node-13990004492",
        "name": "Sonapur",
        "name_bn": "সোনাপুর",
        "level": "place",
        "place": "village",
        "status": "official",
        "confidence": "high",
        "source_url": "https://www.openstreetmap.org/node/13990004492",
        "source_license": "ODbL (OpenStreetMap contributors)",
        "retrieved_at": "2026-08-23T10:14:09Z"
      }
    },
    {
      "type": "Feature",
      "geometry": {
        "type": "Point",
        "coordinates": [
          90.48415,
          23.71548
        ]
      },
      "properties": {
        "id": "osm-node-13990007436",
        "name": "Bamoil",
        "name_bn": "বামৈল",
        "level": "place",
        "place": "quarter",
        "status": "official",
        "confidence": "high",
        "source_url": "https://www.openstreetmap.org/node/13990007436",
        "source_license": "ODbL (OpenStreetMap contributors)",
        "retrieved_at": "2026-08-23T10:14:09Z"
      }
    },
    {
      "type": "Feature",
      "geometry": {
        "type": "Point",
        "coordinates": [
          90.49085,
          23.71729
        ]
      },
      "properties": {
        "id": "osm-node-13990007437",
        "name": "Hajinagar",
        "name_bn": "হাজীনগর",
        "level": "place",
        "place": "quarter",
        "status": "official",
        "confidence": "high",
        "source_url": "https://www.openstreetmap.org/node/13990007437",
        "source_license": "ODbL (OpenStreetMap contributors)",
        "retrieved_at": "2026-08-23T10:14:09Z"
      }
    },
    {
      "type": "Feature",
      "geometry": {
        "type": "Point",
        "coordinates": [
          90.36421,
          23.78928
        ]
      },
      "properties": {
        "id": "osm-node-13990474846",
        "name": "West Pirerbag",
        "name_bn": "পশ্চিম পীরেরবাগ",
        "level": "place",
        "place": "neighbourhood",
        "status": "official",
        "confidence": "high",
        "source_url": "https://www.openstreetmap.org/node/13990474846",
        "source_license": "ODbL (OpenStreetMap contributors)",
        "retrieved_at": "2026-08-23T10:14:09Z"
      }
    },
    {
      "type": "Feature",
      "geometry": {
        "type": "Point",
        "coordinates": [
          90.3596,
          23.77638
        ]
      },
      "properties": {
        "id": "osm-node-13990548229",
        "name": "Dhaka Housing",
        "name_bn": "ঢাকা হাউজিং",
        "level": "place",
        "place": "neighbourhood",
        "status": "official",
        "confidence": "high",
        "source_url": "https://www.openstreetmap.org/node/13990548229",
        "source_license": "ODbL (OpenStreetMap contributors)",
        "retrieved_at": "2026-08-23T10:14:09Z"
      }
    },
    {
      "type": "Feature",
      "geometry": {
        "type": "Point",
        "coordinates": [
          90.35807,
          23.7599
        ]
      },
      "properties": {
        "id": "osm-node-13990591896",
        "name": "Chanmia Housing",
        "name_bn": "চানমিয়া হাউজিং",
        "level": "place",
        "place": "neighbourhood",
        "status": "official",
        "confidence": "high",
        "source_url": "https://www.openstreetmap.org/node/13990591896",
        "source_license": "ODbL (OpenStreetMap contributors)",
        "retrieved_at": "2026-08-23T10:14:09Z"
      }
    },
    {
      "type": "Feature",
      "geometry": {
        "type": "Point",
        "coordinates": [
          90.35978,
          23.77002
        ]
      },
      "properties": {
        "id": "osm-node-13990609727",
        "name": "Tikkapara",
        "name_bn": "টিক্কাপাড়া",
        "level": "place",
        "place": "neighbourhood",
        "status": "official",
        "confidence": "high",
        "source_url": "https://www.openstreetmap.org/node/13990609727",
        "source_license": "ODbL (OpenStreetMap contributors)",
        "retrieved_at": "2026-08-23T10:14:09Z"
      }
    },
    {
      "type": "Feature",
      "geometry": {
        "type": "Point",
        "coordinates": [
          90.36545,
          23.7684
        ]
      },
      "properties": {
        "id": "osm-node-13990609728",
        "name": "Geneva Camp",
        "name_bn": "জেনেভা ক্যাম্প",
        "level": "place",
        "place": "quarter",
        "status": "official",
        "confidence": "high",
        "source_url": "https://www.openstreetmap.org/node/13990609728",
        "source_license": "ODbL (OpenStreetMap contributors)",
        "retrieved_at": "2026-08-23T10:14:09Z"
      }
    },
    {
      "type": "Feature",
      "geometry": {
        "type": "Point",
        "coordinates": [
          90.42189,
          23.83425
        ]
      },
      "properties": {
        "id": "osm-node-13990652717",
        "name": "Khanpara",
        "name_bn": "খানপাড়া",
        "level": "place",
        "place": "neighbourhood",
        "status": "official",
        "confidence": "high",
        "source_url": "https://www.openstreetmap.org/node/13990652717",
        "source_license": "ODbL (OpenStreetMap contributors)",
        "retrieved_at": "2026-08-23T10:14:09Z"
      }
    },
    {
      "type": "Feature",
      "geometry": {
        "type": "Point",
        "coordinates": [
          90.42836,
          23.80432
        ]
      },
      "properties": {
        "id": "osm-node-13990667220",
        "name": "Noyanagar",
        "name_bn": "নয়ানগর",
        "level": "place",
        "place": "quarter",
        "status": "official",
        "confidence": "high",
        "source_url": "https://www.openstreetmap.org/node/13990667220",
        "source_license": "ODbL (OpenStreetMap contributors)",
        "retrieved_at": "2026-08-23T10:14:09Z"
      }
    },
    {
      "type": "Feature",
      "geometry": {
        "type": "Point",
        "coordinates": [
          90.47172,
          23.83876
        ]
      },
      "properties": {
        "id": "osm-node-13990682134",
        "name": "Mastul",
        "name_bn": "মাস্তুল",
        "level": "place",
        "place": "neighbourhood",
        "status": "official",
        "confidence": "high",
        "source_url": "https://www.openstreetmap.org/node/13990682134",
        "source_license": "ODbL (OpenStreetMap contributors)",
        "retrieved_at": "2026-08-23T10:14:09Z"
      }
    },
    {
      "type": "Feature",
      "geometry": {
        "type": "Point",
        "coordinates": [
          90.47859,
          23.79755
        ]
      },
      "properties": {
        "id": "osm-node-13990848428",
        "name": "Chinadipara",
        "name_bn": "চিনাদিপাড়া",
        "level": "place",
        "place": "neighbourhood",
        "status": "official",
        "confidence": "high",
        "source_url": "https://www.openstreetmap.org/node/13990848428",
        "source_license": "ODbL (OpenStreetMap contributors)",
        "retrieved_at": "2026-08-23T10:14:09Z"
      }
    },
    {
      "type": "Feature",
      "geometry": {
        "type": "Point",
        "coordinates": [
          90.51983,
          23.70378
        ]
      },
      "properties": {
        "id": "osm-node-13994129061",
        "name": "Senpara",
        "name_bn": "সেনপাড়া",
        "level": "place",
        "place": "quarter",
        "status": "official",
        "confidence": "high",
        "source_url": "https://www.openstreetmap.org/node/13994129061",
        "source_license": "ODbL (OpenStreetMap contributors)",
        "retrieved_at": "2026-08-23T10:14:09Z"
      }
    },
    {
      "type": "Feature",
      "geometry": {
        "type": "Point",
        "coordinates": [
          90.50404,
          23.70069
        ]
      },
      "properties": {
        "id": "osm-node-13995039440",
        "name": "Noya Ati",
        "name_bn": "নয়া আটি",
        "level": "place",
        "place": "quarter",
        "status": "official",
        "confidence": "high",
        "source_url": "https://www.openstreetmap.org/node/13995039440",
        "source_license": "ODbL (OpenStreetMap contributors)",
        "retrieved_at": "2026-08-23T10:14:09Z"
      }
    },
    {
      "type": "Feature",
      "geometry": {
        "type": "Point",
        "coordinates": [
          90.49708,
          23.70557
        ]
      },
      "properties": {
        "id": "osm-node-13995039441",
        "name": "Box Nagar",
        "name_bn": "বক্স নগর",
        "level": "place",
        "place": "quarter",
        "status": "official",
        "confidence": "high",
        "source_url": "https://www.openstreetmap.org/node/13995039441",
        "source_license": "ODbL (OpenStreetMap contributors)",
        "retrieved_at": "2026-08-23T10:14:09Z"
      }
    },
    {
      "type": "Feature",
      "geometry": {
        "type": "Point",
        "coordinates": [
          90.41813,
          23.7424
        ]
      },
      "properties": {
        "id": "osm-node-13995383893",
        "name": "Momenbagh",
        "name_bn": "মোমেনবাগ",
        "level": "place",
        "place": "neighbourhood",
        "status": "official",
        "confidence": "high",
        "source_url": "https://www.openstreetmap.org/node/13995383893",
        "source_license": "ODbL (OpenStreetMap contributors)",
        "retrieved_at": "2026-08-23T10:14:09Z"
      }
    },
    {
      "type": "Feature",
      "geometry": {
        "type": "Point",
        "coordinates": [
          90.42136,
          23.76739
        ]
      },
      "properties": {
        "id": "osm-node-13995445429",
        "name": "Daspara",
        "name_bn": "দাসপাড়া",
        "level": "place",
        "place": "neighbourhood",
        "status": "official",
        "confidence": "high",
        "source_url": "https://www.openstreetmap.org/node/13995445429",
        "source_license": "ODbL (OpenStreetMap contributors)",
        "retrieved_at": "2026-08-23T10:14:09Z"
      }
    },
    {
      "type": "Feature",
      "geometry": {
        "type": "Point",
        "coordinates": [
          90.41334,
          23.76329
        ]
      },
      "properties": {
        "id": "osm-node-13995466389",
        "name": "Bagichartek",
        "name_bn": "বাগিচারটেক",
        "level": "place",
        "place": "neighbourhood",
        "status": "official",
        "confidence": "high",
        "source_url": "https://www.openstreetmap.org/node/13995466389",
        "source_license": "ODbL (OpenStreetMap contributors)",
        "retrieved_at": "2026-08-23T10:14:09Z"
      }
    },
    {
      "type": "Feature",
      "geometry": {
        "type": "Point",
        "coordinates": [
          90.41211,
          23.75047
        ]
      },
      "properties": {
        "id": "osm-node-13995518001",
        "name": "Banganbari",
        "name_bn": "বাগানবাড়ী",
        "level": "place",
        "place": "quarter",
        "status": "official",
        "confidence": "high",
        "source_url": "https://www.openstreetmap.org/node/13995518001",
        "source_license": "ODbL (OpenStreetMap contributors)",
        "retrieved_at": "2026-08-23T10:14:09Z"
      }
    },
    {
      "type": "Feature",
      "geometry": {
        "type": "Point",
        "coordinates": [
          90.41076,
          23.75115
        ]
      },
      "properties": {
        "id": "osm-node-13995518002",
        "name": "Sonalibagh",
        "name_bn": "সোনালীবাগ",
        "level": "place",
        "place": "neighbourhood",
        "status": "official",
        "confidence": "high",
        "source_url": "https://www.openstreetmap.org/node/13995518002",
        "source_license": "ODbL (OpenStreetMap contributors)",
        "retrieved_at": "2026-08-23T10:14:09Z"
      }
    },
    {
      "type": "Feature",
      "geometry": {
        "type": "Point",
        "coordinates": [
          90.41155,
          23.74738
        ]
      },
      "properties": {
        "id": "osm-node-13995518003",
        "name": "West Malibagh",
        "name_bn": "পশ্চিম মালিবাগ",
        "level": "place",
        "place": "quarter",
        "status": "official",
        "confidence": "high",
        "source_url": "https://www.openstreetmap.org/node/13995518003",
        "source_license": "ODbL (OpenStreetMap contributors)",
        "retrieved_at": "2026-08-23T10:14:09Z"
      }
    },
    {
      "type": "Feature",
      "geometry": {
        "type": "Point",
        "coordinates": [
          90.42336,
          23.72292
        ]
      },
      "properties": {
        "id": "osm-node-13995544733",
        "name": "Bank Colony",
        "name_bn": "ব্যাংক কলোনী",
        "level": "place",
        "place": "neighbourhood",
        "status": "official",
        "confidence": "high",
        "source_url": "https://www.openstreetmap.org/node/13995544733",
        "source_license": "ODbL (OpenStreetMap contributors)",
        "retrieved_at": "2026-08-23T10:14:09Z"
      }
    },
    {
      "type": "Feature",
      "geometry": {
        "type": "Point",
        "coordinates": [
          90.43998,
          23.70592
        ]
      },
      "properties": {
        "id": "osm-node-13997357176",
        "name": "South Kutubkhali",
        "name_bn": "দক্ষিণ কুতুবখালী",
        "level": "place",
        "place": "quarter",
        "status": "official",
        "confidence": "high",
        "source_url": "https://www.openstreetmap.org/node/13997357176",
        "source_license": "ODbL (OpenStreetMap contributors)",
        "retrieved_at": "2026-08-23T10:14:09Z"
      }
    },
    {
      "type": "Feature",
      "geometry": {
        "type": "Point",
        "coordinates": [
          90.43929,
          23.69566
        ]
      },
      "properties": {
        "id": "osm-node-13997357177",
        "name": "Muradpur",
        "name_bn": "মুরাদপুর",
        "level": "place",
        "place": "quarter",
        "status": "official",
        "confidence": "high",
        "source_url": "https://www.openstreetmap.org/node/13997357177",
        "source_license": "ODbL (OpenStreetMap contributors)",
        "retrieved_at": "2026-08-23T10:14:09Z"
      }
    },
    {
      "type": "Feature",
      "geometry": {
        "type": "Point",
        "coordinates": [
          90.44571,
          23.70218
        ]
      },
      "properties": {
        "id": "osm-node-13997371090",
        "name": "Daspara",
        "name_bn": "দাসপাড়া",
        "level": "place",
        "place": "neighbourhood",
        "status": "official",
        "confidence": "high",
        "source_url": "https://www.openstreetmap.org/node/13997371090",
        "source_license": "ODbL (OpenStreetMap contributors)",
        "retrieved_at": "2026-08-23T10:14:09Z"
      }
    },
    {
      "type": "Feature",
      "geometry": {
        "type": "Point",
        "coordinates": [
          90.45171,
          23.69211
        ]
      },
      "properties": {
        "id": "osm-node-13997395267",
        "name": "Smritidhara",
        "name_bn": "স্মৃতিধারা",
        "level": "place",
        "place": "suburb",
        "status": "official",
        "confidence": "high",
        "source_url": "https://www.openstreetmap.org/node/13997395267",
        "source_license": "ODbL (OpenStreetMap contributors)",
        "retrieved_at": "2026-08-23T10:14:09Z"
      }
    },
    {
      "type": "Feature",
      "geometry": {
        "type": "Point",
        "coordinates": [
          90.41834,
          23.70183
        ]
      },
      "properties": {
        "id": "osm-node-13998044871",
        "name": "Malakartola",
        "name_bn": "মালাকারটোলা",
        "level": "place",
        "place": "neighbourhood",
        "status": "official",
        "confidence": "high",
        "source_url": "https://www.openstreetmap.org/node/13998044871",
        "source_license": "ODbL (OpenStreetMap contributors)",
        "retrieved_at": "2026-08-23T10:14:09Z"
      }
    },
    {
      "type": "Feature",
      "geometry": {
        "type": "Point",
        "coordinates": [
          90.34285,
          23.76613
        ]
      },
      "properties": {
        "id": "osm-node-14004600188",
        "name": "Turag Housing",
        "name_bn": "তুরাগ হাউজিং",
        "level": "place",
        "place": "quarter",
        "status": "official",
        "confidence": "high",
        "source_url": "https://www.openstreetmap.org/node/14004600188",
        "source_license": "ODbL (OpenStreetMap contributors)",
        "retrieved_at": "2026-08-23T10:14:09Z"
      }
    },
    {
      "type": "Feature",
      "geometry": {
        "type": "Point",
        "coordinates": [
          90.3444,
          23.76621
        ]
      },
      "properties": {
        "id": "osm-node-14004600199",
        "name": "Ekota Housing",
        "name_bn": "একতা হাউজিং",
        "level": "place",
        "place": "neighbourhood",
        "status": "official",
        "confidence": "high",
        "source_url": "https://www.openstreetmap.org/node/14004600199",
        "source_license": "ODbL (OpenStreetMap contributors)",
        "retrieved_at": "2026-08-23T10:14:09Z"
      }
    },
    {
      "type": "Feature",
      "geometry": {
        "type": "Point",
        "coordinates": [
          90.34692,
          23.76858
        ]
      },
      "properties": {
        "id": "osm-node-14004600200",
        "name": "Provati Housing",
        "name_bn": "প্রভাতি হাউজিং",
        "level": "place",
        "place": "neighbourhood",
        "status": "official",
        "confidence": "high",
        "source_url": "https://www.openstreetmap.org/node/14004600200",
        "source_license": "ODbL (OpenStreetMap contributors)",
        "retrieved_at": "2026-08-23T10:14:09Z"
      }
    },
    {
      "type": "Feature",
      "geometry": {
        "type": "Point",
        "coordinates": [
          90.33456,
          23.75492
        ]
      },
      "properties": {
        "id": "osm-node-14004608401",
        "name": "Green City",
        "name_bn": "গ্রীন সিটি",
        "level": "place",
        "place": "neighbourhood",
        "status": "official",
        "confidence": "high",
        "source_url": "https://www.openstreetmap.org/node/14004608401",
        "source_license": "ODbL (OpenStreetMap contributors)",
        "retrieved_at": "2026-08-23T10:14:09Z"
      }
    },
    {
      "type": "Feature",
      "geometry": {
        "type": "Point",
        "coordinates": [
          90.36822,
          23.74617
        ]
      },
      "properties": {
        "id": "osm-node-14004610608",
        "name": "Modhubazar",
        "name_bn": "মধুবাজার",
        "level": "place",
        "place": "quarter",
        "status": "official",
        "confidence": "high",
        "source_url": "https://www.openstreetmap.org/node/14004610608",
        "source_license": "ODbL (OpenStreetMap contributors)",
        "retrieved_at": "2026-08-23T10:14:09Z"
      }
    },
    {
      "type": "Feature",
      "geometry": {
        "type": "Point",
        "coordinates": [
          90.36282,
          23.74312
        ]
      },
      "properties": {
        "id": "osm-node-14004634503",
        "name": "Sultanganj",
        "name_bn": "সুলতানগঞ্জ",
        "level": "place",
        "place": "quarter",
        "status": "official",
        "confidence": "high",
        "source_url": "https://www.openstreetmap.org/node/14004634503",
        "source_license": "ODbL (OpenStreetMap contributors)",
        "retrieved_at": "2026-08-23T10:14:09Z"
      }
    },
    {
      "type": "Feature",
      "geometry": {
        "type": "Point",
        "coordinates": [
          90.36187,
          23.74058
        ]
      },
      "properties": {
        "id": "osm-node-14004634504",
        "name": "Chorokghata",
        "name_bn": "চরকঘাটা",
        "level": "place",
        "place": "quarter",
        "status": "official",
        "confidence": "high",
        "source_url": "https://www.openstreetmap.org/node/14004634504",
        "source_license": "ODbL (OpenStreetMap contributors)",
        "retrieved_at": "2026-08-23T10:14:09Z"
      }
    },
    {
      "type": "Feature",
      "geometry": {
        "type": "Point",
        "coordinates": [
          90.35517,
          23.74272
        ]
      },
      "properties": {
        "id": "osm-node-14004650385",
        "name": "Boroikhali",
        "name_bn": "বরইখালী",
        "level": "place",
        "place": "quarter",
        "status": "official",
        "confidence": "high",
        "source_url": "https://www.openstreetmap.org/node/14004650385",
        "source_license": "ODbL (OpenStreetMap contributors)",
        "retrieved_at": "2026-08-23T10:14:09Z"
      }
    },
    {
      "type": "Feature",
      "geometry": {
        "type": "Point",
        "coordinates": [
          90.35396,
          23.74465
        ]
      },
      "properties": {
        "id": "osm-node-14004650386",
        "name": "Metro Housing",
        "name_bn": "মেট্রো হাউজিং",
        "level": "place",
        "place": "quarter",
        "status": "official",
        "confidence": "high",
        "source_url": "https://www.openstreetmap.org/node/14004650386",
        "source_license": "ODbL (OpenStreetMap contributors)",
        "retrieved_at": "2026-08-23T10:14:09Z"
      }
    },
    {
      "type": "Feature",
      "geometry": {
        "type": "Point",
        "coordinates": [
          90.34758,
          23.74385
        ]
      },
      "properties": {
        "id": "osm-node-14004650387",
        "name": "Washpur",
        "name_bn": "ওয়াশপুর",
        "level": "place",
        "place": "quarter",
        "status": "official",
        "confidence": "high",
        "source_url": "https://www.openstreetmap.org/node/14004650387",
        "source_license": "ODbL (OpenStreetMap contributors)",
        "retrieved_at": "2026-08-23T10:14:09Z"
      }
    },
    {
      "type": "Feature",
      "geometry": {
        "type": "Point",
        "coordinates": [
          90.34922,
          23.74821
        ]
      },
      "properties": {
        "id": "osm-node-14004650388",
        "name": "Bosila City",
        "name_bn": "বসিলা সিটি",
        "level": "place",
        "place": "quarter",
        "status": "official",
        "confidence": "high",
        "source_url": "https://www.openstreetmap.org/node/14004650388",
        "source_license": "ODbL (OpenStreetMap contributors)",
        "retrieved_at": "2026-08-23T10:14:09Z"
      }
    },
    {
      "type": "Feature",
      "geometry": {
        "type": "Point",
        "coordinates": [
          90.34671,
          23.74924
        ]
      },
      "properties": {
        "id": "osm-node-14004650389",
        "name": "Bosila Model Town",
        "name_bn": "বসিলা মডেল টাউন",
        "level": "place",
        "place": "quarter",
        "status": "official",
        "confidence": "high",
        "source_url": "https://www.openstreetmap.org/node/14004650389",
        "source_license": "ODbL (OpenStreetMap contributors)",
        "retrieved_at": "2026-08-23T10:14:09Z"
      }
    },
    {
      "type": "Feature",
      "geometry": {
        "type": "Point",
        "coordinates": [
          90.35672,
          23.7576
        ]
      },
      "properties": {
        "id": "osm-node-14004718044",
        "name": "Swapnoneer Housing",
        "name_bn": "স্বপ্ননীড় হাউজিং",
        "level": "place",
        "place": "neighbourhood",
        "status": "official",
        "confidence": "high",
        "source_url": "https://www.openstreetmap.org/node/14004718044",
        "source_license": "ODbL (OpenStreetMap contributors)",
        "retrieved_at": "2026-08-23T10:14:09Z"
      }
    },
    {
      "type": "Feature",
      "geometry": {
        "type": "Point",
        "coordinates": [
          90.35052,
          23.74403
        ]
      },
      "properties": {
        "id": "osm-node-14004721487",
        "name": "Bosila West Dhanmondi",
        "name_bn": "বসিলা পশ্চিম ধানমন্ডি",
        "level": "place",
        "place": "quarter",
        "status": "official",
        "confidence": "high",
        "source_url": "https://www.openstreetmap.org/node/14004721487",
        "source_license": "ODbL (OpenStreetMap contributors)",
        "retrieved_at": "2026-08-23T10:14:09Z"
      }
    },
    {
      "type": "Feature",
      "geometry": {
        "type": "Point",
        "coordinates": [
          90.35759,
          23.75522
        ]
      },
      "properties": {
        "id": "osm-node-14004776558",
        "name": "Green View Housing",
        "name_bn": "গ্রীন ভিউ হাউজিং",
        "level": "place",
        "place": "neighbourhood",
        "status": "official",
        "confidence": "high",
        "source_url": "https://www.openstreetmap.org/node/14004776558",
        "source_license": "ODbL (OpenStreetMap contributors)",
        "retrieved_at": "2026-08-23T10:14:09Z"
      }
    },
    {
      "type": "Feature",
      "geometry": {
        "type": "Point",
        "coordinates": [
          90.34967,
          23.76633
        ]
      },
      "properties": {
        "id": "osm-node-14004809812",
        "name": "Shyamoli Housing",
        "name_bn": "শ্যামলী হাউজিং",
        "level": "place",
        "place": "quarter",
        "status": "official",
        "confidence": "high",
        "source_url": "https://www.openstreetmap.org/node/14004809812",
        "source_license": "ODbL (OpenStreetMap contributors)",
        "retrieved_at": "2026-08-23T10:14:09Z"
      }
    },
    {
      "type": "Feature",
      "geometry": {
        "type": "Point",
        "coordinates": [
          90.34682,
          23.77184
        ]
      },
      "properties": {
        "id": "osm-node-14004819269",
        "name": "Sunibir Housing",
        "name_bn": "সুনিবিড় হাউজিং",
        "level": "place",
        "place": "quarter",
        "status": "official",
        "confidence": "high",
        "source_url": "https://www.openstreetmap.org/node/14004819269",
        "source_license": "ODbL (OpenStreetMap contributors)",
        "retrieved_at": "2026-08-23T10:14:09Z"
      }
    },
    {
      "type": "Feature",
      "geometry": {
        "type": "Point",
        "coordinates": [
          90.30227,
          23.78607
        ]
      },
      "properties": {
        "id": "osm-node-14004828616",
        "name": "Modhumoti Model Town",
        "name_bn": "মধুমতি মডেল টাউন",
        "level": "place",
        "place": "suburb",
        "status": "official",
        "confidence": "high",
        "source_url": "https://www.openstreetmap.org/node/14004828616",
        "source_license": "ODbL (OpenStreetMap contributors)",
        "retrieved_at": "2026-08-23T10:14:09Z"
      }
    },
    {
      "type": "Feature",
      "geometry": {
        "type": "Point",
        "coordinates": [
          90.42986,
          23.88926
        ]
      },
      "properties": {
        "id": "osm-node-14006461006",
        "name": "Munda",
        "name_bn": "মুন্ডা",
        "level": "place",
        "place": "quarter",
        "status": "official",
        "confidence": "high",
        "source_url": "https://www.openstreetmap.org/node/14006461006",
        "source_license": "ODbL (OpenStreetMap contributors)",
        "retrieved_at": "2026-08-23T10:14:09Z"
      }
    },
    {
      "type": "Feature",
      "geometry": {
        "type": "Point",
        "coordinates": [
          90.42792,
          23.87934
        ]
      },
      "properties": {
        "id": "osm-node-14006490354",
        "name": "Masterpara",
        "name_bn": "মাস্টারপাড়া",
        "level": "place",
        "place": "quarter",
        "status": "official",
        "confidence": "high",
        "source_url": "https://www.openstreetmap.org/node/14006490354",
        "source_license": "ODbL (OpenStreetMap contributors)",
        "retrieved_at": "2026-08-23T10:14:09Z"
      }
    },
    {
      "type": "Feature",
      "geometry": {
        "type": "Point",
        "coordinates": [
          90.36268,
          23.72226
        ]
      },
      "properties": {
        "id": "osm-node-14015538980",
        "name": "Noyagaon",
        "name_bn": "নয়াগাঁও",
        "level": "place",
        "place": "quarter",
        "status": "official",
        "confidence": "high",
        "source_url": "https://www.openstreetmap.org/node/14015538980",
        "source_license": "ODbL (OpenStreetMap contributors)",
        "retrieved_at": "2026-08-23T10:14:09Z"
      }
    },
    {
      "type": "Feature",
      "geometry": {
        "type": "Point",
        "coordinates": [
          90.36745,
          23.71726
        ]
      },
      "properties": {
        "id": "osm-node-14015556373",
        "name": "Tekerhati",
        "name_bn": "টেকেরহাটি",
        "level": "place",
        "place": "quarter",
        "status": "official",
        "confidence": "high",
        "source_url": "https://www.openstreetmap.org/node/14015556373",
        "source_license": "ODbL (OpenStreetMap contributors)",
        "retrieved_at": "2026-08-23T10:14:09Z"
      }
    },
    {
      "type": "Feature",
      "geometry": {
        "type": "Point",
        "coordinates": [
          90.36944,
          23.71884
        ]
      },
      "properties": {
        "id": "osm-node-14015556374",
        "name": "Aminbagh",
        "name_bn": "আমিনবাগ",
        "level": "place",
        "place": "quarter",
        "status": "official",
        "confidence": "high",
        "source_url": "https://www.openstreetmap.org/node/14015556374",
        "source_license": "ODbL (OpenStreetMap contributors)",
        "retrieved_at": "2026-08-23T10:14:09Z"
      }
    },
    {
      "type": "Feature",
      "geometry": {
        "type": "Point",
        "coordinates": [
          90.38501,
          23.79362
        ]
      },
      "properties": {
        "id": "osm-node-14029007949",
        "name": "South Ibrahimpur",
        "name_bn": "দক্ষিণ ইব্রাহিমপুর",
        "level": "place",
        "place": "quarter",
        "status": "official",
        "confidence": "high",
        "source_url": "https://www.openstreetmap.org/node/14029007949",
        "source_license": "ODbL (OpenStreetMap contributors)",
        "retrieved_at": "2026-08-23T10:14:09Z"
      }
    },
    {
      "type": "Feature",
      "geometry": {
        "type": "Point",
        "coordinates": [
          90.38324,
          23.79742
        ]
      },
      "properties": {
        "id": "osm-node-14029015748",
        "name": "North Ibrahimpur",
        "name_bn": "উত্তর ইব্রাহিমপুর",
        "level": "place",
        "place": "quarter",
        "status": "official",
        "confidence": "high",
        "source_url": "https://www.openstreetmap.org/node/14029015748",
        "source_license": "ODbL (OpenStreetMap contributors)",
        "retrieved_at": "2026-08-23T10:14:09Z"
      }
    },
    {
      "type": "Feature",
      "geometry": {
        "type": "Point",
        "coordinates": [
          90.35629,
          23.78659
        ]
      },
      "properties": {
        "id": "osm-node-14029029935",
        "name": "Road Research Lab",
        "name_bn": "সড়ক গবেষণাগার",
        "level": "place",
        "place": "quarter",
        "status": "official",
        "confidence": "high",
        "source_url": "https://www.openstreetmap.org/node/14029029935",
        "source_license": "ODbL (OpenStreetMap contributors)",
        "retrieved_at": "2026-08-23T10:14:09Z"
      }
    },
    {
      "type": "Feature",
      "geometry": {
        "type": "Point",
        "coordinates": [
          90.34894,
          23.77411
        ]
      },
      "properties": {
        "id": "osm-node-14029063935",
        "name": "Comfort Housing",
        "name_bn": "কমফোর্ট হাউজিং",
        "level": "place",
        "place": "neighbourhood",
        "status": "official",
        "confidence": "high",
        "source_url": "https://www.openstreetmap.org/node/14029063935",
        "source_license": "ODbL (OpenStreetMap contributors)",
        "retrieved_at": "2026-08-23T10:14:09Z"
      }
    },
    {
      "type": "Feature",
      "geometry": {
        "type": "Point",
        "coordinates": [
          90.43701,
          23.68817
        ]
      },
      "properties": {
        "id": "osm-node-14031638301",
        "name": "Alambagh",
        "name_bn": "আলমবাগ",
        "level": "place",
        "place": "quarter",
        "status": "official",
        "confidence": "high",
        "source_url": "https://www.openstreetmap.org/node/14031638301",
        "source_license": "ODbL (OpenStreetMap contributors)",
        "retrieved_at": "2026-08-23T10:14:09Z"
      }
    },
    {
      "type": "Feature",
      "geometry": {
        "type": "Point",
        "coordinates": [
          90.45783,
          23.70099
        ]
      },
      "properties": {
        "id": "osm-node-14031647047",
        "name": "Rashidbagh",
        "name_bn": "রশিদবাগ",
        "level": "place",
        "place": "neighbourhood",
        "status": "official",
        "confidence": "high",
        "source_url": "https://www.openstreetmap.org/node/14031647047",
        "source_license": "ODbL (OpenStreetMap contributors)",
        "retrieved_at": "2026-08-23T10:14:09Z"
      }
    },
    {
      "type": "Feature",
      "geometry": {
        "type": "Point",
        "coordinates": [
          90.46334,
          23.69921
        ]
      },
      "properties": {
        "id": "osm-node-14031656284",
        "name": "Islamnagar",
        "name_bn": "ইসলামনগর",
        "level": "place",
        "place": "quarter",
        "status": "official",
        "confidence": "high",
        "source_url": "https://www.openstreetmap.org/node/14031656284",
        "source_license": "ODbL (OpenStreetMap contributors)",
        "retrieved_at": "2026-08-23T10:14:09Z"
      }
    },
    {
      "type": "Feature",
      "geometry": {
        "type": "Point",
        "coordinates": [
          90.47078,
          23.69801
        ]
      },
      "properties": {
        "id": "osm-node-14031656285",
        "name": "Muslimnagar",
        "name_bn": "মুসলিমনগর",
        "level": "place",
        "place": "quarter",
        "status": "official",
        "confidence": "high",
        "source_url": "https://www.openstreetmap.org/node/14031656285",
        "source_license": "ODbL (OpenStreetMap contributors)",
        "retrieved_at": "2026-08-23T10:14:09Z"
      }
    },
    {
      "type": "Feature",
      "geometry": {
        "type": "Point",
        "coordinates": [
          90.49198,
          23.68943
        ]
      },
      "properties": {
        "id": "osm-node-14031658516",
        "name": "Mijmiji",
        "name_bn": "মিজমিজি",
        "level": "place",
        "place": "suburb",
        "status": "official",
        "confidence": "high",
        "source_url": "https://www.openstreetmap.org/node/14031658516",
        "source_license": "ODbL (OpenStreetMap contributors)",
        "retrieved_at": "2026-08-23T10:14:09Z"
      }
    },
    {
      "type": "Feature",
      "geometry": {
        "type": "Point",
        "coordinates": [
          90.51746,
          23.69596
        ]
      },
      "properties": {
        "id": "osm-node-14039106311",
        "name": "Ati",
        "name_bn": "আটি",
        "level": "place",
        "place": "quarter",
        "status": "official",
        "confidence": "high",
        "source_url": "https://www.openstreetmap.org/node/14039106311",
        "source_license": "ODbL (OpenStreetMap contributors)",
        "retrieved_at": "2026-08-23T10:14:09Z"
      }
    },
    {
      "type": "Feature",
      "geometry": {
        "type": "Point",
        "coordinates": [
          90.45274,
          23.75924
        ]
      },
      "properties": {
        "id": "osm-node-14039147986",
        "name": "Tekpara",
        "name_bn": "টেকপাড়া",
        "level": "place",
        "place": "quarter",
        "status": "official",
        "confidence": "high",
        "source_url": "https://www.openstreetmap.org/node/14039147986",
        "source_license": "ODbL (OpenStreetMap contributors)",
        "retrieved_at": "2026-08-23T10:14:09Z"
      }
    },
    {
      "type": "Feature",
      "geometry": {
        "type": "Point",
        "coordinates": [
          90.42367,
          23.68634
        ]
      },
      "properties": {
        "id": "osm-node-14039277505",
        "name": "Mokampara",
        "name_bn": "মোকামপাড়া",
        "level": "place",
        "place": "neighbourhood",
        "status": "official",
        "confidence": "high",
        "source_url": "https://www.openstreetmap.org/node/14039277505",
        "source_license": "ODbL (OpenStreetMap contributors)",
        "retrieved_at": "2026-08-23T10:14:09Z"
      }
    },
    {
      "type": "Feature",
      "geometry": {
        "type": "Point",
        "coordinates": [
          90.41335,
          23.68505
        ]
      },
      "properties": {
        "id": "osm-node-14039277506",
        "name": "Tilabari",
        "name_bn": "টিলাবাড়ী",
        "level": "place",
        "place": "quarter",
        "status": "official",
        "confidence": "high",
        "source_url": "https://www.openstreetmap.org/node/14039277506",
        "source_license": "ODbL (OpenStreetMap contributors)",
        "retrieved_at": "2026-08-23T10:14:09Z"
      }
    },
    {
      "type": "Feature",
      "geometry": {
        "type": "Point",
        "coordinates": [
          90.47019,
          23.7601
        ]
      },
      "properties": {
        "id": "osm-node-14039377463",
        "name": "Gouranagar",
        "name_bn": "গৌড়নগর",
        "level": "place",
        "place": "village",
        "status": "official",
        "confidence": "high",
        "source_url": "https://www.openstreetmap.org/node/14039377463",
        "source_license": "ODbL (OpenStreetMap contributors)",
        "retrieved_at": "2026-08-23T10:14:09Z"
      }
    },
    {
      "type": "Feature",
      "geometry": {
        "type": "Point",
        "coordinates": [
          90.42339,
          23.7552
        ]
      },
      "properties": {
        "id": "osm-node-14039389453",
        "name": "Notunbagh",
        "name_bn": "নতুনবাগ",
        "level": "place",
        "place": "neighbourhood",
        "status": "official",
        "confidence": "high",
        "source_url": "https://www.openstreetmap.org/node/14039389453",
        "source_license": "ODbL (OpenStreetMap contributors)",
        "retrieved_at": "2026-08-23T10:14:09Z"
      }
    },
    {
      "type": "Feature",
      "geometry": {
        "type": "Point",
        "coordinates": [
          90.4397,
          23.75729
        ]
      },
      "properties": {
        "id": "osm-node-14039389454",
        "name": "Noyapara",
        "name_bn": "নয়াপাড়া",
        "level": "place",
        "place": "quarter",
        "status": "official",
        "confidence": "high",
        "source_url": "https://www.openstreetmap.org/node/14039389454",
        "source_license": "ODbL (OpenStreetMap contributors)",
        "retrieved_at": "2026-08-23T10:14:09Z"
      }
    },
    {
      "type": "Feature",
      "geometry": {
        "type": "Point",
        "coordinates": [
          90.52383,
          23.79687
        ]
      },
      "properties": {
        "id": "osm-node-14039594623",
        "name": "Nobogram",
        "name_bn": "নবগ্রাম",
        "level": "place",
        "place": "suburb",
        "status": "official",
        "confidence": "high",
        "source_url": "https://www.openstreetmap.org/node/14039594623",
        "source_license": "ODbL (OpenStreetMap contributors)",
        "retrieved_at": "2026-08-23T10:14:09Z"
      }
    },
    {
      "type": "Feature",
      "geometry": {
        "type": "Point",
        "coordinates": [
          90.52247,
          23.80624
        ]
      },
      "properties": {
        "id": "osm-node-14039862959",
        "name": "Mushurigram",
        "name_bn": "মুশুরিগ্রাম",
        "level": "place",
        "place": "village",
        "status": "official",
        "confidence": "high",
        "source_url": "https://www.openstreetmap.org/node/14039862959",
        "source_license": "ODbL (OpenStreetMap contributors)",
        "retrieved_at": "2026-08-23T10:14:09Z"
      }
    },
    {
      "type": "Feature",
      "geometry": {
        "type": "Point",
        "coordinates": [
          90.53669,
          23.8291
        ]
      },
      "properties": {
        "id": "osm-node-14039862960",
        "name": "Modhukhali",
        "name_bn": "মধুখালী",
        "level": "place",
        "place": "village",
        "status": "official",
        "confidence": "high",
        "source_url": "https://www.openstreetmap.org/node/14039862960",
        "source_license": "ODbL (OpenStreetMap contributors)",
        "retrieved_at": "2026-08-23T10:14:09Z"
      }
    },
    {
      "type": "Feature",
      "geometry": {
        "type": "Point",
        "coordinates": [
          90.54989,
          23.82793
        ]
      },
      "properties": {
        "id": "osm-node-14039862961",
        "name": "Pitalganj",
        "name_bn": "পিতলগঞ্জ",
        "level": "place",
        "place": "village",
        "status": "official",
        "confidence": "high",
        "source_url": "https://www.openstreetmap.org/node/14039862961",
        "source_license": "ODbL (OpenStreetMap contributors)",
        "retrieved_at": "2026-08-23T10:14:09Z"
      }
    },
    {
      "type": "Feature",
      "geometry": {
        "type": "Point",
        "coordinates": [
          90.52333,
          23.8256
        ]
      },
      "properties": {
        "id": "osm-node-14039862962",
        "name": "Agarpara",
        "name_bn": "আগরপাড়া",
        "level": "place",
        "place": "village",
        "status": "official",
        "confidence": "high",
        "source_url": "https://www.openstreetmap.org/node/14039862962",
        "source_license": "ODbL (OpenStreetMap contributors)",
        "retrieved_at": "2026-08-23T10:14:09Z"
      }
    },
    {
      "type": "Feature",
      "geometry": {
        "type": "Point",
        "coordinates": [
          90.53132,
          23.80997
        ]
      },
      "properties": {
        "id": "osm-node-14039862963",
        "name": "Bhingrab",
        "name_bn": "ভিংরাব",
        "level": "place",
        "place": "village",
        "status": "official",
        "confidence": "high",
        "source_url": "https://www.openstreetmap.org/node/14039862963",
        "source_license": "ODbL (OpenStreetMap contributors)",
        "retrieved_at": "2026-08-23T10:14:09Z"
      }
    },
    {
      "type": "Feature",
      "geometry": {
        "type": "Point",
        "coordinates": [
          90.53996,
          23.84539
        ]
      },
      "properties": {
        "id": "osm-node-14040702116",
        "name": "Bhramankandi",
        "name_bn": "ব্রাহ্মণকান্দি",
        "level": "place",
        "place": "quarter",
        "status": "official",
        "confidence": "high",
        "source_url": "https://www.openstreetmap.org/node/14040702116",
        "source_license": "ODbL (OpenStreetMap contributors)",
        "retrieved_at": "2026-08-23T10:14:09Z"
      }
    },
    {
      "type": "Feature",
      "geometry": {
        "type": "Point",
        "coordinates": [
          90.45506,
          23.89173
        ]
      },
      "properties": {
        "id": "osm-node-14040702742",
        "name": "Noyakhola",
        "name_bn": "নয়াখোলা",
        "level": "place",
        "place": "quarter",
        "status": "official",
        "confidence": "high",
        "source_url": "https://www.openstreetmap.org/node/14040702742",
        "source_license": "ODbL (OpenStreetMap contributors)",
        "retrieved_at": "2026-08-23T10:14:09Z"
      }
    },
    {
      "type": "Feature",
      "geometry": {
        "type": "Point",
        "coordinates": [
          90.46274,
          23.86622
        ]
      },
      "properties": {
        "id": "osm-node-14040712342",
        "name": "Polashia",
        "name_bn": "পলাশিয়া",
        "level": "place",
        "place": "neighbourhood",
        "status": "official",
        "confidence": "high",
        "source_url": "https://www.openstreetmap.org/node/14040712342",
        "source_license": "ODbL (OpenStreetMap contributors)",
        "retrieved_at": "2026-08-23T10:14:09Z"
      }
    },
    {
      "type": "Feature",
      "geometry": {
        "type": "Point",
        "coordinates": [
          90.45026,
          23.87219
        ]
      },
      "properties": {
        "id": "osm-node-14040725622",
        "name": "Chamurkhan",
        "name_bn": "চামুরখান",
        "level": "place",
        "place": "quarter",
        "status": "official",
        "confidence": "high",
        "source_url": "https://www.openstreetmap.org/node/14040725622",
        "source_license": "ODbL (OpenStreetMap contributors)",
        "retrieved_at": "2026-08-23T10:14:09Z"
      }
    },
    {
      "type": "Feature",
      "geometry": {
        "type": "Point",
        "coordinates": [
          90.44573,
          23.87636
        ]
      },
      "properties": {
        "id": "osm-node-14040725623",
        "name": "Gobindapur",
        "name_bn": "গোবিন্দপুর",
        "level": "place",
        "place": "quarter",
        "status": "official",
        "confidence": "high",
        "source_url": "https://www.openstreetmap.org/node/14040725623",
        "source_license": "ODbL (OpenStreetMap contributors)",
        "retrieved_at": "2026-08-23T10:14:09Z"
      }
    }
  ],
  "generated_at": "2026-08-23T10:14:09Z"
}
