{
  "type": "FeatureCollection",
  "generated_at": "2026-08-23T10:18:27Z",
  "note": "EVERY polygon here is an estimate. No Bangladeshi electricity distributor publishes service-territory GIS data. Dhaka's DESCO/DPDC line is a Voronoi construction from each utility's own published zone names; everything outside Dhaka is an administrative division standing in for a service area, which ignores the urban/rural BREB split.",
  "features": [
    {
      "type": "Feature",
      "geometry": {
        "type": "MultiPolygon",
        "coordinates": [
          [
            [
              [
                90.37162859375313,
                23.780439170940465
              ],
              [
                90.37002025518295,
                23.786271133271956
              ],
              [
                90.36114350050681,
                23.777673557509534
              ],
              [
                90.33807790361668,
                23.779259001345785
              ],
              [
                90.3356074,
                23.7830236
              ],
              [
                90.3358645,
                23.7842091
              ],
              [
                90.3383982,
                23.7864592
              ],
              [
                90.3387306,
                23.7888492
              ],
              [
                90.339794,
                23.7906231
              ],
              [
                90.3401389,
                23.79508
              ],
              [
                90.3396051,
                23.7976282
              ],
              [
                90.3419166,
                23.798504
              ],
              [
                90.3433977,
                23.8012933
              ],
              [
                90.3428176,
                23.8051095
              ],
              [
                90.3400738,
                23.8084043
              ],
              [
                90.3396235,
                23.8112294
              ],
              [
                90.3411387,
                23.8172594
              ],
              [
                90.3403531,
                23.8184425
              ],
              [
                90.3370913,
                23.8187565
              ],
              [
                90.3364054,
                23.8204437
              ],
              [
                90.3395808,
                23.824094
              ],
              [
                90.3443165,
                23.828113
              ],
              [
                90.3428142,
                23.8277796
              ],
              [
                90.3431148,
                23.8288462
              ],
              [
                90.3421181,
                23.8274417
              ],
              [
                90.3407128,
                23.827981
              ],
              [
                90.3398379,
                23.8294739
              ],
              [
                90.3379925,
                23.8300236
              ],
              [
                90.3373812,
                23.8309077
              ],
              [
                90.3375049,
                23.8323178
              ],
              [
                90.3389532,
                23.8341681
              ],
              [
                90.3380863,
                23.8376513
              ],
              [
                90.3416411,
                23.8413676
              ],
              [
                90.3414264,
                23.8423101
              ],
              [
                90.3373088,
                23.8461457
              ],
              [
                90.3372417,
                23.8468768
              ],
              [
                90.3394947,
                23.8498848
              ],
              [
                90.3392805,
                23.8515728
              ],
              [
                90.3398382,
                23.8525537
              ],
              [
                90.3433816,
                23.8566127
              ],
              [
                90.3464961,
                23.8590167
              ],
              [
                90.350914,
                23.865763
              ],
              [
                90.350532,
                23.8764086
              ],
              [
                90.3581932,
                23.8822338
              ],
              [
                90.3587422,
                23.883984
              ],
              [
                90.3576013,
                23.8887737
              ],
              [
                90.3599011,
                23.8915528
              ],
              [
                90.3604466,
                23.893118
              ],
              [
                90.3653507,
                23.8943382
              ],
              [
                90.3665753,
                23.894132
              ],
              [
                90.3707642,
                23.8959044
              ],
              [
                90.3736306,
                23.8951761
              ],
              [
                90.3801134,
                23.8991134
              ],
              [
                90.3847764,
                23.8981449
              ],
              [
                90.3888958,
                23.8939769
              ],
              [
                90.3893191,
                23.8922266
              ],
              [
                90.3918469,
                23.8894513
              ],
              [
                90.3926091,
                23.8852413
              ],
              [
                90.3922285,
                23.883597
              ],
              [
                90.3940169,
                23.8805696
              ],
              [
                90.412599,
                23.8830126
              ],
              [
                90.416591,
                23.8858802
              ],
              [
                90.4221348,
                23.8877661
              ],
              [
                90.4261129,
                23.8917994
              ],
              [
                90.4379572,
                23.8998739
              ],
              [
                90.4408056,
                23.8998381
              ],
              [
                90.4458524,
                23.8981569
              ],
              [
                90.4525564,
                23.89498
              ],
              [
                90.4576756,
                23.8947004
              ],
              [
                90.4599114,
                23.8914682
              ],
              [
                90.4596017,
                23.8889465
              ],
              [
                90.4601289,
                23.8871508
              ],
              [
                90.4587155,
                23.8858155
              ],
              [
                90.4588472,
                23.8846961
              ],
              [
                90.460428,
                23.8842779
              ],
              [
                90.46106,
                23.8833915
              ],
              [
                90.4607382,
                23.8814716
              ],
              [
                90.464212,
                23.8745202
              ],
              [
                90.4717866,
                23.8671225
              ],
              [
                90.4716777,
                23.8602796
              ],
              [
                90.4709679,
                23.8578323
              ],
              [
                90.4664156,
                23.8545666
              ],
              [
                90.4651809,
                23.8522245
              ],
              [
                90.4637506,
                23.8474783
              ],
              [
                90.4649019,
                23.844806
              ],
              [
                90.464448,
                23.8445544
              ],
              [
                90.4654598,
                23.8436284
              ],
              [
                90.4661143,
                23.8437854
              ],
              [
                90.4699659,
                23.846906
              ],
              [
                90.4724429,
                23.8469898
              ],
              [
                90.4726696,
                23.8427452
              ],
              [
                90.4770985,
                23.8374937
              ],
              [
                90.4784975,
                23.8342242
              ],
              [
                90.4823988,
                23.8310033
              ],
              [
                90.4852867,
                23.8322864
              ],
              [
                90.4864803,
                23.8319851
              ],
              [
                90.4881592,
                23.8262152
              ],
              [
                90.4866693,
                23.8224443
              ],
              [
                90.4842028,
                23.8097203
              ],
              [
                90.4851938,
                23.8064956
              ],
              [
                90.4821278,
                23.8014429
              ],
              [
                90.4809748,
                23.7945418
              ],
              [
                90.4795669,
                23.7913264
              ],
              [
                90.4743003,
                23.787235
              ],
              [
                90.4719176,
                23.7862053
              ],
              [
                90.4706433,
                23.7846804
              ],
              [
                90.4713324,
                23.781603
              ],
              [
                90.4737102,
                23.7786187
              ],
              [
                90.4774774,
                23.7780903
              ],
              [
                90.4824072,
                23.7722062
              ],
              [
                90.48327,
                23.7703906
              ],
              [
                90.4822629,
                23.7670447
              ],
              [
                90.48278031529716,
                23.764138648294413
              ],
              [
                90.46799012433951,
                23.74840910933505
              ],
              [
                90.45442018216684,
                23.75329246537349
              ],
              [
                90.4284882070403,
                23.779562967990163
              ],
              [
                90.42552133355593,
                23.77803156723806
              ],
              [
                90.41563783634051,
                23.765584432704706
              ],
              [
                90.40693227845138,
                23.764298440699463
              ],
              [
                90.39431112939599,
                23.776848666198887
              ],
              [
                90.38495943923614,
                23.770108385977757
              ],
              [
                90.37162859375313,
                23.780439170940465
              ]
            ]
          ],
          [
            [
              [
                90.39761310647378,
                23.727734969335053
              ],
              [
                90.39295451174843,
                23.727262200043377
              ],
              [
                90.37733626136242,
                23.732488037413773
              ],
              [
                90.3775950565168,
                23.73313841133334
              ],
              [
                90.3922015695243,
                23.736859222729223
              ],
              [
                90.39561949976449,
                23.7336309894788
              ],
              [
                90.39761310647378,
                23.727734969335053
              ]
            ]
          ]
        ]
      },
      "properties": {
        "id": "desco",
        "name": "DESCO",
        "name_bn": "ডেসকো",
        "level": "utility",
        "utility": "DESCO",
        "status": "estimated",
        "confidence": "medium",
        "color_hex": "#0a84ff",
        "source_url": "https://www.openstreetmap.org/relation/13663697",
        "source_license": "ODbL (OpenStreetMap contributors)",
        "retrieved_at": "2026-08-23T10:18:25Z",
        "method": "Constructed: Voronoi partition of DESCO's own 24 S&D division names against DPDC's 35 NOCS zone names, clipped to the Dhaka Metropolitan / Gazipur Sadar administrative area.",
        "seed_zones": [
          "Agargaon",
          "Badda",
          "Banani",
          "Baridhara",
          "Bashundhara",
          "Cantonment",
          "Dakshinkhan",
          "Gulshan",
          "Ibrahimpur",
          "Joarshahara",
          "Kafrul",
          "Kallyanpur",
          "Khilkhet",
          "Mirpur",
          "Mohakhali",
          "Monipur",
          "Pallabi",
          "Rupnagar",
          "Shah Ali",
          "Tongi",
          "Turag",
          "Uttara East",
          "Uttara West",
          "Uttarkhan"
        ],
        "notes": "Not a published boundary. No distributor releases service-territory GIS data, and OpenStreetMap has no Dhaka North / Dhaka South City Corporation boundaries to fall back on.",
        "caveat": "Near the DESCO/DPDC join this line is a nearest-zone guess. Your bill names your actual distributor - trust that instead."
      }
    },
    {
      "type": "Feature",
      "geometry": {
        "type": "Polygon",
        "coordinates": [
          [
            [
              90.36114350050681,
              23.777673557509534
            ],
            [
              90.37002025518295,
              23.786271133271956
            ],
            [
              90.37162859375313,
              23.780439170940465
            ],
            [
              90.38495943923614,
              23.770108385977757
            ],
            [
              90.39431112939599,
              23.776848666198887
            ],
            [
              90.40693227845138,
              23.764298440699463
            ],
            [
              90.41563783634051,
              23.765584432704706
            ],
            [
              90.42552133355593,
              23.77803156723806
            ],
            [
              90.4284882070403,
              23.779562967990163
            ],
            [
              90.45442018216684,
              23.75329246537349
            ],
            [
              90.46799012433951,
              23.74840910933505
            ],
            [
              90.48278031529716,
              23.764138648294413
            ],
            [
              90.483751,
              23.7576256
            ],
            [
              90.4879096,
              23.7560271
            ],
            [
              90.4885448,
              23.7550824
            ],
            [
              90.487461,
              23.7523671
            ],
            [
              90.4857204,
              23.7509303
            ],
            [
              90.4854509,
              23.7497588
            ],
            [
              90.4907889,
              23.7444567
            ],
            [
              90.4942057,
              23.744106
            ],
            [
              90.4943928,
              23.7432084
            ],
            [
              90.4920927,
              23.7385476
            ],
            [
              90.4918084,
              23.735896
            ],
            [
              90.492554,
              23.7332444
            ],
            [
              90.4958987,
              23.7328623
            ],
            [
              90.4991293,
              23.730469
            ],
            [
              90.500482,
              23.728423
            ],
            [
              90.5004185,
              23.7266519
            ],
            [
              90.4990041,
              23.7238171
            ],
            [
              90.4992781,
              23.719366
            ],
            [
              90.5006563,
              23.7168628
            ],
            [
              90.5029094,
              23.7148982
            ],
            [
              90.5096532,
              23.7118906
            ],
            [
              90.5125674,
              23.7091788
            ],
            [
              90.5150379,
              23.7049538
            ],
            [
              90.5204289,
              23.700464
            ],
            [
              90.5257744,
              23.6867379
            ],
            [
              90.5306576,
              23.6797555
            ],
            [
              90.5313994,
              23.6769499
            ],
            [
              90.5317794,
              23.6742242
            ],
            [
              90.5310559,
              23.6718437
            ],
            [
              90.5260639,
              23.6670205
            ],
            [
              90.5236787,
              23.6655563
            ],
            [
              90.5201543,
              23.657367
            ],
            [
              90.5202461,
              23.6533024
            ],
            [
              90.5183811,
              23.6360505
            ],
            [
              90.5155532,
              23.631774
            ],
            [
              90.5135684,
              23.627064
            ],
            [
              90.5092851,
              23.6216914
            ],
            [
              90.5070783,
              23.6151386
            ],
            [
              90.507066,
              23.6038268
            ],
            [
              90.5080563,
              23.5948558
            ],
            [
              90.5090944,
              23.591293
            ],
            [
              90.5140503,
              23.5825562
            ],
            [
              90.521336,
              23.5750632
            ],
            [
              90.517795,
              23.5748763
            ],
            [
              90.5151212,
              23.5734775
            ],
            [
              90.500427,
              23.5736543
            ],
            [
              90.493931,
              23.5759889
            ],
            [
              90.4913523,
              23.5750257
            ],
            [
              90.4910929,
              23.570345
            ],
            [
              90.4868967,
              23.5670186
            ],
            [
              90.4826166,
              23.5668412
            ],
            [
              90.4790537,
              23.5681306
            ],
            [
              90.4746057,
              23.5624124
            ],
            [
              90.4668161,
              23.5550023
            ],
            [
              90.4590494,
              23.552168
            ],
            [
              90.4536478,
              23.5457841
            ],
            [
              90.4504282,
              23.5458661
            ],
            [
              90.4434473,
              23.5488988
            ],
            [
              90.441334,
              23.5531236
            ],
            [
              90.4422953,
              23.5581876
            ],
            [
              90.440098,
              23.5593282
            ],
            [
              90.4365885,
              23.5646192
            ],
            [
              90.4345819,
              23.5701581
            ],
            [
              90.4336664,
              23.5749246
            ],
            [
              90.4342081,
              23.5936625
            ],
            [
              90.4339029,
              23.6001322
            ],
            [
              90.4317896,
              23.6084177
            ],
            [
              90.4322106,
              23.61403
            ],
            [
              90.4445857,
              23.6276757
            ],
            [
              90.4505682,
              23.6310929
            ],
            [
              90.4592449,
              23.6314658
            ],
            [
              90.4687171,
              23.6340451
            ],
            [
              90.4709783,
              23.6359671
            ],
            [
              90.4718866,
              23.63998
            ],
            [
              90.4673006,
              23.6474072
            ],
            [
              90.4635472,
              23.6505526
            ],
            [
              90.4450462,
              23.6729496
            ],
            [
              90.4392893,
              23.6784308
            ],
            [
              90.4280834,
              23.6870592
            ],
            [
              90.4160883,
              23.700251
            ],
            [
              90.3986641,
              23.7107439
            ],
            [
              90.3918978,
              23.7106751
            ],
            [
              90.3875894,
              23.7089482
            ],
            [
              90.381823,
              23.7082064
            ],
            [
              90.3706409,
              23.7076539
            ],
            [
              90.3637905,
              23.7101146
            ],
            [
              90.3617246,
              23.7119255
            ],
            [
              90.3606362,
              23.7142157
            ],
            [
              90.3582039,
              23.7258838
            ],
            [
              90.3557439,
              23.732598
            ],
            [
              90.3522356,
              23.7390408
            ],
            [
              90.3468711,
              23.7430281
            ],
            [
              90.3410511,
              23.7486396
            ],
            [
              90.3382874,
              23.7495267
            ],
            [
              90.3333246,
              23.7490159
            ],
            [
              90.3299477,
              23.750236
            ],
            [
              90.330361,
              23.7521784
            ],
            [
              90.3375817,
              23.7600336
            ],
            [
              90.3395609,
              23.7649937
            ],
            [
              90.3441777,
              23.768489
            ],
            [
              90.3442815,
              23.7701511
            ],
            [
              90.3428624,
              23.7718849
            ],
            [
              90.3443497,
              23.7725672
            ],
            [
              90.3420217,
              23.7723213
            ],
            [
              90.3345005,
              23.7748831
            ],
            [
              90.3345824,
              23.775669
            ],
            [
              90.3377421,
              23.7783064
            ],
            [
              90.33807790361668,
              23.779259001345785
            ],
            [
              90.36114350050681,
              23.777673557509534
            ]
          ],
          [
            [
              90.39761310647378,
              23.727734969335053
            ],
            [
              90.39561949976449,
              23.7336309894788
            ],
            [
              90.3922015695243,
              23.736859222729223
            ],
            [
              90.3775950565168,
              23.73313841133334
            ],
            [
              90.37733626136242,
              23.732488037413773
            ],
            [
              90.39295451174843,
              23.727262200043377
            ],
            [
              90.39761310647378,
              23.727734969335053
            ]
          ]
        ]
      },
      "properties": {
        "id": "dpdc",
        "name": "DPDC",
        "name_bn": "ডিপিডিসি",
        "level": "utility",
        "utility": "DPDC",
        "status": "estimated",
        "confidence": "medium",
        "color_hex": "#5e5ce6",
        "source_url": "https://www.openstreetmap.org/relation/13663697",
        "source_license": "ODbL (OpenStreetMap contributors)",
        "retrieved_at": "2026-08-23T10:18:25Z",
        "method": "Constructed: Voronoi partition of DPDC's own 35 NOCS zone names against DESCO's 24 S&D division names, clipped to the Dhaka Metropolitan / Narayanganj Sadar administrative area.",
        "seed_zones": [
          "Adabor",
          "Azimpur",
          "Banasree",
          "Bangshal",
          "Bashaboo",
          "Demra",
          "Dhanmondi",
          "Fatulla",
          "Jigatola",
          "Jurain",
          "Kakrail",
          "Kamrangirchar",
          "Khilgaon",
          "Lalbag",
          "Maniknagar",
          "Matuail",
          "Mogbazar",
          "Mohammadpur",
          "Motijheel",
          "Mugdapara",
          "Narayangonj East",
          "Narinda",
          "Paribag",
          "Postogola",
          "Rajarbag",
          "Ramna",
          "Satmosjid",
          "Shamoli",
          "Sher-e-Bangla Nagar",
          "Shyampur",
          "Siddhirgonj",
          "Swamibag",
          "Tejgaon",
          "Wari"
        ],
        "notes": "Not a published boundary. No distributor releases service-territory GIS data, and OpenStreetMap has no Dhaka North / Dhaka South City Corporation boundaries to fall back on.",
        "caveat": "Near the DESCO/DPDC join this line is a nearest-zone guess. Your bill names your actual distributor - trust that instead."
      }
    },
    {
      "type": "Feature",
      "geometry": {
        "type": "MultiPolygon",
        "coordinates": [
          [
            [
              [
                89.79766151247998,
                24.57808905766194
              ],
              [
                89.74819681535678,
                24.544347296139335
              ],
              [
                89.73995269919351,
                24.52559795081288
              ],
              [
                89.75369289241956,
                24.49184207419347
              ],
              [
                89.75094485410517,
                24.460578552798665
              ],
              [
                89.73720466033251,
                24.435562146597306
              ],
              [
                89.760562989422,
                24.408038366550898
              ],
              [
                89.76468504744366,
                24.393022866135084
              ],
              [
                89.760562989422,
                24.359231465394203
              ],
              [
                89.79766151247998,
                24.28034978090676
              ],
              [
                89.79353945438794,
                24.210191571360838
              ],
              [
                89.80865366739158,
                24.073522879654035
              ],
              [
                89.80178357053751,
                24.06223178403735
              ],
              [
                89.79975002188945,
                24.03036044421208
              ],
              [
                89.77600696730394,
                24.008673375834178
              ],
              [
                89.73995269919351,
                23.99662342404332
              ],
              [
                89.71796838926514,
                23.97412716196169
              ],
              [
                89.75929889183215,
                23.926711468068333
              ],
              [
                89.78655943601916,
                23.85997855510692
              ],
              [
                89.79359441516272,
                23.76504606484025
              ],
              [
                89.73203834762404,
                23.76021713551927
              ],
              [
                89.6405836187916,
                23.771484358446912
              ],
              [
                89.5763894340642,
                23.821370324824613
              ],
              [
                89.54737014483675,
                23.79562512076052
              ],
              [
                89.50516027027936,
                23.789992677405962
              ],
              [
                89.46382976781143,
                23.80608472572385
              ],
              [
                89.45679478866788,
                23.831023460181825
              ],
              [
                89.43744859602322,
                23.85917433426124
              ],
              [
                89.40754993465532,
                23.879278357412545
              ],
              [
                89.33720014286047,
                23.8945553262879
              ],
              [
                89.33748154239419,
                23.903945746948352
              ],
              [
                89.25526666292177,
                23.912339788367873
              ],
              [
                89.25365976589893,
                23.956448772049214
              ],
              [
                89.20793240146617,
                23.966091830967116
              ],
              [
                89.19737993267921,
                23.93233796995105
              ],
              [
                89.1850687192499,
                23.93233797014483
              ],
              [
                89.15077319592535,
                23.93796422689229
              ],
              [
                89.09097587320565,
                23.9636811338587
              ],
              [
                88.99512428237563,
                24.113058966908966
              ],
              [
                88.97401934485396,
                24.129913282361372
              ],
              [
                88.90982516026065,
                24.130715813650113
              ],
              [
                88.86937403018561,
                24.12188769484345
              ],
              [
                88.80693859028713,
                24.13232086070377
              ],
              [
                88.77879867371314,
                24.1507774537896
              ],
              [
                88.75329687431793,
                24.182869526958143
              ],
              [
                88.71108699945694,
                24.188484810306306
              ],
              [
                88.72603633013767,
                24.223775215345768
              ],
              [
                88.73043319210234,
                24.266271130164853
              ],
              [
                88.70669013749301,
                24.310355645764673
              ],
              [
                88.68910268963424,
                24.323978670830343
              ],
              [
                88.6679977522038,
                24.335997771318716
              ],
              [
                88.62754662212876,
                24.303142863547293
              ],
              [
                88.58709549205366,
                24.323978670830343
              ],
              [
                88.53169503129857,
                24.315163939388015
              ],
              [
                88.36721721892366,
                24.40565402435095
              ],
              [
                88.29349063749993,
                24.454332921670982
              ],
              [
                88.2450899809927,
                24.46611551307916
              ],
              [
                88.18786042566035,
                24.468932925971274
              ],
              [
                88.09728506918782,
                24.539347744725546
              ],
              [
                88.09728506918782,
                24.589734104799334
              ],
              [
                88.02077967100234,
                24.684853013752218
              ],
              [
                88.0497989599694,
                24.7200046759844
              ],
              [
                88.0576781366101,
                24.76134310672262
              ],
              [
                88.06780850657663,
                24.775140820001923
              ],
              [
                88.08863204484135,
                24.783316519153573
              ],
              [
                88.10157640646537,
                24.81345975383715
              ],
              [
                88.15673064295032,
                24.845638504878025
              ],
              [
                88.16067023127079,
                24.866065116323682
              ],
              [
                88.14434907965784,
                24.902314039474845
              ],
              [
                88.11902315474117,
                24.918648103481814
              ],
              [
                88.12296274306158,
                24.92987651780436
              ],
              [
                88.17530298788927,
                24.963045402327623
              ],
              [
                88.20006611447428,
                24.959984033385297
              ],
              [
                88.22482924105947,
                24.946717221576705
              ],
              [
                88.26197393093702,
                24.885977813446345
              ],
              [
                88.29743022582022,
                24.869128817035858
              ],
              [
                88.33288652070343,
                24.875255990651056
              ],
              [
                88.33457491569794,
                24.891083116265804
              ],
              [
                88.32557014239421,
                24.922731281545737
              ],
              [
                88.33288652070343,
                24.938041994959462
              ],
              [
                88.3869151605254,
                24.957943078458072
              ],
              [
                88.4032363121384,
                24.982942444123466
              ],
              [
                88.40830149712167,
                25.00844676290484
              ],
              [
                88.43587861536412,
                25.022726868881648
              ],
              [
                88.43306462370685,
                25.03802513902889
              ],
              [
                88.41843186708837,
                25.054851032651072
              ],
              [
                88.41899466541986,
                25.072184386214417
              ],
              [
                88.43756701035863,
                25.079320936562056
              ],
              [
                88.42912503538639,
                25.1277365354357
              ],
              [
                88.45388816197158,
                25.143021688223655
              ],
              [
                88.45839054862336,
                25.1598331460072
              ],
              [
                88.44713458199385,
                25.171039497582967
              ],
              [
                88.44769738032534,
                25.19293984694508
              ],
              [
                88.47020931358435,
                25.205670798425274
              ],
              [
                88.50285161681029,
                25.207198423147474
              ],
              [
                88.53605671836755,
                25.179698245662053
              ],
              [
                88.57882939156002,
                25.175623617301085
              ],
              [
                88.59683893816742,
                25.20057857756484
              ],
              [
                88.6964542428392,
                25.20923522628715
              ],
              [
                88.76977560946449,
                25.18723594899359
              ],
              [
                88.78094152836098,
                25.178435125438682
              ],
              [
                88.79787050217186,
                25.17876109320116
              ],
              [
                88.81335871225411,
                25.19538429287462
              ],
              [
                88.84253417775813,
                25.20125076292038
              ],
              [
                88.88395613495499,
                25.180390918936155
              ],
              [
                88.92177618283046,
                25.175501376345608
              ],
              [
                88.9325819107948,
                25.183324550331406
              ],
              [
                88.9423971136959,
                25.255054281801108
              ],
              [
                88.96716024028092,
                25.26981452002849
              ],
              [
                88.9581356810985,
                25.305671794444322
              ],
              [
                88.87019844180475,
                25.329270702732458
              ],
              [
                88.81523766724627,
                25.401281010082414
              ],
              [
                88.80974158979035,
                25.47572923207349
              ],
              [
                88.7973754155147,
                25.5265756977995
              ],
              [
                88.78226120251122,
                25.517896117826012
              ],
              [
                88.75615483459575,
                25.531535175901297
              ],
              [
                88.74928473777595,
                25.498054721060953
              ],
              [
                88.68116864015639,
                25.47698036291723
              ],
              [
                88.64478935600948,
                25.48218289531235
              ],
              [
                88.62245751821644,
                25.498764464670785
              ],
              [
                88.60624892626993,
                25.502340581604926
              ],
              [
                88.54681742246561,
                25.502015484464778
              ],
              [
                88.50139014210316,
                25.534286834442014
              ],
              [
                88.48594515493289,
                25.56631555904994
              ],
              [
                88.43799653804547,
                25.585653434513745
              ],
              [
                88.42739251700306,
                25.614758322040075
              ],
              [
                88.43292504972072,
                25.623280554939754
              ],
              [
                88.42651365112857,
                25.649194280027643
              ],
              [
                88.35951813774915,
                25.68945005543162
              ],
              [
                88.33826687275251,
                25.71833493020273
              ],
              [
                88.31845637148444,
                25.72871878956869
              ],
              [
                88.28504866252791,
                25.766535139367704
              ],
              [
                88.26422512426296,
                25.77312388795832
              ],
              [
                88.23833640101498,
                25.80707548196881
              ],
              [
                88.22257804773369,
                25.79998192255573
              ],
              [
                88.21357327442996,
                25.777685114999713
              ],
              [
                88.1978149211485,
                25.775657924628604
              ],
              [
                88.17361459289498,
                25.79592826940285
              ],
              [
                88.1488514663098,
                25.768562485584994
              ],
              [
                88.13365591135982,
                25.77312388795832
              ],
              [
                88.08806924650986,
                25.817208401599316
              ],
              [
                88.08863204484157,
                25.85013440215772
              ],
              [
                88.07737607821184,
                25.898240530105852
              ],
              [
                88.0813156665323,
                25.918996067931005
              ],
              [
                88.10695816551038,
                25.940032632729753
              ],
              [
                88.11926937901143,
                25.985888806100093
              ],
              [
                88.15884113669347,
                25.993793236184786
              ],
              [
                88.16939360540886,
                26.015922811510222
              ],
              [
                88.17203172258763,
                26.04041854749653
              ],
              [
                88.1500474127642,
                26.076757629900897
              ],
              [
                88.17203172258763,
                26.11545424934883
              ],
              [
                88.18522230848157,
                26.12729759336139
              ],
              [
                88.21688252861907,
                26.140093371776175
              ],
              [
                88.21580195582266,
                26.16401885063061
              ],
              [
                88.22552711099058,
                26.177272746735525
              ],
              [
                88.25830448581593,
                26.1704843540266
              ],
              [
                88.29864587021638,
                26.178888972446487
              ],
              [
                88.32782133572016,
                26.19408039847417
              ],
              [
                88.3454706913954,
                26.211855083376065
              ],
              [
                88.3332241997025,
                26.249011561045336
              ],
              [
                88.3371862999561,
                26.271945717265453
              ],
              [
                88.34871240978481,
                26.28777087308839
              ],
              [
                88.39553723096384,
                26.295844100551847
              ],
              [
                88.44164167027867,
                26.352340948000347
              ],
              [
                88.46937637205406,
                26.355891257458723
              ],
              [
                88.47982190908635,
                26.342334944133654
              ],
              [
                88.50323431967576,
                26.357182252057726
              ],
              [
                88.47874133628977,
                26.39461482395518
              ],
              [
                88.4650540808683,
                26.43203526283162
              ],
              [
                88.45100663451439,
                26.44429104211548
              ],
              [
                88.4286747967214,
                26.436550701591216
              ],
              [
                88.4106652501141,
                26.440098422213055
              ],
              [
                88.40526238613194,
                26.45364325971906
              ],
              [
                88.36708214732425,
                26.462349814066044
              ],
              [
                88.34907260071697,
                26.42848729398702
              ],
              [
                88.33106305410956,
                26.427842197009795
              ],
              [
                88.31593503495947,
                26.443323527988184
              ],
              [
                88.31341369843449,
                26.464284514499866
              ],
              [
                88.32457961733098,
                26.495557657695258
              ],
              [
                88.35202166397386,
                26.524344801826487
              ],
              [
                88.37228240390709,
                26.582742987778886
              ],
              [
                88.4133666821051,
                26.620987730128093
              ],
              [
                88.42631104372907,
                26.527869673447583
              ],
              [
                88.47921408688825,
                26.51779832452155
              ],
              [
                88.4910328518493,
                26.488082699078404
              ],
              [
                88.50566560846778,
                26.495638247592524
              ],
              [
                88.51579597843448,
                26.4890901342377
              ],
              [
                88.52029836508626,
                26.468435949415152
              ],
              [
                88.53718231503069,
                26.467932142482425
              ],
              [
                88.54618708833425,
                26.44525854811701
              ],
              [
                88.57038741658795,
                26.435683912336287
              ],
              [
                88.58502017320643,
                26.43266017785038
              ],
              [
                88.58895976152672,
                26.440219365308963
              ],
              [
                88.58276897988043,
                26.450801394605833
              ],
              [
                88.59177375318416,
                26.46642070845064
              ],
              [
                88.60077852648789,
                26.46742833334406
              ],
              [
                88.62723004806742,
                26.415524184177116
              ],
              [
                88.66887712459686,
                26.388807116398198
              ],
              [
                88.69026346119307,
                26.387294644614997
              ],
              [
                88.69870543616531,
                26.35351094838461
              ],
              [
                88.68463547787832,
                26.348467758844833
              ],
              [
                88.7003938311596,
                26.334850048932765
              ],
              [
                88.74710609267254,
                26.340398198268986
              ],
              [
                88.75273407598729,
                26.32526625552464
              ],
              [
                88.74766889100403,
                26.3060962892161
              ],
              [
                88.81182790079271,
                26.289446113995837
              ],
              [
                88.80676271580944,
                26.250081653204006
              ],
              [
                88.84672139734442,
                26.20918905364681
              ],
              [
                88.85516337231667,
                26.20868411689537
              ],
              [
                88.85854016230547,
                26.249576893979906
              ],
              [
                88.88499168388495,
                26.275821465185743
              ],
              [
                88.91200600379597,
                26.268251524567404
              ],
              [
                88.94127151703293,
                26.231404101681733
              ],
              [
                88.95759266864587,
                26.226860459711304
              ],
              [
                89.01724929178278,
                26.224336137466935
              ],
              [
                89.04595200668808,
                26.231404101681733
              ],
              [
                89.0437008133623,
                26.24604351801156
              ],
              [
                89.00993291347339,
                26.282886297631023
              ],
              [
                88.97109982860138,
                26.286418552538464
              ],
              [
                88.97616501358465,
                26.331823673564145
              ],
              [
                88.96040666030319,
                26.341406924118303
              ],
              [
                88.9401459203699,
                26.3333368711385
              ],
              [
                88.91256880212745,
                26.340398198268986
              ],
              [
                88.88386608722215,
                26.37368150727957
              ],
              [
                88.88836847387392,
                26.399393864176318
              ],
              [
                88.93620633204966,
                26.435179962097948
              ],
              [
                88.95083908866815,
                26.438203630471207
              ],
              [
                88.99923974517537,
                26.41401206247474
              ],
              [
                89.01893768677712,
                26.39536093187479
              ],
              [
                89.0830966965658,
                26.389311269257348
              ],
              [
                89.10448303316201,
                26.3756983695871
              ],
              [
                89.08422229322878,
                26.362083865922955
              ],
              [
                89.08422229322878,
                26.325770685481473
              ],
              [
                89.14613010969151,
                26.304582735736176
              ],
              [
                89.09998064651023,
                26.27784003263355
              ],
              [
                89.10054344484172,
                26.2606810903045
              ],
              [
                89.13374854639898,
                26.23241377578819
              ],
              [
                89.13993932804522,
                26.20565445038892
              ],
              [
                89.132622949736,
                26.16828208219073
              ],
              [
                89.1587818161832,
                26.132332703677605
              ],
              [
                89.22973942981605,
                26.101931788887782
              ],
              [
                89.25963527718437,
                26.069905257352048
              ],
              [
                89.24991012201627,
                26.058257073397385
              ],
              [
                89.31258334420994,
                26.03333901510632
              ],
              [
                89.35220434674608,
                26.003559847931854
              ],
              [
                89.390053209896,
                25.994339722507846
              ],
              [
                89.40457610828014,
                26.003456255036724
              ],
              [
                89.41425804053625,
                26.033494364859678
              ],
              [
                89.42370945059582,
                26.042400739981872
              ],
              [
                89.45944039106473,
                25.996204525350095
              ],
              [
                89.51891511778092,
                25.991646066154374
              ],
              [
                89.53574323813075,
                25.98066359746099
              ],
              [
                89.54519464819032,
                25.95081925759314
              ],
              [
                89.57654566692446,
                25.94978285981631
              ],
              [
                89.58184767744558,
                25.973203222275288
              ],
              [
                89.56501955709575,
                25.98978119097069
              ],
              [
                89.5627143351299,
                26.025001609894787
              ],
              [
                89.59641379874171,
                26.039488119060366
              ],
              [
                89.63603480127779,
                26.046931339831133
              ],
              [
                89.64201397075146,
                26.055862580970143
              ],
              [
                89.6326692672555,
                26.10676836756295
              ],
              [
                89.61420244700383,
                26.10439937870933
              ],
              [
                89.60075049756472,
                26.07015115097289
              ],
              [
                89.58991595432576,
                26.092098311709833
              ],
              [
                89.59281188942015,
                26.105166304621434
              ],
              [
                89.58524787984504,
                26.13977002090371
              ],
              [
                89.6219873549241,
                26.20312966806671
              ],
              [
                89.6436276261274,
                26.226589854988504
              ],
              [
                89.67912804439982,
                26.215422620340917
              ],
              [
                89.67175133410956,
                26.181914486727692
              ],
              [
                89.67543968925474,
                26.148603644735203
              ],
              [
                89.69549512035655,
                26.145706600195638
              ],
              [
                89.73537546036397,
                26.158121999003697
              ],
              [
                89.75865820221793,
                26.122320680078076
              ],
              [
                89.77733050014035,
                26.1055544404972
              ],
              [
                89.79392809829363,
                26.08071114761549
              ],
              [
                89.79392809829363,
                26.067873379778973
              ],
              [
                89.78124937748208,
                26.055448393532515
              ],
              [
                89.78401564384103,
                26.04136514972049
              ],
              [
                89.80937308546407,
                26.021894350826983
              ],
              [
                89.815366662575,
                25.99765490709865
              ],
              [
                89.82389598384822,
                25.98791628619557
              ],
              [
                89.85132812524063,
                25.98688021520104
              ],
              [
                89.8563996135652,
                25.976311769454924
              ],
              [
                89.84763977009544,
                25.962840804992254
              ],
              [
                89.82159076188259,
                25.952270199153077
              ],
              [
                89.83196426072845,
                25.941905938583318
              ],
              [
                89.8826791439746,
                25.92055268725477
              ],
              [
                89.83887992662562,
                25.873686369238328
              ],
              [
                89.83380843830105,
                25.852528220961176
              ],
              [
                89.81582770696821,
                25.825141467279764
              ],
              [
                89.84233775957415,
                25.788823502527407
              ],
              [
                89.84671768130914,
                25.76681978086617
              ],
              [
                89.81974658430994,
                25.74065910682026
              ],
              [
                89.85452777332898,
                25.67495798410249
              ],
              [
                89.86723415680433,
                25.662142539607885
              ],
              [
                89.85225021402692,
                25.610393040537076
              ],
              [
                89.86285423506934,
                25.585237599093034
              ],
              [
                89.84602611471934,
                25.542398814227113
              ],
              [
                89.83473052708734,
                25.43523490293279
              ],
              [
                89.81905501772036,
                25.40129711334083
              ],
              [
                89.82696950127547,
                25.355644231580584
              ],
              [
                89.79001852976802,
                25.390885621165978
              ],
              [
                89.76640257194993,
                25.367609116919084
              ],
              [
                89.77928400348696,
                25.297752709648023
              ],
              [
                89.77284328771844,
                25.23174022785861
              ],
              [
                89.72131756156978,
                25.192892600701157
              ],
              [
                89.70843613003268,
                25.159862372006955
              ],
              [
                89.68482017221459,
                25.134597924896923
              ],
              [
                89.66120421439649,
                24.982901593118243
              ],
              [
                89.69774282423646,
                24.886041630709315
              ],
              [
                89.68894910003752,
                24.838169182841227
              ],
              [
                89.73291772005012,
                24.827794377106727
              ],
              [
                89.7540226574805,
                24.81342782632197
              ],
              [
                89.79887064937992,
                24.76552729744759
              ],
              [
                89.8094231182356,
                24.73597942372112
              ],
              [
                89.81821684189885,
                24.694440814808786
              ],
              [
                89.7971119043604,
                24.652089131020375
              ],
              [
                89.79766151247998,
                24.57808905766194
              ]
            ]
          ],
          [
            [
              [
                89.82735381679691,
                25.354434786051968
              ],
              [
                89.82696950127547,
                25.355644231580584
              ],
              [
                89.82751733162286,
                25.355121585079036
              ],
              [
                89.82735381679691,
                25.354434786051968
              ]
            ]
          ]
        ]
      },
      "properties": {
        "id": "nesco",
        "name": "NESCO",
        "level": "utility",
        "utility": "NESCO",
        "status": "estimated",
        "confidence": "low",
        "color_hex": "#30d158",
        "source_url": "https://www.geoboundaries.org/api/current/gbOpen/BGD/ADM1/",
        "source_license": "CC-BY 4.0 (geoBoundaries gbOpen)",
        "retrieved_at": "2026-08-23T10:18:27Z",
        "method": "geoBoundaries ADM1 divisions: Rajshahi, Rajshani, Rangpur",
        "notes": "NESCO serves only the urban and municipal parts of these divisions.",
        "caveat": "Rural addresses inside this shape are almost certainly served by a local Palli Bidyut Samity (BREB), not by this distributor. This polygon is an administrative division standing in for a service territory."
      }
    },
    {
      "type": "Feature",
      "geometry": {
        "type": "MultiPolygon",
        "coordinates": [
          [
            [
              [
                89.31890919745507,
                21.71222939201334
              ],
              [
                89.3166580041293,
                21.74882562315554
              ],
              [
                89.33016516408463,
                21.750916554898822
              ],
              [
                89.36168187064754,
                21.70700059868716
              ],
              [
                89.35717948399576,
                21.68869832629889
              ],
              [
                89.34704911402906,
                21.687129451864052
              ],
              [
                89.32960236575332,
                21.69758829200856
              ],
              [
                89.31890919745507,
                21.71222939201334
              ]
            ]
          ],
          [
            [
              [
                90.50913762080279,
                21.876588243936965
              ],
              [
                90.52750735834223,
                21.91468800424542
              ],
              [
                90.55812358757481,
                21.948100457817702
              ],
              [
                90.57253122486065,
                21.90432855119002
              ],
              [
                90.57181084299629,
                21.885278559167773
              ],
              [
                90.55848377850697,
                21.855863048943377
              ],
              [
                90.55127995986402,
                21.84717094298179
              ],
              [
                90.5357917497816,
                21.845499323523654
              ],
              [
                90.51886277597072,
                21.852185684033543
              ],
              [
                90.50913762080279,
                21.876588243936965
              ]
            ]
          ],
          [
            [
              [
                90.62347572982617,
                21.91600376794821
              ],
              [
                90.62347572982617,
                21.92592381717151
              ],
              [
                90.64486206642238,
                21.94889390819543
              ],
              [
                90.66343441136115,
                21.92957839790091
              ],
              [
                90.66624840301864,
                21.918092256799923
              ],
              [
                90.66230881469818,
                21.90451653184664
              ],
              [
                90.65217844473165,
                21.8987725664781
              ],
              [
                90.62347572982617,
                21.91600376794821
              ]
            ]
          ],
          [
            [
              [
                90.43493828878059,
                21.901383488526392
              ],
              [
                90.3809096489586,
                21.920180715021047
              ],
              [
                90.37471886731231,
                21.91600376794821
              ],
              [
                90.34432775741237,
                21.829826940409532
              ],
              [
                90.32406701747914,
                21.8193777308108
              ],
              [
                90.31675063916987,
                21.836618517345755
              ],
              [
                90.35051853905861,
                21.957245748785567
              ],
              [
                90.37640726230666,
                22.024564520792865
              ],
              [
                90.39723080057138,
                22.0600375177832
              ],
              [
                90.43212429712327,
                22.048561933062672
              ],
              [
                90.46420380201755,
                22.025607971128636
              ],
              [
                90.47545976864706,
                21.99534479143591
              ],
              [
                90.47658536531003,
                21.965597098589967
              ],
              [
                90.46814339033779,
                21.933754946678334
              ],
              [
                90.45294783538799,
                21.910260265686304
              ],
              [
                90.43493828878059,
                21.901383488526392
              ]
            ]
          ],
          [
            [
              [
                90.68932313460914,
                21.97342604316617
              ],
              [
                90.70170469790185,
                21.987517055669457
              ],
              [
                90.72421663116091,
                21.969772589401032
              ],
              [
                90.7185886478461,
                21.959333632253617
              ],
              [
                90.69495111792412,
                21.957767722528388
              ],
              [
                90.68932313460914,
                21.97342604316617
              ]
            ]
          ],
          [
            [
              [
                90.50481532961703,
                22.009892795344797
              ],
              [
                90.50733666614201,
                22.035603835714085
              ],
              [
                90.52426563995289,
                22.05830580738518
              ],
              [
                90.54443633215311,
                22.0649821644559
              ],
              [
                90.56136530596416,
                22.053632169856257
              ],
              [
                90.56712836087831,
                22.03627159275203
              ],
              [
                90.56496721528555,
                22.015903586344677
              ],
              [
                90.52138411249587,
                21.9584567249334
              ],
              [
                90.51201914825998,
                21.95645234502473
              ],
              [
                90.50481532961703,
                22.009892795344797
              ]
            ]
          ],
          [
            [
              [
                90.95046375884664,
                22.13114212494594
              ],
              [
                90.9216093522034,
                22.18713361985897
              ],
              [
                90.92847944902337,
                22.23165638218478
              ],
              [
                90.94359366202684,
                22.292693178027093
              ],
              [
                90.96970002994215,
                22.360057016916528
              ],
              [
                90.98756228167372,
                22.340995080069774
              ],
              [
                90.99031032040165,
                22.329556666674648
              ],
              [
                90.95870787503048,
                22.235471961484222
              ],
              [
                90.96145591375847,
                22.129869332077817
              ],
              [
                90.95046375884664,
                22.13114212494594
              ]
            ]
          ],
          [
            [
              [
                90.61844571973842,
                22.002226318988505
              ],
              [
                90.60877262341626,
                22.04461698578376
              ],
              [
                90.62344715022329,
                22.090407052613216
              ],
              [
                90.59734078230804,
                22.12605088448646
              ],
              [
                90.60283685976378,
                22.15277784395215
              ],
              [
                90.66878978923404,
                22.226568781559195
              ],
              [
                90.67703390541789,
                22.263449701463742
              ],
              [
                90.67840792478182,
                22.365139759623958
              ],
              [
                90.675659886054,
                22.399443418801525
              ],
              [
                90.63443930513512,
                22.518804887830925
              ],
              [
                90.62756920831515,
                22.56449053583907
              ],
              [
                90.61108097594763,
                22.59240209521073
              ],
              [
                90.57947853057647,
                22.626649459085172
              ],
              [
                90.5684863756648,
                22.659620340082824
              ],
              [
                90.57398245312072,
                22.684977168028468
              ],
              [
                90.6014628403999,
                22.729340329381444
              ],
              [
                90.66191969241424,
                22.78002346992406
              ],
              [
                90.72660852406972,
                22.78681358149379
              ],
              [
                90.7749740056812,
                22.615640495670846
              ],
              [
                90.83477132840096,
                22.562054349733046
              ],
              [
                90.84532379711612,
                22.528755494393465
              ],
              [
                90.89105116154889,
                22.486511251340687
              ],
              [
                90.8840161824055,
                22.430436483270853
              ],
              [
                90.86554936215367,
                22.392227647873767
              ],
              [
                90.86906685172545,
                22.34180844262272
              ],
              [
                90.84532379711612,
                22.288116341911973
              ],
              [
                90.83301258361507,
                22.158682544916246
              ],
              [
                90.81806325293519,
                22.1342476912842
              ],
              [
                90.80487266704108,
                22.126916408342993
              ],
              [
                90.77761212286015,
                22.089439451639635
              ],
              [
                90.73188475842738,
                22.066622517997985
              ],
              [
                90.68703676638751,
                22.025053639094835
              ],
              [
                90.65010312588419,
                22.003041643728636
              ],
              [
                90.62460132648914,
                21.99570355230685
              ],
              [
                90.61844571973842,
                22.002226318988505
              ]
            ]
          ],
          [
            [
              [
                90.04163700240048,
                22.91110551976385
              ],
              [
                90.06246711564916,
                22.957998530553652
              ],
              [
                90.10644180027191,
                23.000614437687148
              ],
              [
                90.12032854183872,
                23.02404745377413
              ],
              [
                90.17356105447215,
                23.0453466627298
              ],
              [
                90.21059236741326,
                23.03682738331031
              ],
              [
                90.2291080234346,
                22.989961721162956
              ],
              [
                90.28234053516957,
                22.977177351901275
              ],
              [
                90.3402019613593,
                22.977177351901275
              ],
              [
                90.41460740428835,
                23.02680850295686
              ],
              [
                90.50665550428636,
                22.963591842817152
              ],
              [
                90.635813324499,
                22.90791456688487
              ],
              [
                90.67291184732608,
                22.885130904524942
              ],
              [
                90.68115596350975,
                22.859811238221937
              ],
              [
                90.67883730583304,
                22.83591147562811
              ],
              [
                90.53314659762367,
                22.706526784504092
              ],
              [
                90.50588605344251,
                22.700036903804403
              ],
              [
                90.5014891914779,
                22.67569711291634
              ],
              [
                90.52435287369417,
                22.58479041250581
              ],
              [
                90.5894264307716,
                22.53525346281549
              ],
              [
                90.58437347456044,
                22.503096955805972
              ],
              [
                90.58866728507292,
                22.459454452536022
              ],
              [
                90.64233991647785,
                22.435643655488377
              ],
              [
                90.64663372699016,
                22.384039581089326
              ],
              [
                90.55688965223277,
                22.14483664857977
              ],
              [
                90.55864839701871,
                22.10980859825247
              ],
              [
                90.51380040497895,
                22.07640165512703
              ],
              [
                90.38980889757482,
                22.09432831497196
              ],
              [
                90.33001157485506,
                22.027499205267873
              ],
              [
                90.32297659571168,
                22.007933493710823
              ],
              [
                90.32297659571168,
                21.941063612041035
              ],
              [
                90.29395730674469,
                21.914143681777944
              ],
              [
                90.27109362452836,
                21.87742648550949
              ],
              [
                90.26757613495658,
                21.821924795986774
              ],
              [
                90.21569316377344,
                21.79498238814182
              ],
              [
                90.1664483097689,
                21.786817021527497
              ],
              [
                90.11896220055041,
                21.80233082027678
              ],
              [
                90.11104784901397,
                21.814577369372273
              ],
              [
                90.09082228397625,
                21.825190197837912
              ],
              [
                90.03014558886366,
                21.841516088986225
              ],
              [
                90.04333617475783,
                21.863553084539205
              ],
              [
                90.03981868518599,
                21.879058561671002
              ],
              [
                90.02662809929205,
                21.892114498790477
              ],
              [
                90.02574872689883,
                21.934996875280603
              ],
              [
                90.03261882371879,
                21.941369491076387
              ],
              [
                90.07246538527363,
                21.949016253151456
              ],
              [
                90.08345754018546,
                21.961759942666674
              ],
              [
                90.07658744336567,
                21.9770508614277
              ],
              [
                90.02162666880702,
                21.994888185378556
              ],
              [
                90.01750461071515,
                22.01017553520535
              ],
              [
                90.04773303672243,
                22.086587536508432
              ],
              [
                90.01475657198722,
                22.078948194340512
              ],
              [
                89.98865020407197,
                22.04838669497053
              ],
              [
                89.98727618470787,
                21.99234013352003
              ],
              [
                89.98040608788807,
                21.98596980365602
              ],
              [
                89.95842177806469,
                21.99616219414429
              ],
              [
                89.92956737142146,
                22.0636682705682
              ],
              [
                89.92956737142146,
                22.12605088448629
              ],
              [
                89.9185752165098,
                22.171865422478618
              ],
              [
                89.89866444500626,
                22.201164744798064
              ],
              [
                89.895826208762,
                22.109318710139632
              ],
              [
                89.8649884613136,
                22.08531434151149
              ],
              [
                89.87323257749728,
                22.001258114770167
              ],
              [
                89.86361444194955,
                21.977050861427358
              ],
              [
                89.86361444194955,
                21.949016253151115
              ],
              [
                89.87048453876935,
                21.929898577120582
              ],
              [
                89.87374783475889,
                21.858981452603302
              ],
              [
                89.85227878219683,
                21.82510409933127
              ],
              [
                89.8093406770729,
                21.815138644433205
              ],
              [
                89.66979183542037,
                21.82510409933127
              ],
              [
                89.68696707746994,
                21.79321220167361
              ],
              [
                89.71058303528821,
                21.77327616000531
              ],
              [
                89.69984850900721,
                21.75333734720749
              ],
              [
                89.6053846777346,
                21.75134331359368
              ],
              [
                89.61826610927187,
                21.73539004805116
              ],
              [
                89.62470682504039,
                21.707467572379073
              ],
              [
                89.58391562517272,
                21.699488726749905
              ],
              [
                89.54527133056132,
                21.775269888906394
              ],
              [
                89.54527133056132,
                21.833075963509827
              ],
              [
                89.56244657261072,
                21.93069519824877
              ],
              [
                89.55600585684215,
                21.990429064591467
              ],
              [
                89.53453680428032,
                21.996401069513524
              ],
              [
                89.51092084646223,
                21.912770144496335
              ],
              [
                89.45510130980102,
                21.835068860129297
              ],
              [
                89.46583583608208,
                21.815138644433205
              ],
              [
                89.49374560441265,
                21.7912187222654
              ],
              [
                89.48141721566952,
                21.763951520856267
              ],
              [
                89.45063918191659,
                21.7231112088499
              ],
              [
                89.43832796841554,
                21.710039857929132
              ],
              [
                89.40754993466277,
                21.70513779517006
              ],
              [
                89.37765127330289,
                21.771301543588038
              ],
              [
                89.35214947390767,
                21.80069786793291
              ],
              [
                89.34599386715712,
                21.81947569569394
              ],
              [
                89.37446354837851,
                21.876355425382997
              ],
              [
                89.37583756774262,
                21.89675518848577
              ],
              [
                89.34011306427942,
                21.892930455175815
              ],
              [
                89.32637287063983,
                21.825343261720718
              ],
              [
                89.30164052208846,
                21.784520428352266
              ],
              [
                89.2975184639966,
                21.76027636831344
              ],
              [
                89.30026650272458,
                21.70922285906431
              ],
              [
                89.29339640590479,
                21.68496609307948
              ],
              [
                89.3029046199033,
                21.660194444243302
              ],
              [
                89.30026650272458,
                21.643030559828617
              ],
              [
                89.2492629039341,
                21.625047159083863
              ],
              [
                89.22464047693194,
                21.62259470373766
              ],
              [
                89.20969114625211,
                21.63485656428702
              ],
              [
                89.20353553950156,
                21.65447337623658
              ],
              [
                89.23958980761194,
                21.697784388007392
              ],
              [
                89.23695169043305,
                21.710039857929132
              ],
              [
                89.21408800821672,
                21.7280126591956
              ],
              [
                89.21584675300261,
                21.76313482842403
              ],
              [
                89.2026561671085,
                21.77783458100913
              ],
              [
                89.14901445113946,
                21.7868170215271
              ],
              [
                89.0980108523492,
                21.897010167057886
              ],
              [
                89.0980108523492,
                21.986734258339936
              ],
              [
                89.03645478484356,
                22.094226465379222
              ],
              [
                89.09553761749407,
                22.156595566852786
              ],
              [
                89.0845454625823,
                22.207488635310824
              ],
              [
                89.00760037820038,
                22.293964494793045
              ],
              [
                88.99386018456079,
                22.361327719983365
              ],
              [
                89.00622635883627,
                22.468025338460734
              ],
              [
                88.98149401028508,
                22.535304226989695
              ],
              [
                88.95813568109759,
                22.558146211291955
              ],
              [
                88.95676166173371,
                22.58479041250547
              ],
              [
                88.96637979728143,
                22.60255035097498
              ],
              [
                88.93477735191027,
                22.648208238516872
              ],
              [
                88.95813568109759,
                22.671031492771874
              ],
              [
                88.9636317585535,
                22.697653823541998
              ],
              [
                88.91837499575291,
                22.740904076153868
              ],
              [
                88.92052190100912,
                22.77456009843837
              ],
              [
                88.952725479852,
                22.820081506989084
              ],
              [
                88.95701929036449,
                22.84184723915928
              ],
              [
                88.9376971430587,
                22.86558770263207
              ],
              [
                88.86899617486046,
                22.909101111114694
              ],
              [
                88.89962444050258,
                22.92476391362851
              ],
              [
                88.8669821372768,
                22.94601446948002
              ],
              [
                88.8669821372768,
                22.981251937354102
              ],
              [
                88.90180088717523,
                23.03694959548136
              ],
              [
                88.87432049989587,
                23.083725934101096
              ],
              [
                88.872946480532,
                23.110267430667307
              ],
              [
                88.9265332357266,
                23.13301310979523
              ],
              [
                88.95676166173371,
                23.16712439568431
              ],
              [
                88.97187587473735,
                23.206278490621457
              ],
              [
                88.830351880249,
                23.251733369439705
              ],
              [
                88.81111560915355,
                23.25047094295917
              ],
              [
                88.81111560915355,
                23.22774522318491
              ],
              [
                88.79050531869416,
                23.22774522318491
              ],
              [
                88.72867444731571,
                23.264356976832516
              ],
              [
                88.72756879110875,
                23.322888247504864
              ],
              [
                88.74098694896009,
                23.412190788397652
              ],
              [
                88.77788688305077,
                23.45835813647375
              ],
              [
                88.76111418573674,
                23.495280397174838
              ],
              [
                88.70073247540631,
                23.53219231749972
              ],
              [
                88.64035076507594,
                23.60291121669718
              ],
              [
                88.57661451528276,
                23.639792906728644
              ],
              [
                88.55648727850598,
                23.667447357210563
              ],
              [
                88.58614576986855,
                23.671687256088944
              ],
              [
                88.57320140824453,
                23.708794032293213
              ],
              [
                88.59515054317222,
                23.753617309137496
              ],
              [
                88.57545260157048,
                23.786580907123835
              ],
              [
                88.60134132481852,
                23.79276065164015
              ],
              [
                88.61435603623391,
                23.80608472572368
              ],
              [
                88.60995917426925,
                23.837458484611545
              ],
              [
                88.59237172641048,
                23.868824654853825
              ],
              [
                88.60907980187625,
                23.886515041276596
              ],
              [
                88.62402913255625,
                23.88892717933976
              ],
              [
                88.64073720802202,
                23.873649545475985
              ],
              [
                88.66184214545257,
                23.874453676431415
              ],
              [
                88.73570942645915,
                23.912242194643568
              ],
              [
                88.74626189517448,
                23.925103851168103
              ],
              [
                88.72867444731571,
                24.017509289838358
              ],
              [
                88.7436237779956,
                24.053649886647975
              ],
              [
                88.73483005406626,
                24.072117819668733
              ],
              [
                88.70581076509944,
                24.096202431814277
              ],
              [
                88.69877578595583,
                24.13553089438119
              ],
              [
                88.697896413563,
                24.166022194247375
              ],
              [
                88.71108699945694,
                24.188484810306306
              ],
              [
                88.75329687431793,
                24.182869526958143
              ],
              [
                88.77879867371314,
                24.1507774537896
              ],
              [
                88.80693859028713,
                24.13232086070377
              ],
              [
                88.86937403018561,
                24.12188769484345
              ],
              [
                88.90982516026065,
                24.130715813650113
              ],
              [
                88.97401934485396,
                24.129913282361372
              ],
              [
                88.99512428237563,
                24.113058966908966
              ],
              [
                89.09097587320565,
                23.9636811338587
              ],
              [
                89.15077319592535,
                23.93796422689229
              ],
              [
                89.19737993267921,
                23.93233796995105
              ],
              [
                89.20793240146617,
                23.966091830967116
              ],
              [
                89.25365976589893,
                23.956448772049214
              ],
              [
                89.25893600025665,
                23.89053524639513
              ],
              [
                89.31345708861869,
                23.863999584439682
              ],
              [
                89.32664767451263,
                23.82941465418935
              ],
              [
                89.32488892952102,
                23.786774028778893
              ],
              [
                89.30642210947514,
                23.752973405717853
              ],
              [
                89.30554273700216,
                23.72560456781025
              ],
              [
                89.33016516368104,
                23.68937226884111
              ],
              [
                89.38116876287472,
                23.66279552567812
              ],
              [
                89.42425801012871,
                23.675681894574552
              ],
              [
                89.50780682943252,
                23.544145288624293
              ],
              [
                89.50816701994887,
                23.530936387146085
              ],
              [
                89.4973612922958,
                23.516074787445348
              ],
              [
                89.50276415638257,
                23.49989024837072
              ],
              [
                89.55895394179754,
                23.48799829995221
              ],
              [
                89.58694190238435,
                23.470154494494636
              ],
              [
                89.59397688156378,
                23.420134591920032
              ],
              [
                89.58166566822433,
                23.391889191740745
              ],
              [
                89.58792679990216,
                23.379104150652495
              ],
              [
                89.58229881658741,
                23.360505525002452
              ],
              [
                89.5969315732059,
                23.34397122385093
              ],
              [
                89.6126899261991,
                23.296423640094645
              ],
              [
                89.62619708643933,
                23.28401712593751
              ],
              [
                89.65377420468519,
                23.276262467630715
              ],
              [
                89.63013667476315,
                23.24937615703965
              ],
              [
                89.63126227130482,
                23.234896667387034
              ],
              [
                89.67459774261914,
                23.22455321232661
              ],
              [
                89.69260728955737,
                23.20748475991053
              ],
              [
                89.68979329789988,
                23.171789133709012
              ],
              [
                89.7348171644183,
                23.165580226495535
              ],
              [
                89.73988234940157,
                23.17023693390064
              ],
              [
                89.75197305851657,
                23.141169808384177
              ],
              [
                89.73076501625144,
                23.12717877947273
              ],
              [
                89.69895295330451,
                23.126966782806676
              ],
              [
                89.68166378823605,
                23.1195466938442
              ],
              [
                89.67843647739028,
                23.10852180405891
              ],
              [
                89.73745016001834,
                23.054656453052814
              ],
              [
                89.7523764723606,
                23.014428939957952
              ],
              [
                89.77867041040719,
                22.99718869202968
              ],
              [
                89.81324873976274,
                22.94512304967236
              ],
              [
                89.80964683054492,
                22.893369189277962
              ],
              [
                89.81721084014686,
                22.87478606173954
              ],
              [
                89.83377962302575,
                22.853545087541477
              ],
              [
                89.85611146081874,
                22.84391917815833
              ],
              [
                89.87159967052713,
                22.84026779268521
              ],
              [
                89.90509742759076,
                22.84856625397134
              ],
              [
                89.94530374015164,
                22.833504172682865
              ],
              [
                89.94905872049719,
                22.845001469710667
              ],
              [
                89.99071894699432,
                22.879123707759845
              ],
              [
                90.0254358027081,
                22.896181612044813
              ],
              [
                90.04163700240048,
                22.91110551976385
              ]
            ]
          ]
        ]
      },
      "properties": {
        "id": "wzpdcl",
        "name": "WZPDCL",
        "level": "utility",
        "utility": "WZPDCL",
        "status": "estimated",
        "confidence": "low",
        "color_hex": "#40cbe0",
        "source_url": "https://www.geoboundaries.org/api/current/gbOpen/BGD/ADM1/",
        "source_license": "CC-BY 4.0 (geoBoundaries gbOpen)",
        "retrieved_at": "2026-08-23T10:18:27Z",
        "method": "geoBoundaries ADM1 divisions: Khulna, Barisal, Barishal",
        "notes": "WZPDCL serves only the urban parts of these divisions.",
        "caveat": "Rural addresses inside this shape are almost certainly served by a local Palli Bidyut Samity (BREB), not by this distributor. This polygon is an administrative division standing in for a service territory."
      }
    },
    {
      "type": "Feature",
      "geometry": {
        "type": "MultiPolygon",
        "coordinates": [
          [
            [
              [
                91.48215506926584,
                22.58342731854225
              ],
              [
                91.49696759437421,
                22.553335248680526
              ],
              [
                91.54288642221013,
                22.50681641177016
              ],
              [
                91.56954896740507,
                22.390450884759673
              ],
              [
                91.5132613719934,
                22.34524739858182
              ],
              [
                91.47771131173323,
                22.40414601218646
              ],
              [
                91.3873549085722,
                22.46028191991263
              ],
              [
                91.40216743368057,
                22.531445983021626
              ],
              [
                91.39624242363726,
                22.598470889405405
              ],
              [
                91.33551107069297,
                22.670930492591253
              ],
              [
                91.42882997887574,
                22.646325856158228
              ],
              [
                91.46734254415748,
                22.601205907520296
              ],
              [
                91.46289878662486,
                22.59573581694815
              ],
              [
                91.48215506926584,
                22.58342731854225
              ]
            ]
          ],
          [
            [
              [
                91.25256093008619,
                22.649059922449112
              ],
              [
                91.30884852549787,
                22.62034951230703
              ],
              [
                91.31625478805199,
                22.594368260342776
              ],
              [
                91.3118110305196,
                22.546495226056322
              ],
              [
                91.245154667532,
                22.580691947294326
              ],
              [
                91.23330464744521,
                22.62308409549803
              ],
              [
                91.23626715246695,
                22.650426935180576
              ],
              [
                91.25256093008619,
                22.649059922449112
              ]
            ]
          ],
          [
            [
              [
                91.11433044577495,
                22.69886507340226
              ],
              [
                91.1655225325494,
                22.6630028136463
              ],
              [
                91.18922257272277,
                22.611379697739494
              ],
              [
                91.15509451487316,
                22.568491530347558
              ],
              [
                91.10011042167093,
                22.57024232919389
              ],
              [
                91.07261837506974,
                22.595626412919557
              ],
              [
                91.07451437828354,
                22.649005241656766
              ],
              [
                91.04512632846854,
                22.693617523870273
              ],
              [
                91.05365834293099,
                22.7233509793204
              ],
              [
                91.10674643291935,
                22.711108573822685
              ],
              [
                91.11433044577495,
                22.69886507340226
              ]
            ]
          ],
          [
            [
              [
                91.1968065855782,
                22.765316622221746
              ],
              [
                91.24989467556662,
                22.75220374313801
              ],
              [
                91.24610266913896,
                22.741712533578436
              ],
              [
                91.30487876876879,
                22.711983067674964
              ],
              [
                91.31056677841059,
                22.69099367373167
              ],
              [
                91.28591873663021,
                22.6857458227326
              ],
              [
                91.24325866431798,
                22.707610542552004
              ],
              [
                91.19111857593657,
                22.743461124435044
              ],
              [
                91.1968065855782,
                22.765316622221746
              ]
            ]
          ],
          [
            [
              [
                91.38071889732379,
                22.734717946476906
              ],
              [
                91.37503088768221,
                22.71897881736419
              ],
              [
                91.34564283786705,
                22.73296924378934
              ],
              [
                91.31815079126602,
                22.766190769392892
              ],
              [
                91.35038284590183,
                22.765316622221746
              ],
              [
                91.38071889732379,
                22.734717946476906
              ]
            ]
          ],
          [
            [
              [
                91.15381862471202,
                24.623063937565576
              ],
              [
                91.0700034435103,
                24.616818393199992
              ],
              [
                91.02466080449938,
                24.6005785180663
              ],
              [
                90.89962504222507,
                24.590583701408775
              ],
              [
                90.87764073217693,
                24.580588086322564
              ],
              [
                90.83367211290846,
                24.535597950291503
              ],
              [
                90.7704672218153,
                24.523097826374396
              ],
              [
                90.75260497043467,
                24.51184665121093
              ],
              [
                90.70726233142375,
                24.499344163692797
              ],
              [
                90.67565988605259,
                24.49559317495664
              ],
              [
                90.61520303403819,
                24.508096035538472
              ],
              [
                90.60695891785451,
                24.476836553156716
              ],
              [
                90.63856136322573,
                24.454324916818393
              ],
              [
                90.67016380845581,
                24.443067589711802
              ],
              [
                90.67291184732483,
                24.429307269285744
              ],
              [
                90.66466773114098,
                24.39927954149971
              ],
              [
                90.65230155642939,
                24.381760069582242
              ],
              [
                90.65092753738827,
                24.362986511265262
              ],
              [
                90.66466773114098,
                24.34421016757034
              ],
              [
                90.66878978923279,
                24.32543103935535
              ],
              [
                90.66466773114098,
                24.310405733096104
              ],
              [
                90.64543146004547,
                24.289116835462153
              ],
              [
                90.58634862718327,
                24.281602254498466
              ],
              [
                90.5492501045681,
                24.319170711472964
              ],
              [
                90.48054913636986,
                24.34546201046828
              ],
              [
                90.41734424559712,
                24.315414365947504
              ],
              [
                90.31429279325715,
                24.28410716451708
              ],
              [
                90.27169819304737,
                24.30915354387531
              ],
              [
                90.25933201877166,
                24.33795076746344
              ],
              [
                90.25933201877166,
                24.413043136776196
              ],
              [
                90.23597368958434,
                24.444318453600374
              ],
              [
                90.23322565085641,
                24.4655812380405
              ],
              [
                90.24833986386005,
                24.476836553156716
              ],
              [
                90.24833986386005,
                24.500594468404472
              ],
              [
                90.20574526357706,
                24.524347894876257
              ],
              [
                90.14391439219878,
                24.594331850952585
              ],
              [
                90.13979233370992,
                24.613070916821016
              ],
              [
                90.15353252771456,
                24.636803036935078
              ],
              [
                90.13429625664696,
                24.735430325616562
              ],
              [
                90.11368596619167,
                24.767872858011458
              ],
              [
                90.08757959827625,
                24.791575504241223
              ],
              [
                90.04773303639382,
                24.790328109363884
              ],
              [
                90.0202526492829,
                24.752900433799198
              ],
              [
                89.99002422319126,
                24.72669435145201
              ],
              [
                89.96529187488358,
                24.73792620585715
              ],
              [
                89.93506344887629,
                24.765377579337326
              ],
              [
                89.89521688689473,
                24.75040485495964
              ],
              [
                89.88285071282957,
                24.72544630447942
              ],
              [
                89.87460659678607,
                24.649291815711706
              ],
              [
                89.84300415149073,
                24.624313008999422
              ],
              [
                89.83201199657907,
                24.598079888633322
              ],
              [
                89.79949249825381,
                24.579154710442367
              ],
              [
                89.7971119043604,
                24.652089131020375
              ],
              [
                89.81821684189885,
                24.694440814808786
              ],
              [
                89.8094231182356,
                24.73597942372112
              ],
              [
                89.79887064937992,
                24.76552729744759
              ],
              [
                89.7540226574805,
                24.81342782632197
              ],
              [
                89.73291772005012,
                24.827794377106727
              ],
              [
                89.68894910003752,
                24.838169182841227
              ],
              [
                89.69774282423646,
                24.886041630709315
              ],
              [
                89.66120421439649,
                24.982901593118243
              ],
              [
                89.68482017221459,
                25.134597924896923
              ],
              [
                89.70843613003268,
                25.159862372006955
              ],
              [
                89.72131756156978,
                25.192892600701157
              ],
              [
                89.77284328771844,
                25.23174022785861
              ],
              [
                89.77928400348696,
                25.297752709648023
              ],
              [
                89.76640257194993,
                25.367609116919084
              ],
              [
                89.79001852976802,
                25.390885621165978
              ],
              [
                89.82866282437942,
                25.35402908499219
              ],
              [
                89.83080972963569,
                25.311339057041153
              ],
              [
                89.85657259271,
                25.3016346786128
              ],
              [
                89.93171427667681,
                25.3191020001442
              ],
              [
                90.12922956024659,
                25.237566302059463
              ],
              [
                90.24301553882475,
                25.208433139666
              ],
              [
                90.32459793856009,
                25.179293002316854
              ],
              [
                90.38471128573354,
                25.167634995703963
              ],
              [
                90.47058749598119,
                25.167634995703963
              ],
              [
                90.5521698957167,
                25.17735007863888
              ],
              [
                90.66380896903866,
                25.17540712398892
              ],
              [
                90.68957183211302,
                25.16957807422449
              ],
              [
                90.77974185287309,
                25.1851215875015
              ],
              [
                90.94720046285624,
                25.159862372006955
              ],
              [
                90.97725713644286,
                25.171521121780017
              ],
              [
                91.00476034343649,
                25.191473155838537
              ],
              [
                91.02889313589031,
                25.197991647787433
              ],
              [
                91.19638191933859,
                25.205161585924316
              ],
              [
                91.27634430627518,
                25.216241568771977
              ],
              [
                91.33541561914728,
                25.17941302611075
              ],
              [
                91.38980444990148,
                25.19310281153355
              ],
              [
                91.43987098946985,
                25.168003696767414
              ],
              [
                91.49966268420621,
                25.149746549260556
              ],
              [
                91.52163433106722,
                25.149420503938984
              ],
              [
                91.55837380614616,
                25.171915587119372
              ],
              [
                91.59115118097151,
                25.17876109320133
              ],
              [
                91.62861103791477,
                25.16180961371157
              ],
              [
                91.6754358590938,
                25.150724679998405
              ],
              [
                91.7309052626444,
                25.180390918936325
              ],
              [
                91.75431767323397,
                25.184302411768726
              ],
              [
                91.84832750652424,
                25.176153326691065
              ],
              [
                92.0024892254832,
                25.19310281153355
              ],
              [
                92.08713409453776,
                25.212656978828022
              ],
              [
                92.25277689945864,
                25.11092065813108
              ],
              [
                92.31355911925857,
                25.100218440760784
              ],
              [
                92.33607105251758,
                25.10684373338927
              ],
              [
                92.35464339745653,
                25.070145295437612
              ],
              [
                92.39685327231751,
                25.050772240175377
              ],
              [
                92.43062117220626,
                25.025786675493976
              ],
              [
                92.43399796219501,
                24.99467508813234
              ],
              [
                92.48071022370794,
                24.97631045443063
              ],
              [
                92.48971499701167,
                24.954371325916384
              ],
              [
                92.48915219868019,
                24.926303951439877
              ],
              [
                92.47677063538765,
                24.89159363493974
              ],
              [
                92.45650989545425,
                24.88393563322785
              ],
              [
                92.32256389256213,
                24.87780889000004
              ],
              [
                92.29160998433082,
                24.870660638917286
              ],
              [
                92.27247484106039,
                24.849213405391424
              ],
              [
                92.28260521102715,
                24.826740886662492
              ],
              [
                92.28260521102715,
                24.77462982092476
              ],
              [
                92.23476735285124,
                24.72096321868935
              ],
              [
                92.21169262126068,
                24.656021251584605
              ],
              [
                92.19818546130517,
                24.638117914307372
              ],
              [
                92.19537146964774,
                24.597698093662586
              ],
              [
                92.13121245985906,
                24.531156048848572
              ],
              [
                92.15960079913407,
                24.421801007080546
              ],
              [
                92.09502188902769,
                24.39552557335503
              ],
              [
                92.01120670782598,
                24.40303339808088
              ],
              [
                91.99197043673047,
                24.3967769084652
              ],
              [
                92.01258072718986,
                24.366741445883804
              ],
              [
                91.99197043673047,
                24.351721039315294
              ],
              [
                91.95487191390345,
                24.355476308091625
              ],
              [
                91.92326946853223,
                24.341706444649787
              ],
              [
                91.91914741044042,
                24.327935083936097
              ],
              [
                91.92876554598814,
                24.264066502678418
              ],
              [
                91.92601750726021,
                24.220216540905824
              ],
              [
                91.90403319743677,
                24.18637910801533
              ],
              [
                91.8861709457052,
                24.18011193125949
              ],
              [
                91.80372978386737,
                24.231493688546607
              ],
              [
                91.76800528040434,
                24.24276983727856
              ],
              [
                91.75838714485661,
                24.231493688546607
              ],
              [
                91.77487537722413,
                24.17133736668569
              ],
              [
                91.76800528040434,
                24.160054897420025
              ],
              [
                91.75151704803682,
                24.160054897420025
              ],
              [
                91.65121363446741,
                24.2152041547414
              ],
              [
                91.63472540209989,
                24.208938394704546
              ],
              [
                91.64159549891968,
                24.153786428244302
              ],
              [
                91.6278553052801,
                24.087321757796417
              ],
              [
                91.54404012407838,
                24.08230415577185
              ],
              [
                91.42450043941346,
                24.13247133283255
              ],
              [
                91.40114211022598,
                24.133725260352435
              ],
              [
                91.38190583913052,
                24.117423243770247
              ],
              [
                91.40251612959008,
                24.06223178395811
              ],
              [
                91.39014995531437,
                24.010782001368284
              ],
              [
                91.36816564549093,
                23.991953764397294
              ],
              [
                91.2953987525255,
                24.003486090320507
              ],
              [
                91.23567465146226,
                23.948915325968358
              ],
              [
                91.241362661104,
                23.895188216045938
              ],
              [
                91.23182339493417,
                23.783004333603856
              ],
              [
                91.21404836480406,
                23.774871297912
              ],
              [
                91.1770170520332,
                23.774871297912
              ],
              [
                91.17257329450058,
                23.746401668560736
              ],
              [
                91.1918295771415,
                23.713857327435846
              ],
              [
                91.19479208216325,
                23.670452240044312
              ],
              [
                91.15776076939221,
                23.641959814207667
              ],
              [
                91.1636857794357,
                23.609389445478485
              ],
              [
                91.19034832463063,
                23.548298193306834
              ],
              [
                91.23922965748835,
                23.48989557111014
              ],
              [
                91.29331314916402,
                23.365398167824196
              ],
              [
                91.3278962477849,
                23.251170958231228
              ],
              [
                91.33396345806932,
                23.160276489304408
              ],
              [
                91.35459197303629,
                23.115085102386672
              ],
              [
                91.38250114034452,
                23.08773971308119
              ],
              [
                91.40859014456726,
                23.081600187224808
              ],
              [
                91.41101702868104,
                23.094995154814683
              ],
              [
                91.39160195577097,
                23.161392133284664
              ],
              [
                91.401309492226,
                23.251170958231228
              ],
              [
                91.40919686559573,
                23.270122742866192
              ],
              [
                91.4255783333636,
                23.273466895690206
              ],
              [
                91.4443866852452,
                23.26677850610008
              ],
              [
                91.48443027312209,
                23.23277400290783
              ],
              [
                91.52204697688535,
                23.189280211573305
              ],
              [
                91.51597976660094,
                23.161949951789666
              ],
              [
                91.54129216790733,
                23.01201420486308
              ],
              [
                91.56497855685762,
                22.98127417078217
              ],
              [
                91.5859623676588,
                22.972265300268816
              ],
              [
                91.61777202311458,
                22.986907984510253
              ],
              [
                91.63864710950759,
                22.974553324278702
              ],
              [
                91.66573501923159,
                22.987365542820953
              ],
              [
                91.70176939455251,
                22.98988208582125
              ],
              [
                91.72289299387876,
                23.001777836035103
              ],
              [
                91.81310318864791,
                23.10669233425233
              ],
              [
                91.82242242364475,
                23.12954800321029
              ],
              [
                91.82164582072835,
                23.165609183569075
              ],
              [
                91.81543299739718,
                23.189525600864783
              ],
              [
                91.79689160276797,
                23.206916419948243
              ],
              [
                91.78456758187775,
                23.235666116575317
              ],
              [
                91.77793157062933,
                23.273118550354525
              ],
              [
                91.78361958027091,
                23.292276190809503
              ],
              [
                91.83670767025933,
                23.38454250719201
              ],
              [
                91.88410775060595,
                23.449786504672204
              ],
              [
                91.92107981327655,
                23.452395595039434
              ],
              [
                91.9542598695192,
                23.44456816932916
              ],
              [
                91.96753189201638,
                23.5436812550966
              ],
              [
                91.95046786309155,
                23.594947325055557
              ],
              [
                91.92581982131117,
                23.71998713270807
              ],
              [
                91.95710387433996,
                23.745154285288322
              ],
              [
                91.98554392254817,
                23.743418775644784
              ],
              [
                92.01872397879077,
                23.67745228597107
              ],
              [
                92.0424240189642,
                23.661823760637276
              ],
              [
                92.07370807199317,
                23.660087142487157
              ],
              [
                92.07598327584981,
                23.674153086233616
              ],
              [
                92.10571260624334,
                23.719153930079415
              ],
              [
                92.12755456326698,
                23.736372368979005
              ],
              [
                92.17245191937155,
                23.75469917492734
              ],
              [
                92.19126027125304,
                23.751922551923315
              ],
              [
                92.20824846004933,
                23.74081546782196
              ],
              [
                92.21916943856127,
                23.72359761591116
              ],
              [
                92.21431567033375,
                23.684154614168733
              ],
              [
                92.22280976473189,
                23.658593632432712
              ],
              [
                92.2288769750163,
                23.65970508339899
              ],
              [
                92.23919123249976,
                23.713043614810886
              ],
              [
                92.24768532689797,
                23.72970743663626
              ],
              [
                92.26588695775115,
                23.74525841513156
              ],
              [
                92.28287514654744,
                23.7313737016774
              ],
              [
                92.29197596197389,
                23.71248811741009
              ],
              [
                92.28408858860416,
                23.65470347966601
              ],
              [
                92.31260447694086,
                23.57854436011104
              ],
              [
                92.32410790764004,
                23.481174267031747
              ],
              [
                92.38740104532673,
                23.38212838431815
              ],
              [
                92.37327657978466,
                23.338417362411576
              ],
              [
                92.40076862638568,
                23.310560457321344
              ],
              [
                92.36853657174987,
                23.26702235953462
              ],
              [
                92.36190056050145,
                23.248732113822882
              ],
              [
                92.36664056853607,
                23.14504004635944
              ],
              [
                92.39792462156487,
                23.077030244491027
              ],
              [
                92.40076862638568,
                23.04737417223373
              ],
              [
                92.38939260710248,
                23.02294661951379
              ],
              [
                92.38601772138173,
                22.97662681257924
              ],
              [
                92.39087148960925,
                22.95260546706527
              ],
              [
                92.41332016766154,
                22.9235506998823
              ],
              [
                92.45761080273746,
                22.896166465878537
              ],
              [
                92.46974522330623,
                22.86039097739115
              ],
              [
                92.46712873887111,
                22.7836725372419
              ],
              [
                92.49556878707926,
                22.766190769392722
              ],
              [
                92.53064484653572,
                22.732094884059507
              ],
              [
                92.54202086581893,
                22.625381103346854
              ],
              [
                92.5344368529635,
                22.59475117756142
              ],
              [
                92.53822885939132,
                22.55623531590527
              ],
              [
                92.58380877665263,
                22.31140915857179
              ],
              [
                92.61232466498927,
                22.218202578985654
              ],
              [
                92.60504401264802,
                22.17888001074209
              ],
              [
                92.60625745470486,
                22.125496068953908
              ],
              [
                92.57410124019759,
                22.143480289751665
              ],
              [
                92.64144727435439,
                21.938211819406433
              ],
              [
                92.6475144846388,
                21.89430768604757
              ],
              [
                92.61475154910306,
                21.80758547605444
              ],
              [
                92.60868433881865,
                21.767585448637362
              ],
              [
                92.62449700562235,
                21.51669822595545
              ],
              [
                92.64819704579571,
                21.463772435415763
              ],
              [
                92.66810507954136,
                21.362277621218425
              ],
              [
                92.69085711810777,
                21.303113400040672
              ],
              [
                92.68327310525234,
                21.283681142059834
              ],
              [
                92.64061303294017,
                21.248343186735212
              ],
              [
                92.63018501526392,
                21.243041762017526
              ],
              [
                92.60553697348354,
                21.245692498215533
              ],
              [
                92.5884729445587,
                21.2624793867422
              ],
              [
                92.57330491884773,
                21.30223017131908
              ],
              [
                92.56666890759914,
                21.362277621218425
              ],
              [
                92.5477088754605,
                21.37110605467825
              ],
              [
                92.50125679672072,
                21.35256572983559
              ],
              [
                92.45764872280171,
                21.354331576147786
              ],
              [
                92.42636466977268,
                21.395822836044943
              ],
              [
                92.39887262317171,
                21.44965564209423
              ],
              [
                92.37517258299829,
                21.472594736899225
              ],
              [
                92.35147254282487,
                21.467301420116485
              ],
              [
                92.34009652354166,
                21.451420316014833
              ],
              [
                92.33061650747226,
                21.416122781863805
              ],
              [
                92.31544848176128,
                21.412592559055156
              ],
              [
                92.28606043194628,
                21.41788786127745
              ],
              [
                92.26994440462846,
                21.39140943132378
              ],
              [
                92.26615239820069,
                21.366691904472873
              ],
              [
                92.25382837731047,
                21.349916920474413
              ],
              [
                92.22349232588846,
                21.327841648081744
              ],
              [
                92.2320804620461,
                21.206172503951052
              ],
              [
                92.21266538913602,
                21.18879511886314
              ],
              [
                92.20839407309575,
                21.162725210430096
              ],
              [
                92.27984154140489,
                21.076517021357915
              ],
              [
                92.28644266619426,
                21.037743249531616
              ],
              [
                92.27285211515715,
                21.02252087841987
              ],
              [
                92.272463813699,
                21.004396981361538
              ],
              [
                92.29933245444329,
                20.95471206332752
              ],
              [
                92.3116564753335,
                20.88475671509866
              ],
              [
                92.35147254282487,
                20.781978408033808
              ],
              [
                92.35840850770751,
                20.728256356846828
              ],
              [
                92.28666033921377,
                20.806163368785576
              ],
              [
                92.23574228415384,
                20.87970527375171
              ],
              [
                92.20333988547924,
                20.972662599662044
              ],
              [
                92.1639941156601,
                21.037482345967078
              ],
              [
                92.06910137668478,
                21.160562136103692
              ],
              [
                92.05058572029924,
                21.26197208077184
              ],
              [
                92.02512669276933,
                21.337444799887066
              ],
              [
                92.00198212228753,
                21.380554647621295
              ],
              [
                91.99966766523931,
                21.41934265679089
              ],
              [
                92.00892549343206,
                21.499041207307528
              ],
              [
                91.9094038403602,
                21.503347994929527
              ],
              [
                91.9024604692155,
                21.59160900533186
              ],
              [
                91.90708938331198,
                21.638946414113263
              ],
              [
                91.89690577229993,
                21.708117182600688
              ],
              [
                91.92504957000574,
                21.792041016905102
              ],
              [
                91.93541833758167,
                21.91577332692441
              ],
              [
                91.91468080243004,
                22.050381895331043
              ],
              [
                91.75914928879212,
                22.305511016326818
              ],
              [
                91.75174302623793,
                22.376754408607496
              ],
              [
                91.70286169338044,
                22.491762846871893
              ],
              [
                91.66731163312028,
                22.546495226056322
              ],
              [
                91.59769276511093,
                22.63128751871801
              ],
              [
                91.52659264459089,
                22.696897265883194
              ],
              [
                91.4806738167548,
                22.77067068579646
              ],
              [
                91.4140174537672,
                22.773402269982455
              ],
              [
                91.37698614099628,
                22.825291976228982
              ],
              [
                91.35328610082291,
                22.81710017824821
              ],
              [
                91.32366105060618,
                22.778865274337306
              ],
              [
                91.17257329450092,
                22.837578748948545
              ],
              [
                91.1370232342407,
                22.804811557369476
              ],
              [
                91.06740436623136,
                22.79661852771318
              ],
              [
                90.98593547813545,
                22.85395938658121
              ],
              [
                90.98297297311387,
                22.828022466026937
              ],
              [
                91.04666683107973,
                22.632654708321525
              ],
              [
                91.03926056852555,
                22.594368260342776
              ],
              [
                91.02000428588474,
                22.5478632577059
              ],
              [
                91.0761993030145,
                22.50972429798162
              ],
              [
                91.10860170168911,
                22.473371326586914
              ],
              [
                91.13406072921896,
                22.42845153969921
              ],
              [
                91.14100410036349,
                22.385657271490686
              ],
              [
                91.14100410036349,
                22.2400583749141
              ],
              [
                91.15026192855629,
                22.175775374021043
              ],
              [
                91.12248844397817,
                22.111462962676057
              ],
              [
                91.03685353319537,
                22.09430802784192
              ],
              [
                91.0206523338581,
                22.12003964769707
              ],
              [
                91.0303730534605,
                22.201320678113916
              ],
              [
                91.04222307354712,
                22.23286014344876
              ],
              [
                91.05999810367723,
                22.328806130251394
              ],
              [
                91.05851685116636,
                22.374014951587355
              ],
              [
                91.04074182103642,
                22.449330355350924
              ],
              [
                91.01407927584125,
                22.504079521826327
              ],
              [
                90.93853539778866,
                22.565646434798566
              ],
              [
                90.8200351969216,
                22.75428003287726
              ],
              [
                90.78596638917247,
                22.868973237375428
              ],
              [
                90.71338501614139,
                22.945381644558665
              ],
              [
                90.67635370337052,
                22.96311314863067
              ],
              [
                90.5859973002095,
                23.061276269818507
              ],
              [
                90.57710978506611,
                23.1389380102313
              ],
              [
                90.6431736471277,
                23.220856439747138
              ],
              [
                90.6602376760527,
                23.255700122367614
              ],
              [
                90.65360166478388,
                23.30968983492761
              ],
              [
                90.6363598854125,
                23.34717584600594
              ],
              [
                90.60080982520469,
                23.379811066794332
              ],
              [
                90.59488481517013,
                23.416516086021545
              ],
              [
                90.62599111800199,
                23.493971013154976
              ],
              [
                90.68672247094628,
                23.50347988787513
              ],
              [
                90.7089412585612,
                23.525211881689756
              ],
              [
                90.70005374354372,
                23.570022784212938
              ],
              [
                90.6659849355857,
                23.625675641924374
              ],
              [
                90.6659849355857,
                23.646030541032474
              ],
              [
                90.67635370292163,
                23.67045223990681
              ],
              [
                90.73412255129307,
                23.70843248072623
              ],
              [
                90.73708505600126,
                23.76809337936146
              ],
              [
                90.75930384397714,
                23.79113686055439
              ],
              [
                90.77115386406393,
                23.850759834114626
              ],
              [
                90.80077891428067,
                23.8615974305431
              ],
              [
                90.86299151946173,
                23.85888811662818
              ],
              [
                90.91779786250657,
                23.87378864270181
              ],
              [
                90.94001664991191,
                23.91577180575399
              ],
              [
                90.96816044800516,
                23.950972976319463
              ],
              [
                90.99186048817859,
                23.964509331248507
              ],
              [
                91.00074800299137,
                24.033522619920916
              ],
              [
                91.06147935607083,
                24.079510900640287
              ],
              [
                91.06592311337215,
                24.113315294592667
              ],
              [
                91.04222307323374,
                24.160626450646078
              ],
              [
                91.03926056852538,
                24.18495108183788
              ],
              [
                91.05999810333759,
                24.20656908381949
              ],
              [
                91.09406691142635,
                24.201164927014588
              ],
              [
                91.1162856990889,
                24.21332395783037
              ],
              [
                91.13554198172983,
                24.23358643062562
              ],
              [
                91.21485034860575,
                24.24362662649338
              ],
              [
                91.20059024386143,
                24.282303634049015
              ],
              [
                91.17508844446621,
                24.305547169852787
              ],
              [
                91.19883149890802,
                24.326382581794178
              ],
              [
                91.22960953282825,
                24.333594042423726
              ],
              [
                91.24104137393647,
                24.343208684341903
              ],
              [
                91.22785078804236,
                24.381659950957783
              ],
              [
                91.25687007700935,
                24.400080373598826
              ],
              [
                91.2234539260777,
                24.432109492676148
              ],
              [
                91.24280011872236,
                24.4641304797791
              ],
              [
                91.2216951812918,
                24.48574004496686
              ],
              [
                91.19971087141772,
                24.469733315754183
              ],
              [
                91.16189785857222,
                24.48253886201934
              ],
              [
                91.17772656136958,
                24.50494543153434
              ],
              [
                91.23625978635636,
                24.533098025077265
              ],
              [
                91.23900782527778,
                24.564343510426568
              ],
              [
                91.2115274379986,
                24.594331850952585
              ],
              [
                91.20328332181475,
                24.629309169921555
              ],
              [
                91.19229116690298,
                24.641798698371247
              ],
              [
                91.15381862471202,
                24.623063937565576
              ]
            ]
          ],
          [
            [
              [
                92.31129395952001,
                20.632010771956516
              ],
              [
                92.30508113618885,
                20.621471897086508
              ],
              [
                92.28644266619517,
                20.655993076483696
              ],
              [
                92.28993737931881,
                20.668346120557374
              ],
              [
                92.30003321723223,
                20.6752488547084
              ],
              [
                92.3140802126274,
                20.666368642042414
              ],
              [
                92.31129395952001,
                20.632010771956516
              ]
            ]
          ],
          [
            [
              [
                92.31440037118551,
                20.666892873388406
              ],
              [
                92.31440037118551,
                20.666166244589817
              ],
              [
                92.3140802126274,
                20.666368642042414
              ],
              [
                92.31440037118551,
                20.666892873388406
              ]
            ]
          ],
          [
            [
              [
                91.83875535373068,
                21.77829077506857
              ],
              [
                91.85270993738476,
                21.87347663570847
              ],
              [
                91.83693519064536,
                21.89205582727982
              ],
              [
                91.83086798036095,
                21.915698570009795
              ],
              [
                91.87394517338015,
                21.930332587193618
              ],
              [
                91.89032664114785,
                21.920764361572026
              ],
              [
                91.90064089863137,
                21.87910694928189
              ],
              [
                91.90124761965978,
                21.820540836787472
              ],
              [
                91.89032664114785,
                21.790685417867962
              ],
              [
                91.85695698458386,
                21.754061789337413
              ],
              [
                91.84603600607193,
                21.758569817343073
              ],
              [
                91.83875535373068,
                21.77829077506857
              ]
            ]
          ]
        ]
      },
      "properties": {
        "id": "bpdb",
        "name": "BPDB",
        "level": "utility",
        "utility": "BPDB",
        "status": "estimated",
        "confidence": "low",
        "color_hex": "#ff9f0a",
        "source_url": "https://www.geoboundaries.org/api/current/gbOpen/BGD/ADM1/",
        "source_license": "CC-BY 4.0 (geoBoundaries gbOpen)",
        "retrieved_at": "2026-08-23T10:18:27Z",
        "method": "geoBoundaries ADM1 divisions: Chittagong, Chattogram, Sylhet, Mymensingh",
        "notes": "BPDB distributes in the urban parts of these divisions.",
        "caveat": "Rural addresses inside this shape are almost certainly served by a local Palli Bidyut Samity (BREB), not by this distributor. This polygon is an administrative division standing in for a service territory."
      }
    }
  ]
}
